===== [2026年 08月 27日 星期四 15:17:14 CST] baseline 开始 =====
[2026-08-27 15:17:21,269][numexpr.utils][INFO] - Note: NumExpr detected 48 cores but "NUMEXPR_MAX_THREADS" not set, so enforcing safe limit of 16.
[2026-08-27 15:17:21,269][numexpr.utils][INFO] - NumExpr defaulting to 16 threads.
[transformers] `torch_dtype` is deprecated! Use `dtype` instead!
Loading weights:   0%|          | 0/617 [00:00<?, ?it/s]Loading weights:  38%|███▊      | 233/617 [00:00<00:00, 2328.51it/s]Loading weights:  78%|███████▊  | 483/617 [00:00<00:00, 2426.21it/s]Loading weights: 100%|██████████| 617/617 [00:00<00:00, 2587.05it/s]
[2026-08-27 15:17:28,397][httpx][INFO] - HTTP Request: HEAD https://hf-mirror.com/datasets/lmms-lab-encoder/MMBench/resolve/main/README.md "HTTP/1.1 307 Temporary Redirect"
[2026-08-27 15:17:28,562][httpx][INFO] - HTTP Request: HEAD https://hf-mirror.com/api/resolve-cache/datasets/lmms-lab-encoder/MMBench/56ba1af8954932c4804bd3f522e05ed96e63b654/README.md "HTTP/1.1 200 OK"
[2026-08-27 15:17:28,877][httpx][INFO] - HTTP Request: HEAD https://hf-mirror.com/datasets/lmms-lab-encoder/MMBench/resolve/56ba1af8954932c4804bd3f522e05ed96e63b654/MMBench.py "HTTP/1.1 404 Not Found"
Warning: You are sending unauthenticated requests to the HF Hub. Please set a HF_TOKEN to enable higher rate limits and faster downloads.
[2026-08-27 15:17:28,878][huggingface_hub.utils._http][WARNING] - Warning: You are sending unauthenticated requests to the HF Hub. Please set a HF_TOKEN to enable higher rate limits and faster downloads.
[2026-08-27 15:17:29,650][httpx][INFO] - HTTP Request: HEAD https://s3.amazonaws.com/datasets.huggingface.co/datasets/datasets/lmms-lab-encoder/MMBench/lmms-lab-encoder/MMBench.py "HTTP/1.1 404 Not Found"
[2026-08-27 15:17:30,990][httpx][INFO] - HTTP Request: GET https://hf-mirror.com/api/datasets/lmms-lab-encoder/MMBench/revision/56ba1af8954932c4804bd3f522e05ed96e63b654 "HTTP/1.1 200 OK"
[2026-08-27 15:17:31,254][httpx][INFO] - HTTP Request: HEAD https://hf-mirror.com/datasets/lmms-lab-encoder/MMBench/resolve/56ba1af8954932c4804bd3f522e05ed96e63b654/.huggingface.yaml "HTTP/1.1 404 Not Found"
[2026-08-27 15:17:32,515][httpx][INFO] - HTTP Request: GET https://hf-mirror.com/api/datasets/lmms-lab-encoder/MMBench/tree/56ba1af8954932c4804bd3f522e05ed96e63b654/cc?recursive=true&expand=false "HTTP/1.1 200 OK"
[2026-08-27 15:17:32,931][httpx][INFO] - HTTP Request: GET https://hf-mirror.com/api/datasets/lmms-lab-encoder/MMBench/tree/56ba1af8954932c4804bd3f522e05ed96e63b654?recursive=false&expand=false "HTTP/1.1 200 OK"
[2026-08-27 15:17:33,502][httpx][INFO] - HTTP Request: HEAD https://hf-mirror.com/datasets/lmms-lab-encoder/MMBench/resolve/56ba1af8954932c4804bd3f522e05ed96e63b654/dataset_infos.json "HTTP/1.1 404 Not Found"
[2026-08-27 15:17:33,891][httpx][INFO] - HTTP Request: GET https://hf-mirror.com/api/datasets/lmms-lab-encoder/MMBench/tree/56ba1af8954932c4804bd3f522e05ed96e63b654/cn?recursive=true&expand=false "HTTP/1.1 200 OK"
Model: /home/jxy/TTL/Qwen3.5-2B
Strategy: none (online.enabled=False), backend=hf, enable_thinking=False
Dataset: lmms-lab-encoder/MMBench cn dev, n=4329
[1/4329] acc=1.0000 pred=B gold=B loss=None (2.2s/sample)
[20/4329] acc=0.8000 pred=A gold=A loss=None (0.7s/sample)
[40/4329] acc=0.7000 pred=A gold=A loss=None (0.6s/sample)
[60/4329] acc=0.7000 pred=A gold=A loss=None (0.6s/sample)
[80/4329] acc=0.7500 pred=B gold=B loss=None (0.6s/sample)
[100/4329] acc=0.7600 pred=B gold=C loss=None (0.6s/sample)
[120/4329] acc=0.7250 pred=C gold=C loss=None (0.6s/sample)
[140/4329] acc=0.7214 pred=B gold=A loss=None (0.6s/sample)
[160/4329] acc=0.7312 pred=B gold=B loss=None (0.6s/sample)
[180/4329] acc=0.7333 pred=A gold=A loss=None (0.6s/sample)
[200/4329] acc=0.7350 pred=B gold=A loss=None (0.6s/sample)
[220/4329] acc=0.7045 pred=A gold=C loss=None (0.6s/sample)
[240/4329] acc=0.6708 pred=A gold=D loss=None (0.6s/sample)
[260/4329] acc=0.6885 pred=D gold=D loss=None (0.7s/sample)
[280/4329] acc=0.7107 pred=D gold=D loss=None (0.7s/sample)
[300/4329] acc=0.7300 pred=A gold=A loss=None (0.7s/sample)
[320/4329] acc=0.7438 pred=B gold=B loss=None (0.7s/sample)
[340/4329] acc=0.7588 pred=A gold=A loss=None (0.7s/sample)
[360/4329] acc=0.7639 pred=C gold=C loss=None (0.7s/sample)
[380/4329] acc=0.7605 pred=C gold=B loss=None (0.7s/sample)
[400/4329] acc=0.7600 pred=C gold=C loss=None (0.7s/sample)
[420/4329] acc=0.7571 pred=C gold=A loss=None (0.7s/sample)
[440/4329] acc=0.7636 pred=C gold=C loss=None (0.7s/sample)
[460/4329] acc=0.7609 pred=B gold=A loss=None (0.7s/sample)
[480/4329] acc=0.7583 pred=B gold=D loss=None (0.7s/sample)
[500/4329] acc=0.7640 pred=A gold=A loss=None (0.7s/sample)
[520/4329] acc=0.7731 pred=D gold=D loss=None (0.7s/sample)
[540/4329] acc=0.7685 pred=B gold=B loss=None (0.7s/sample)
[560/4329] acc=0.7643 pred=A gold=A loss=None (0.7s/sample)
[580/4329] acc=0.7621 pred=A gold=A loss=None (0.7s/sample)
[600/4329] acc=0.7683 pred=A gold=A loss=None (0.7s/sample)
[620/4329] acc=0.7742 pred=C gold=B loss=None (0.7s/sample)
[640/4329] acc=0.7781 pred=C gold=C loss=None (0.7s/sample)
[660/4329] acc=0.7773 pred=C gold=C loss=None (0.7s/sample)
[680/4329] acc=0.7838 pred=D gold=D loss=None (0.7s/sample)
[700/4329] acc=0.7886 pred=B gold=B loss=None (0.7s/sample)
[720/4329] acc=0.7944 pred=D gold=D loss=None (0.7s/sample)
[740/4329] acc=0.8000 pred=A gold=A loss=None (0.7s/sample)
[760/4329] acc=0.8039 pred=B gold=B loss=None (0.7s/sample)
[780/4329] acc=0.8077 pred=D gold=D loss=None (0.7s/sample)
[800/4329] acc=0.8125 pred=A gold=A loss=None (0.7s/sample)
[820/4329] acc=0.8171 pred=A gold=A loss=None (0.7s/sample)
[840/4329] acc=0.8190 pred=C gold=C loss=None (0.7s/sample)
[860/4329] acc=0.8209 pred=C gold=C loss=None (0.7s/sample)
[880/4329] acc=0.8182 pred=D gold=D loss=None (0.7s/sample)
[900/4329] acc=0.8178 pred=C gold=C loss=None (0.6s/sample)
[920/4329] acc=0.8217 pred=A gold=A loss=None (0.6s/sample)
[940/4329] acc=0.8213 pred=C gold=C loss=None (0.6s/sample)
[960/4329] acc=0.8177 pred=A gold=A loss=None (0.7s/sample)
[980/4329] acc=0.8173 pred=B gold=B loss=None (0.7s/sample)
[1000/4329] acc=0.8160 pred=C gold=C loss=None (0.7s/sample)
[1020/4329] acc=0.8186 pred=A gold=A loss=None (0.7s/sample)
[1040/4329] acc=0.8202 pred=B gold=B loss=None (0.7s/sample)
[1060/4329] acc=0.8236 pred=C gold=C loss=None (0.7s/sample)
[1080/4329] acc=0.8176 pred=A gold=D loss=None (0.7s/sample)
[1100/4329] acc=0.8109 pred=C gold=C loss=None (0.7s/sample)
[1120/4329] acc=0.8134 pred=A gold=A loss=None (0.7s/sample)
[1140/4329] acc=0.8105 pred=C gold=A loss=None (0.7s/sample)
[1160/4329] acc=0.8069 pred=D gold=A loss=None (0.7s/sample)
[1180/4329] acc=0.8068 pred=B gold=B loss=None (0.7s/sample)
[1200/4329] acc=0.8042 pred=A gold=B loss=None (0.7s/sample)
[1220/4329] acc=0.8041 pred=B gold=B loss=None (0.7s/sample)
[1240/4329] acc=0.8040 pred=B gold=B loss=None (0.6s/sample)
[1260/4329] acc=0.8063 pred=B gold=A loss=None (0.6s/sample)
[1280/4329] acc=0.8055 pred=B gold=B loss=None (0.6s/sample)
[1300/4329] acc=0.8038 pred=B gold=B loss=None (0.6s/sample)
[1320/4329] acc=0.8045 pred=B gold=B loss=None (0.6s/sample)
[1340/4329] acc=0.8037 pred=C gold=C loss=None (0.6s/sample)
[1360/4329] acc=0.8044 pred=C gold=C loss=None (0.6s/sample)
[1380/4329] acc=0.8000 pred=B gold=B loss=None (0.6s/sample)
[1400/4329] acc=0.7936 pred=B gold=D loss=None (0.6s/sample)
[1420/4329] acc=0.7930 pred=C gold=C loss=None (0.6s/sample)
[1440/4329] acc=0.7958 pred=A gold=A loss=None (0.6s/sample)
[1460/4329] acc=0.7986 pred=D gold=D loss=None (0.6s/sample)
[1480/4329] acc=0.8000 pred=B gold=B loss=None (0.6s/sample)
[1500/4329] acc=0.8020 pred=B gold=B loss=None (0.6s/sample)
[1520/4329] acc=0.8033 pred=B gold=B loss=None (0.6s/sample)
[1540/4329] acc=0.8039 pred=C gold=C loss=None (0.6s/sample)
[1560/4329] acc=0.8064 pred=B gold=B loss=None (0.6s/sample)
[1580/4329] acc=0.8070 pred=D gold=C loss=None (0.6s/sample)
[1600/4329] acc=0.8075 pred=A gold=A loss=None (0.6s/sample)
[1620/4329] acc=0.8080 pred=B gold=B loss=None (0.6s/sample)
[1640/4329] acc=0.8067 pred=D gold=A loss=None (0.6s/sample)
[1660/4329] acc=0.8066 pred=B gold=B loss=None (0.6s/sample)
[1680/4329] acc=0.8089 pred=A gold=A loss=None (0.6s/sample)
[1700/4329] acc=0.8082 pred=C gold=B loss=None (0.6s/sample)
[1720/4329] acc=0.8064 pred=C gold=C loss=None (0.6s/sample)
[1740/4329] acc=0.8040 pred=C gold=D loss=None (0.6s/sample)
[1760/4329] acc=0.8051 pred=D gold=D loss=None (0.6s/sample)
[1780/4329] acc=0.8073 pred=D gold=D loss=None (0.6s/sample)
[1800/4329] acc=0.8078 pred=C gold=B loss=None (0.6s/sample)
[1820/4329] acc=0.8077 pred=C gold=A loss=None (0.6s/sample)
[1840/4329] acc=0.8082 pred=C gold=C loss=None (0.6s/sample)
[1860/4329] acc=0.8097 pred=B gold=B loss=None (0.6s/sample)
[1880/4329] acc=0.8117 pred=B gold=B loss=None (0.6s/sample)
[1900/4329] acc=0.8137 pred=A gold=A loss=None (0.6s/sample)
[1920/4329] acc=0.8156 pred=D gold=D loss=None (0.6s/sample)
[1940/4329] acc=0.8160 pred=B gold=B loss=None (0.6s/sample)
[1960/4329] acc=0.8179 pred=A gold=A loss=None (0.6s/sample)
[1980/4329] acc=0.8197 pred=D gold=D loss=None (0.6s/sample)
[2000/4329] acc=0.8205 pred=C gold=D loss=None (0.6s/sample)
[2020/4329] acc=0.8218 pred=A gold=A loss=None (0.6s/sample)
[2040/4329] acc=0.8196 pred=B gold=B loss=None (0.6s/sample)
[2060/4329] acc=0.8189 pred=C gold=C loss=None (0.6s/sample)
[2080/4329] acc=0.8202 pred=A gold=A loss=None (0.6s/sample)
[2100/4329] acc=0.8200 pred=A gold=A loss=None (0.6s/sample)
[2120/4329] acc=0.8189 pred=B gold=B loss=None (0.6s/sample)
[2140/4329] acc=0.8178 pred=A gold=A loss=None (0.6s/sample)
[2160/4329] acc=0.8167 pred=B gold=B loss=None (0.6s/sample)
[2180/4329] acc=0.8183 pred=C gold=C loss=None (0.6s/sample)
[2200/4329] acc=0.8182 pred=B gold=B loss=None (0.6s/sample)
[2220/4329] acc=0.8198 pred=D gold=D loss=None (0.6s/sample)
[2240/4329] acc=0.8179 pred=A gold=D loss=None (0.6s/sample)
[2260/4329] acc=0.8146 pred=B gold=A loss=None (0.6s/sample)
[2280/4329] acc=0.8154 pred=A gold=A loss=None (0.6s/sample)
[2300/4329] acc=0.8170 pred=B gold=B loss=None (0.6s/sample)
[2320/4329] acc=0.8142 pred=C gold=C loss=None (0.6s/sample)
[2340/4329] acc=0.8150 pred=C gold=A loss=None (0.6s/sample)
[2360/4329] acc=0.8148 pred=B gold=B loss=None (0.6s/sample)
[2380/4329] acc=0.8147 pred=C gold=C loss=None (0.6s/sample)
[2400/4329] acc=0.8150 pred=A gold=A loss=None (0.6s/sample)
[2420/4329] acc=0.8149 pred=C gold=C loss=None (0.6s/sample)
[2440/4329] acc=0.8139 pred=C gold=B loss=None (0.6s/sample)
[2460/4329] acc=0.8106 pred=A gold=B loss=None (0.6s/sample)
[2480/4329] acc=0.8081 pred=A gold=D loss=None (0.6s/sample)
[2500/4329] acc=0.8076 pred=C gold=C loss=None (0.6s/sample)
[2520/4329] acc=0.8091 pred=C gold=C loss=None (0.6s/sample)
[2540/4329] acc=0.8106 pred=A gold=A loss=None (0.6s/sample)
[2560/4329] acc=0.8109 pred=C gold=C loss=None (0.6s/sample)
[2580/4329] acc=0.8120 pred=C gold=C loss=None (0.6s/sample)
[2600/4329] acc=0.8119 pred=C gold=C loss=None (0.6s/sample)
[2620/4329] acc=0.8118 pred=A gold=A loss=None (0.6s/sample)
[2640/4329] acc=0.8114 pred=D gold=D loss=None (0.6s/sample)
[2660/4329] acc=0.8105 pred=D gold=D loss=None (0.6s/sample)
[2680/4329] acc=0.8112 pred=D gold=D loss=None (0.6s/sample)
[2700/4329] acc=0.8100 pred=A gold=B loss=None (0.6s/sample)
[2720/4329] acc=0.8096 pred=A gold=C loss=None (0.6s/sample)
[2740/4329] acc=0.8106 pred=C gold=C loss=None (0.6s/sample)
[2760/4329] acc=0.8120 pred=B gold=B loss=None (0.6s/sample)
[2780/4329] acc=0.8101 pred=D gold=C loss=None (0.6s/sample)
[2800/4329] acc=0.8086 pred=D gold=D loss=None (0.6s/sample)
[2820/4329] acc=0.8082 pred=B gold=B loss=None (0.6s/sample)
[2840/4329] acc=0.8088 pred=C gold=C loss=None (0.6s/sample)
[2860/4329] acc=0.8101 pred=D gold=D loss=None (0.6s/sample)
[2880/4329] acc=0.8108 pred=B gold=B loss=None (0.6s/sample)
[2900/4329] acc=0.8090 pred=D gold=A loss=None (0.6s/sample)
[2920/4329] acc=0.8099 pred=B gold=B loss=None (0.6s/sample)
[2940/4329] acc=0.8109 pred=A gold=A loss=None (0.6s/sample)
[2960/4329] acc=0.8122 pred=B gold=B loss=None (0.6s/sample)
[2980/4329] acc=0.8134 pred=D gold=D loss=None (0.6s/sample)
[3000/4329] acc=0.8143 pred=C gold=C loss=None (0.6s/sample)
[3020/4329] acc=0.8152 pred=A gold=A loss=None (0.6s/sample)
[3040/4329] acc=0.8164 pred=D gold=D loss=None (0.6s/sample)
[3060/4329] acc=0.8176 pred=D gold=D loss=None (0.6s/sample)
[3080/4329] acc=0.8182 pred=C gold=C loss=None (0.6s/sample)
[3100/4329] acc=0.8184 pred=D gold=B loss=None (0.6s/sample)
[3120/4329] acc=0.8173 pred=D gold=D loss=None (0.6s/sample)
[3140/4329] acc=0.8175 pred=B gold=B loss=None (0.6s/sample)
[3160/4329] acc=0.8187 pred=D gold=D loss=None (0.6s/sample)
[3180/4329] acc=0.8179 pred=A gold=C loss=None (0.6s/sample)
[3200/4329] acc=0.8166 pred=C gold=C loss=None (0.6s/sample)
[3220/4329] acc=0.8161 pred=A gold=A loss=None (0.6s/sample)
[3240/4329] acc=0.8157 pred=A gold=A loss=None (0.6s/sample)
[3260/4329] acc=0.8166 pred=D gold=D loss=None (0.6s/sample)
[3280/4329] acc=0.8168 pred=A gold=A loss=None (0.6s/sample)
[3300/4329] acc=0.8179 pred=B gold=B loss=None (0.6s/sample)
[3320/4329] acc=0.8163 pred=C gold=C loss=None (0.6s/sample)
[3340/4329] acc=0.8144 pred=D gold=D loss=None (0.6s/sample)
[3360/4329] acc=0.8155 pred=C gold=C loss=None (0.6s/sample)
[3380/4329] acc=0.8154 pred=B gold=D loss=None (0.6s/sample)
[3400/4329] acc=0.8141 pred=C gold=C loss=None (0.6s/sample)
[3420/4329] acc=0.8143 pred=D gold=D loss=None (0.6s/sample)
[3440/4329] acc=0.8154 pred=D gold=D loss=None (0.6s/sample)
[3460/4329] acc=0.8165 pred=B gold=B loss=None (0.6s/sample)
[3480/4329] acc=0.8170 pred=D gold=D loss=None (0.6s/sample)
[3500/4329] acc=0.8174 pred=D gold=D loss=None (0.6s/sample)
[3520/4329] acc=0.8182 pred=D gold=D loss=None (0.6s/sample)
[3540/4329] acc=0.8178 pred=D gold=D loss=None (0.6s/sample)
[3560/4329] acc=0.8166 pred=D gold=D loss=None (0.6s/sample)
[3580/4329] acc=0.8165 pred=A gold=A loss=None (0.6s/sample)
[3600/4329] acc=0.8164 pred=B gold=B loss=None (0.6s/sample)
[3620/4329] acc=0.8163 pred=B gold=B loss=None (0.6s/sample)
[3640/4329] acc=0.8157 pred=B gold=B loss=None (0.6s/sample)
[3660/4329] acc=0.8153 pred=C gold=C loss=None (0.6s/sample)
[3680/4329] acc=0.8163 pred=A gold=A loss=None (0.6s/sample)
[3700/4329] acc=0.8162 pred=D gold=B loss=None (0.6s/sample)
[3720/4329] acc=0.8148 pred=B gold=B loss=None (0.6s/sample)
[3740/4329] acc=0.8144 pred=B gold=C loss=None (0.6s/sample)
[3760/4329] acc=0.8149 pred=A gold=D loss=None (0.6s/sample)
[3780/4329] acc=0.8159 pred=A gold=A loss=None (0.6s/sample)
[3800/4329] acc=0.8163 pred=D gold=D loss=None (0.6s/sample)
[3820/4329] acc=0.8162 pred=D gold=D loss=None (0.6s/sample)
[3840/4329] acc=0.8164 pred=D gold=D loss=None (0.6s/sample)
[3860/4329] acc=0.8171 pred=D gold=D loss=None (0.6s/sample)
[3880/4329] acc=0.8180 pred=D gold=D loss=None (0.6s/sample)
[3900/4329] acc=0.8187 pred=B gold=B loss=None (0.6s/sample)
[3920/4329] acc=0.8196 pred=A gold=A loss=None (0.6s/sample)
[3940/4329] acc=0.8198 pred=D gold=A loss=None (0.6s/sample)
[3960/4329] acc=0.8207 pred=A gold=A loss=None (0.6s/sample)
[3980/4329] acc=0.8216 pred=A gold=A loss=None (0.6s/sample)
[4000/4329] acc=0.8223 pred=B gold=B loss=None (0.6s/sample)
[4020/4329] acc=0.8229 pred=B gold=B loss=None (0.6s/sample)
[4040/4329] acc=0.8223 pred=D gold=C loss=None (0.6s/sample)
[4060/4329] acc=0.8222 pred=D gold=D loss=None (0.6s/sample)
[4080/4329] acc=0.8230 pred=D gold=D loss=None (0.6s/sample)
[4100/4329] acc=0.8237 pred=B gold=B loss=None (0.6s/sample)
[4120/4329] acc=0.8226 pred=C gold=C loss=None (0.6s/sample)
[4140/4329] acc=0.8217 pred=B gold=B loss=None (0.6s/sample)
[4160/4329] acc=0.8212 pred=B gold=C loss=None (0.6s/sample)
[4180/4329] acc=0.8218 pred=B gold=B loss=None (0.6s/sample)
[4200/4329] acc=0.8212 pred=C gold=C loss=None (0.6s/sample)
[4220/4329] acc=0.8220 pred=A gold=A loss=None (0.6s/sample)
[4240/4329] acc=0.8215 pred=D gold=C loss=None (0.6s/sample)
[4260/4329] acc=0.8197 pred=B gold=B loss=None (0.6s/sample)
[4280/4329] acc=0.8196 pred=C gold=C loss=None (0.6s/sample)
[4300/4329] acc=0.8202 pred=D gold=D loss=None (0.6s/sample)
[4320/4329] acc=0.8187 pred=A gold=A loss=None (0.6s/sample)
{
  "overall_acc": 0.817971817971818,
  "correct": 3541,
  "total": 4329,
  "strategy": "none",
  "online_enabled": false,
  "model": "/home/jxy/TTL/Qwen3.5-2B",
  "dataset": "lmms-lab-encoder/MMBench/cn/dev",
  "enable_thinking": false,
  "max_new_tokens": 256,
  "elapsed_sec": 2611.5,
  "category_acc": {
    "action_recognition": 0.9534883720930233,
    "attribute_comparison": 0.8439716312056738,
    "attribute_recognition": 0.8977272727272727,
    "celebrity_recognition": 0.9267676767676768,
    "function_reasoning": 0.868421052631579,
    "future_prediction": 0.6384615384615384,
    "identity_reasoning": 0.9886363636363636,
    "image_emotion": 0.89,
    "image_quality": 0.62,
    "image_scene": 0.9705159705159705,
    "image_style": 0.9245283018867925,
    "image_topic": 0.9428571428571428,
    "nature_relation": 0.659217877094972,
    "object_localization": 0.6825396825396826,
    "ocr": 0.9102564102564102,
    "physical_property_reasoning": 0.593607305936073,
    "physical_relation": 0.6702127659574468,
    "social_relation": 0.9302325581395349,
    "spatial_relationship": 0.5084745762711864,
    "structuralized_imagetext_understanding": 0.6382978723404256
  },
  "l2_category_acc": {
    "attribute_reasoning": 0.8125894134477826,
    "coarse_perception": 0.8963029756537421,
    "finegrained_perception (cross-instance)": 0.776735459662289,
    "finegrained_perception (instance-level)": 0.8496905393457118,
    "logic_reasoning": 0.6383495145631068,
    "relation_reasoning": 0.7662921348314606
  }
}
Results saved to: /home/jxy/mmbench_cn_results/ttl_qwen35_2b/baseline.json (+ /home/jxy/mmbench_cn_results/ttl_qwen35_2b/baseline.jsonl)
===== [2026年 08月 27日 星期四 16:01:07 CST] baseline 结束，退出码 0 =====
===== [2026年 08月 27日 星期四 16:01:07 CST] tent 开始 =====
[2026-08-27 16:01:14,389][numexpr.utils][INFO] - Note: NumExpr detected 48 cores but "NUMEXPR_MAX_THREADS" not set, so enforcing safe limit of 16.
[2026-08-27 16:01:14,389][numexpr.utils][INFO] - NumExpr defaulting to 16 threads.
[transformers] `torch_dtype` is deprecated! Use `dtype` instead!
Loading weights:   0%|          | 0/617 [00:00<?, ?it/s]Loading weights:  35%|███▌      | 218/617 [00:00<00:00, 2155.74it/s]Loading weights:  92%|█████████▏| 566/617 [00:00<00:00, 2879.09it/s]Loading weights: 100%|██████████| 617/617 [00:00<00:00, 2837.02it/s]
trainable params: 417,792 || all params: 2,213,659,456 || trainable%: 0.0189
[2026-08-27 16:01:20,969][httpx][INFO] - HTTP Request: HEAD https://hf-mirror.com/datasets/lmms-lab-encoder/MMBench/resolve/main/README.md "HTTP/1.1 307 Temporary Redirect"
[2026-08-27 16:01:21,084][httpx][INFO] - HTTP Request: HEAD https://hf-mirror.com/api/resolve-cache/datasets/lmms-lab-encoder/MMBench/56ba1af8954932c4804bd3f522e05ed96e63b654/README.md "HTTP/1.1 200 OK"
[2026-08-27 16:01:21,404][httpx][INFO] - HTTP Request: HEAD https://hf-mirror.com/datasets/lmms-lab-encoder/MMBench/resolve/56ba1af8954932c4804bd3f522e05ed96e63b654/MMBench.py "HTTP/1.1 404 Not Found"
[2026-08-27 16:01:22,911][httpx][INFO] - HTTP Request: HEAD https://s3.amazonaws.com/datasets.huggingface.co/datasets/datasets/lmms-lab-encoder/MMBench/lmms-lab-encoder/MMBench.py "HTTP/1.1 404 Not Found"
[2026-08-27 16:01:23,027][httpx][INFO] - HTTP Request: GET https://hf-mirror.com/api/datasets/lmms-lab-encoder/MMBench/revision/56ba1af8954932c4804bd3f522e05ed96e63b654 "HTTP/1.1 200 OK"
[2026-08-27 16:01:23,354][httpx][INFO] - HTTP Request: HEAD https://hf-mirror.com/datasets/lmms-lab-encoder/MMBench/resolve/56ba1af8954932c4804bd3f522e05ed96e63b654/.huggingface.yaml "HTTP/1.1 404 Not Found"
[2026-08-27 16:01:23,943][httpx][INFO] - HTTP Request: GET https://hf-mirror.com/api/datasets/lmms-lab-encoder/MMBench/tree/56ba1af8954932c4804bd3f522e05ed96e63b654/cc?recursive=true&expand=false "HTTP/1.1 200 OK"
[2026-08-27 16:01:24,065][httpx][INFO] - HTTP Request: GET https://hf-mirror.com/api/datasets/lmms-lab-encoder/MMBench/tree/56ba1af8954932c4804bd3f522e05ed96e63b654?recursive=false&expand=false "HTTP/1.1 200 OK"
[2026-08-27 16:01:24,336][httpx][INFO] - HTTP Request: HEAD https://hf-mirror.com/datasets/lmms-lab-encoder/MMBench/resolve/56ba1af8954932c4804bd3f522e05ed96e63b654/dataset_infos.json "HTTP/1.1 404 Not Found"
[2026-08-27 16:01:24,451][httpx][INFO] - HTTP Request: GET https://hf-mirror.com/api/datasets/lmms-lab-encoder/MMBench/tree/56ba1af8954932c4804bd3f522e05ed96e63b654/cn?recursive=true&expand=false "HTTP/1.1 200 OK"
Model: /home/jxy/TTL/Qwen3.5-2B
Strategy: tent (online.enabled=True), backend=hf, enable_thinking=False
Dataset: lmms-lab-encoder/MMBench cn dev, n=4329
[2026-08-27 16:01:28,250][openttl.online.tta_runner][INFO] - TTA sync LoRA -> SGLang name=tta_v1 path=outputs/online_tta/online_tta_adapters/tta_v1
[1/4329] acc=1.0000 pred=B gold=B loss=1.7342551946640015 (3.7s/sample)
[2026-08-27 16:01:30,014][openttl.online.tta_runner][INFO] - TTA sync LoRA -> SGLang name=tta_v2 path=outputs/online_tta/online_tta_adapters/tta_v2
[2026-08-27 16:01:31,773][openttl.online.tta_runner][INFO] - TTA sync LoRA -> SGLang name=tta_v3 path=outputs/online_tta/online_tta_adapters/tta_v3
[2026-08-27 16:01:33,592][openttl.online.tta_runner][INFO] - TTA sync LoRA -> SGLang name=tta_v4 path=outputs/online_tta/online_tta_adapters/tta_v4
[2026-08-27 16:01:35,360][openttl.online.tta_runner][INFO] - TTA sync LoRA -> SGLang name=tta_v5 path=outputs/online_tta/online_tta_adapters/tta_v5
[2026-08-27 16:01:37,121][openttl.online.tta_runner][INFO] - TTA sync LoRA -> SGLang name=tta_v6 path=outputs/online_tta/online_tta_adapters/tta_v6
[2026-08-27 16:01:38,752][openttl.online.tta_runner][INFO] - TTA sync LoRA -> SGLang name=tta_v7 path=outputs/online_tta/online_tta_adapters/tta_v7
[2026-08-27 16:01:40,354][openttl.online.tta_runner][INFO] - TTA sync LoRA -> SGLang name=tta_v8 path=outputs/online_tta/online_tta_adapters/tta_v8
[2026-08-27 16:01:42,037][openttl.online.tta_runner][INFO] - TTA sync LoRA -> SGLang name=tta_v9 path=outputs/online_tta/online_tta_adapters/tta_v9
[2026-08-27 16:01:43,624][openttl.online.tta_runner][INFO] - TTA sync LoRA -> SGLang name=tta_v10 path=outputs/online_tta/online_tta_adapters/tta_v10
[2026-08-27 16:01:45,201][openttl.online.tta_runner][INFO] - TTA sync LoRA -> SGLang name=tta_v11 path=outputs/online_tta/online_tta_adapters/tta_v11
[2026-08-27 16:01:46,803][openttl.online.tta_runner][INFO] - TTA sync LoRA -> SGLang name=tta_v12 path=outputs/online_tta/online_tta_adapters/tta_v12
[2026-08-27 16:01:48,322][openttl.online.tta_runner][INFO] - TTA sync LoRA -> SGLang name=tta_v13 path=outputs/online_tta/online_tta_adapters/tta_v13
[2026-08-27 16:01:49,990][openttl.online.tta_runner][INFO] - TTA sync LoRA -> SGLang name=tta_v14 path=outputs/online_tta/online_tta_adapters/tta_v14
[2026-08-27 16:01:51,625][openttl.online.tta_runner][INFO] - TTA sync LoRA -> SGLang name=tta_v15 path=outputs/online_tta/online_tta_adapters/tta_v15
[2026-08-27 16:01:53,484][openttl.online.tta_runner][INFO] - TTA sync LoRA -> SGLang name=tta_v16 path=outputs/online_tta/online_tta_adapters/tta_v16
[2026-08-27 16:01:55,341][openttl.online.tta_runner][INFO] - TTA sync LoRA -> SGLang name=tta_v17 path=outputs/online_tta/online_tta_adapters/tta_v17
[2026-08-27 16:01:56,999][openttl.online.tta_runner][INFO] - TTA sync LoRA -> SGLang name=tta_v18 path=outputs/online_tta/online_tta_adapters/tta_v18
[2026-08-27 16:01:58,789][openttl.online.tta_runner][INFO] - TTA sync LoRA -> SGLang name=tta_v19 path=outputs/online_tta/online_tta_adapters/tta_v19
[2026-08-27 16:02:00,584][openttl.online.tta_runner][INFO] - TTA sync LoRA -> SGLang name=tta_v20 path=outputs/online_tta/online_tta_adapters/tta_v20
[20/4329] acc=0.8000 pred=A gold=A loss=0.8788502216339111 (1.8s/sample)
[2026-08-27 16:02:02,224][openttl.online.tta_runner][INFO] - TTA sync LoRA -> SGLang name=tta_v21 path=outputs/online_tta/online_tta_adapters/tta_v21
[2026-08-27 16:02:03,869][openttl.online.tta_runner][INFO] - TTA sync LoRA -> SGLang name=tta_v22 path=outputs/online_tta/online_tta_adapters/tta_v22
[2026-08-27 16:02:05,529][openttl.online.tta_runner][INFO] - TTA sync LoRA -> SGLang name=tta_v23 path=outputs/online_tta/online_tta_adapters/tta_v23
[2026-08-27 16:02:07,191][openttl.online.tta_runner][INFO] - TTA sync LoRA -> SGLang name=tta_v24 path=outputs/online_tta/online_tta_adapters/tta_v24
[2026-08-27 16:02:08,854][openttl.online.tta_runner][INFO] - TTA sync LoRA -> SGLang name=tta_v25 path=outputs/online_tta/online_tta_adapters/tta_v25
[2026-08-27 16:02:10,518][openttl.online.tta_runner][INFO] - TTA sync LoRA -> SGLang name=tta_v26 path=outputs/online_tta/online_tta_adapters/tta_v26
[2026-08-27 16:02:12,276][openttl.online.tta_runner][INFO] - TTA sync LoRA -> SGLang name=tta_v27 path=outputs/online_tta/online_tta_adapters/tta_v27
[2026-08-27 16:02:13,933][openttl.online.tta_runner][INFO] - TTA sync LoRA -> SGLang name=tta_v28 path=outputs/online_tta/online_tta_adapters/tta_v28
[2026-08-27 16:02:15,739][openttl.online.tta_runner][INFO] - TTA sync LoRA -> SGLang name=tta_v29 path=outputs/online_tta/online_tta_adapters/tta_v29
[2026-08-27 16:02:17,444][openttl.online.tta_runner][INFO] - TTA sync LoRA -> SGLang name=tta_v30 path=outputs/online_tta/online_tta_adapters/tta_v30
[2026-08-27 16:02:19,279][openttl.online.tta_runner][INFO] - TTA sync LoRA -> SGLang name=tta_v31 path=outputs/online_tta/online_tta_adapters/tta_v31
[2026-08-27 16:02:21,063][openttl.online.tta_runner][INFO] - TTA sync LoRA -> SGLang name=tta_v32 path=outputs/online_tta/online_tta_adapters/tta_v32
[2026-08-27 16:02:22,711][openttl.online.tta_runner][INFO] - TTA sync LoRA -> SGLang name=tta_v33 path=outputs/online_tta/online_tta_adapters/tta_v33
[2026-08-27 16:02:24,481][openttl.online.tta_runner][INFO] - TTA sync LoRA -> SGLang name=tta_v34 path=outputs/online_tta/online_tta_adapters/tta_v34
[2026-08-27 16:02:26,188][openttl.online.tta_runner][INFO] - TTA sync LoRA -> SGLang name=tta_v35 path=outputs/online_tta/online_tta_adapters/tta_v35
[2026-08-27 16:02:27,790][openttl.online.tta_runner][INFO] - TTA sync LoRA -> SGLang name=tta_v36 path=outputs/online_tta/online_tta_adapters/tta_v36
[2026-08-27 16:02:29,448][openttl.online.tta_runner][INFO] - TTA sync LoRA -> SGLang name=tta_v37 path=outputs/online_tta/online_tta_adapters/tta_v37
[2026-08-27 16:02:31,262][openttl.online.tta_runner][INFO] - TTA sync LoRA -> SGLang name=tta_v38 path=outputs/online_tta/online_tta_adapters/tta_v38
[2026-08-27 16:02:33,034][openttl.online.tta_runner][INFO] - TTA sync LoRA -> SGLang name=tta_v39 path=outputs/online_tta/online_tta_adapters/tta_v39
[2026-08-27 16:02:34,769][openttl.online.tta_runner][INFO] - TTA sync LoRA -> SGLang name=tta_v40 path=outputs/online_tta/online_tta_adapters/tta_v40
[40/4329] acc=0.7000 pred=A gold=A loss=0.05202733725309372 (1.8s/sample)
[2026-08-27 16:02:36,491][openttl.online.tta_runner][INFO] - TTA sync LoRA -> SGLang name=tta_v41 path=outputs/online_tta/online_tta_adapters/tta_v41
[2026-08-27 16:02:38,323][openttl.online.tta_runner][INFO] - TTA sync LoRA -> SGLang name=tta_v42 path=outputs/online_tta/online_tta_adapters/tta_v42
[2026-08-27 16:02:40,120][openttl.online.tta_runner][INFO] - TTA sync LoRA -> SGLang name=tta_v43 path=outputs/online_tta/online_tta_adapters/tta_v43
[2026-08-27 16:02:41,850][openttl.online.tta_runner][INFO] - TTA sync LoRA -> SGLang name=tta_v44 path=outputs/online_tta/online_tta_adapters/tta_v44
[2026-08-27 16:02:43,626][openttl.online.tta_runner][INFO] - TTA sync LoRA -> SGLang name=tta_v45 path=outputs/online_tta/online_tta_adapters/tta_v45
[2026-08-27 16:02:45,341][openttl.online.tta_runner][INFO] - TTA sync LoRA -> SGLang name=tta_v46 path=outputs/online_tta/online_tta_adapters/tta_v46
[2026-08-27 16:02:47,063][openttl.online.tta_runner][INFO] - TTA sync LoRA -> SGLang name=tta_v47 path=outputs/online_tta/online_tta_adapters/tta_v47
[2026-08-27 16:02:48,807][openttl.online.tta_runner][INFO] - TTA sync LoRA -> SGLang name=tta_v48 path=outputs/online_tta/online_tta_adapters/tta_v48
[2026-08-27 16:02:50,587][openttl.online.tta_runner][INFO] - TTA sync LoRA -> SGLang name=tta_v49 path=outputs/online_tta/online_tta_adapters/tta_v49
[2026-08-27 16:02:52,334][openttl.online.tta_runner][INFO] - TTA sync LoRA -> SGLang name=tta_v50 path=outputs/online_tta/online_tta_adapters/tta_v50
[2026-08-27 16:02:54,145][openttl.online.tta_runner][INFO] - TTA sync LoRA -> SGLang name=tta_v51 path=outputs/online_tta/online_tta_adapters/tta_v51
[2026-08-27 16:02:55,938][openttl.online.tta_runner][INFO] - TTA sync LoRA -> SGLang name=tta_v52 path=outputs/online_tta/online_tta_adapters/tta_v52
[2026-08-27 16:02:57,543][openttl.online.tta_runner][INFO] - TTA sync LoRA -> SGLang name=tta_v53 path=outputs/online_tta/online_tta_adapters/tta_v53
[2026-08-27 16:02:59,203][openttl.online.tta_runner][INFO] - TTA sync LoRA -> SGLang name=tta_v54 path=outputs/online_tta/online_tta_adapters/tta_v54
[2026-08-27 16:03:00,916][openttl.online.tta_runner][INFO] - TTA sync LoRA -> SGLang name=tta_v55 path=outputs/online_tta/online_tta_adapters/tta_v55
[2026-08-27 16:03:02,591][openttl.online.tta_runner][INFO] - TTA sync LoRA -> SGLang name=tta_v56 path=outputs/online_tta/online_tta_adapters/tta_v56
[2026-08-27 16:03:04,251][openttl.online.tta_runner][INFO] - TTA sync LoRA -> SGLang name=tta_v57 path=outputs/online_tta/online_tta_adapters/tta_v57
[2026-08-27 16:03:05,979][openttl.online.tta_runner][INFO] - TTA sync LoRA -> SGLang name=tta_v58 path=outputs/online_tta/online_tta_adapters/tta_v58
[2026-08-27 16:03:07,590][openttl.online.tta_runner][INFO] - TTA sync LoRA -> SGLang name=tta_v59 path=outputs/online_tta/online_tta_adapters/tta_v59
[2026-08-27 16:03:09,199][openttl.online.tta_runner][INFO] - TTA sync LoRA -> SGLang name=tta_v60 path=outputs/online_tta/online_tta_adapters/tta_v60
[60/4329] acc=0.6500 pred=A gold=A loss=0.0449354462325573 (1.7s/sample)
[2026-08-27 16:03:10,796][openttl.online.tta_runner][INFO] - TTA sync LoRA -> SGLang name=tta_v61 path=outputs/online_tta/online_tta_adapters/tta_v61
[2026-08-27 16:03:12,458][openttl.online.tta_runner][INFO] - TTA sync LoRA -> SGLang name=tta_v62 path=outputs/online_tta/online_tta_adapters/tta_v62
[2026-08-27 16:03:14,123][openttl.online.tta_runner][INFO] - TTA sync LoRA -> SGLang name=tta_v63 path=outputs/online_tta/online_tta_adapters/tta_v63
[2026-08-27 16:03:15,798][openttl.online.tta_runner][INFO] - TTA sync LoRA -> SGLang name=tta_v64 path=outputs/online_tta/online_tta_adapters/tta_v64
[2026-08-27 16:03:17,476][openttl.online.tta_runner][INFO] - TTA sync LoRA -> SGLang name=tta_v65 path=outputs/online_tta/online_tta_adapters/tta_v65
[2026-08-27 16:03:19,100][openttl.online.tta_runner][INFO] - TTA sync LoRA -> SGLang name=tta_v66 path=outputs/online_tta/online_tta_adapters/tta_v66
[2026-08-27 16:03:20,762][openttl.online.tta_runner][INFO] - TTA sync LoRA -> SGLang name=tta_v67 path=outputs/online_tta/online_tta_adapters/tta_v67
[2026-08-27 16:03:22,408][openttl.online.tta_runner][INFO] - TTA sync LoRA -> SGLang name=tta_v68 path=outputs/online_tta/online_tta_adapters/tta_v68
[2026-08-27 16:03:24,085][openttl.online.tta_runner][INFO] - TTA sync LoRA -> SGLang name=tta_v69 path=outputs/online_tta/online_tta_adapters/tta_v69
[2026-08-27 16:03:25,690][openttl.online.tta_runner][INFO] - TTA sync LoRA -> SGLang name=tta_v70 path=outputs/online_tta/online_tta_adapters/tta_v70
[2026-08-27 16:03:27,404][openttl.online.tta_runner][INFO] - TTA sync LoRA -> SGLang name=tta_v71 path=outputs/online_tta/online_tta_adapters/tta_v71
[2026-08-27 16:03:29,078][openttl.online.tta_runner][INFO] - TTA sync LoRA -> SGLang name=tta_v72 path=outputs/online_tta/online_tta_adapters/tta_v72
[2026-08-27 16:03:30,690][openttl.online.tta_runner][INFO] - TTA sync LoRA -> SGLang name=tta_v73 path=outputs/online_tta/online_tta_adapters/tta_v73
[2026-08-27 16:03:32,321][openttl.online.tta_runner][INFO] - TTA sync LoRA -> SGLang name=tta_v74 path=outputs/online_tta/online_tta_adapters/tta_v74
[2026-08-27 16:03:33,921][openttl.online.tta_runner][INFO] - TTA sync LoRA -> SGLang name=tta_v75 path=outputs/online_tta/online_tta_adapters/tta_v75
[2026-08-27 16:03:35,530][openttl.online.tta_runner][INFO] - TTA sync LoRA -> SGLang name=tta_v76 path=outputs/online_tta/online_tta_adapters/tta_v76
[2026-08-27 16:03:37,197][openttl.online.tta_runner][INFO] - TTA sync LoRA -> SGLang name=tta_v77 path=outputs/online_tta/online_tta_adapters/tta_v77
[2026-08-27 16:03:38,795][openttl.online.tta_runner][INFO] - TTA sync LoRA -> SGLang name=tta_v78 path=outputs/online_tta/online_tta_adapters/tta_v78
[2026-08-27 16:03:40,400][openttl.online.tta_runner][INFO] - TTA sync LoRA -> SGLang name=tta_v79 path=outputs/online_tta/online_tta_adapters/tta_v79
[2026-08-27 16:03:42,008][openttl.online.tta_runner][INFO] - TTA sync LoRA -> SGLang name=tta_v80 path=outputs/online_tta/online_tta_adapters/tta_v80
[80/4329] acc=0.7125 pred=B gold=B loss=0.03811619058251381 (1.7s/sample)
[2026-08-27 16:03:43,591][openttl.online.tta_runner][INFO] - TTA sync LoRA -> SGLang name=tta_v81 path=outputs/online_tta/online_tta_adapters/tta_v81
[2026-08-27 16:03:45,210][openttl.online.tta_runner][INFO] - TTA sync LoRA -> SGLang name=tta_v82 path=outputs/online_tta/online_tta_adapters/tta_v82
[2026-08-27 16:03:46,826][openttl.online.tta_runner][INFO] - TTA sync LoRA -> SGLang name=tta_v83 path=outputs/online_tta/online_tta_adapters/tta_v83
[2026-08-27 16:03:48,475][openttl.online.tta_runner][INFO] - TTA sync LoRA -> SGLang name=tta_v84 path=outputs/online_tta/online_tta_adapters/tta_v84
[2026-08-27 16:03:50,071][openttl.online.tta_runner][INFO] - TTA sync LoRA -> SGLang name=tta_v85 path=outputs/online_tta/online_tta_adapters/tta_v85
[2026-08-27 16:03:51,690][openttl.online.tta_runner][INFO] - TTA sync LoRA -> SGLang name=tta_v86 path=outputs/online_tta/online_tta_adapters/tta_v86
[2026-08-27 16:03:53,316][openttl.online.tta_runner][INFO] - TTA sync LoRA -> SGLang name=tta_v87 path=outputs/online_tta/online_tta_adapters/tta_v87
[2026-08-27 16:03:54,987][openttl.online.tta_runner][INFO] - TTA sync LoRA -> SGLang name=tta_v88 path=outputs/online_tta/online_tta_adapters/tta_v88
[2026-08-27 16:03:56,657][openttl.online.tta_runner][INFO] - TTA sync LoRA -> SGLang name=tta_v89 path=outputs/online_tta/online_tta_adapters/tta_v89
[2026-08-27 16:03:58,591][openttl.online.tta_runner][INFO] - TTA sync LoRA -> SGLang name=tta_v90 path=outputs/online_tta/online_tta_adapters/tta_v90
[2026-08-27 16:04:00,420][openttl.online.tta_runner][INFO] - TTA sync LoRA -> SGLang name=tta_v91 path=outputs/online_tta/online_tta_adapters/tta_v91
[2026-08-27 16:04:02,323][openttl.online.tta_runner][INFO] - TTA sync LoRA -> SGLang name=tta_v92 path=outputs/online_tta/online_tta_adapters/tta_v92
[2026-08-27 16:04:04,149][openttl.online.tta_runner][INFO] - TTA sync LoRA -> SGLang name=tta_v93 path=outputs/online_tta/online_tta_adapters/tta_v93
[2026-08-27 16:04:05,799][openttl.online.tta_runner][INFO] - TTA sync LoRA -> SGLang name=tta_v94 path=outputs/online_tta/online_tta_adapters/tta_v94
[2026-08-27 16:04:07,464][openttl.online.tta_runner][INFO] - TTA sync LoRA -> SGLang name=tta_v95 path=outputs/online_tta/online_tta_adapters/tta_v95
[2026-08-27 16:04:09,102][openttl.online.tta_runner][INFO] - TTA sync LoRA -> SGLang name=tta_v96 path=outputs/online_tta/online_tta_adapters/tta_v96
[2026-08-27 16:04:10,801][openttl.online.tta_runner][INFO] - TTA sync LoRA -> SGLang name=tta_v97 path=outputs/online_tta/online_tta_adapters/tta_v97
[2026-08-27 16:04:12,436][openttl.online.tta_runner][INFO] - TTA sync LoRA -> SGLang name=tta_v98 path=outputs/online_tta/online_tta_adapters/tta_v98
[2026-08-27 16:04:14,067][openttl.online.tta_runner][INFO] - TTA sync LoRA -> SGLang name=tta_v99 path=outputs/online_tta/online_tta_adapters/tta_v99
[2026-08-27 16:04:15,719][openttl.online.tta_runner][INFO] - TTA sync LoRA -> SGLang name=tta_v100 path=outputs/online_tta/online_tta_adapters/tta_v100
[100/4329] acc=0.7300 pred=B gold=C loss=0.039228666573762894 (1.7s/sample)
[2026-08-27 16:04:17,448][openttl.online.tta_runner][INFO] - TTA sync LoRA -> SGLang name=tta_v101 path=outputs/online_tta/online_tta_adapters/tta_v101
[2026-08-27 16:04:19,114][openttl.online.tta_runner][INFO] - TTA sync LoRA -> SGLang name=tta_v102 path=outputs/online_tta/online_tta_adapters/tta_v102
[2026-08-27 16:04:20,948][openttl.online.tta_runner][INFO] - TTA sync LoRA -> SGLang name=tta_v103 path=outputs/online_tta/online_tta_adapters/tta_v103
[2026-08-27 16:04:22,732][openttl.online.tta_runner][INFO] - TTA sync LoRA -> SGLang name=tta_v104 path=outputs/online_tta/online_tta_adapters/tta_v104
[2026-08-27 16:04:24,391][openttl.online.tta_runner][INFO] - TTA sync LoRA -> SGLang name=tta_v105 path=outputs/online_tta/online_tta_adapters/tta_v105
[2026-08-27 16:04:26,058][openttl.online.tta_runner][INFO] - TTA sync LoRA -> SGLang name=tta_v106 path=outputs/online_tta/online_tta_adapters/tta_v106
[2026-08-27 16:04:27,686][openttl.online.tta_runner][INFO] - TTA sync LoRA -> SGLang name=tta_v107 path=outputs/online_tta/online_tta_adapters/tta_v107
[2026-08-27 16:04:29,339][openttl.online.tta_runner][INFO] - TTA sync LoRA -> SGLang name=tta_v108 path=outputs/online_tta/online_tta_adapters/tta_v108
[2026-08-27 16:04:30,963][openttl.online.tta_runner][INFO] - TTA sync LoRA -> SGLang name=tta_v109 path=outputs/online_tta/online_tta_adapters/tta_v109
[2026-08-27 16:04:32,670][openttl.online.tta_runner][INFO] - TTA sync LoRA -> SGLang name=tta_v110 path=outputs/online_tta/online_tta_adapters/tta_v110
[2026-08-27 16:04:34,286][openttl.online.tta_runner][INFO] - TTA sync LoRA -> SGLang name=tta_v111 path=outputs/online_tta/online_tta_adapters/tta_v111
[2026-08-27 16:04:35,925][openttl.online.tta_runner][INFO] - TTA sync LoRA -> SGLang name=tta_v112 path=outputs/online_tta/online_tta_adapters/tta_v112
[2026-08-27 16:04:37,645][openttl.online.tta_runner][INFO] - TTA sync LoRA -> SGLang name=tta_v113 path=outputs/online_tta/online_tta_adapters/tta_v113
[2026-08-27 16:04:39,369][openttl.online.tta_runner][INFO] - TTA sync LoRA -> SGLang name=tta_v114 path=outputs/online_tta/online_tta_adapters/tta_v114
[2026-08-27 16:04:41,024][openttl.online.tta_runner][INFO] - TTA sync LoRA -> SGLang name=tta_v115 path=outputs/online_tta/online_tta_adapters/tta_v115
[2026-08-27 16:04:42,878][openttl.online.tta_runner][INFO] - TTA sync LoRA -> SGLang name=tta_v116 path=outputs/online_tta/online_tta_adapters/tta_v116
[2026-08-27 16:04:44,591][openttl.online.tta_runner][INFO] - TTA sync LoRA -> SGLang name=tta_v117 path=outputs/online_tta/online_tta_adapters/tta_v117
[2026-08-27 16:04:46,309][openttl.online.tta_runner][INFO] - TTA sync LoRA -> SGLang name=tta_v118 path=outputs/online_tta/online_tta_adapters/tta_v118
[2026-08-27 16:04:48,012][openttl.online.tta_runner][INFO] - TTA sync LoRA -> SGLang name=tta_v119 path=outputs/online_tta/online_tta_adapters/tta_v119
[2026-08-27 16:04:49,765][openttl.online.tta_runner][INFO] - TTA sync LoRA -> SGLang name=tta_v120 path=outputs/online_tta/online_tta_adapters/tta_v120
[120/4329] acc=0.7000 pred=C gold=C loss=0.021044785156846046 (1.7s/sample)
[2026-08-27 16:04:51,499][openttl.online.tta_runner][INFO] - TTA sync LoRA -> SGLang name=tta_v121 path=outputs/online_tta/online_tta_adapters/tta_v121
[2026-08-27 16:04:53,317][openttl.online.tta_runner][INFO] - TTA sync LoRA -> SGLang name=tta_v122 path=outputs/online_tta/online_tta_adapters/tta_v122
[2026-08-27 16:04:54,931][openttl.online.tta_runner][INFO] - TTA sync LoRA -> SGLang name=tta_v123 path=outputs/online_tta/online_tta_adapters/tta_v123
[2026-08-27 16:04:56,798][openttl.online.tta_runner][INFO] - TTA sync LoRA -> SGLang name=tta_v124 path=outputs/online_tta/online_tta_adapters/tta_v124
[2026-08-27 16:04:58,558][openttl.online.tta_runner][INFO] - TTA sync LoRA -> SGLang name=tta_v125 path=outputs/online_tta/online_tta_adapters/tta_v125
[2026-08-27 16:05:00,381][openttl.online.tta_runner][INFO] - TTA sync LoRA -> SGLang name=tta_v126 path=outputs/online_tta/online_tta_adapters/tta_v126
[2026-08-27 16:05:02,202][openttl.online.tta_runner][INFO] - TTA sync LoRA -> SGLang name=tta_v127 path=outputs/online_tta/online_tta_adapters/tta_v127
[2026-08-27 16:05:04,123][openttl.online.tta_runner][INFO] - TTA sync LoRA -> SGLang name=tta_v128 path=outputs/online_tta/online_tta_adapters/tta_v128
[2026-08-27 16:05:05,909][openttl.online.tta_runner][INFO] - TTA sync LoRA -> SGLang name=tta_v129 path=outputs/online_tta/online_tta_adapters/tta_v129
[2026-08-27 16:05:07,829][openttl.online.tta_runner][INFO] - TTA sync LoRA -> SGLang name=tta_v130 path=outputs/online_tta/online_tta_adapters/tta_v130
[2026-08-27 16:05:09,397][openttl.online.tta_runner][INFO] - TTA sync LoRA -> SGLang name=tta_v131 path=outputs/online_tta/online_tta_adapters/tta_v131
[2026-08-27 16:05:11,256][openttl.online.tta_runner][INFO] - TTA sync LoRA -> SGLang name=tta_v132 path=outputs/online_tta/online_tta_adapters/tta_v132
[2026-08-27 16:05:12,925][openttl.online.tta_runner][INFO] - TTA sync LoRA -> SGLang name=tta_v133 path=outputs/online_tta/online_tta_adapters/tta_v133
[2026-08-27 16:05:14,640][openttl.online.tta_runner][INFO] - TTA sync LoRA -> SGLang name=tta_v134 path=outputs/online_tta/online_tta_adapters/tta_v134
[2026-08-27 16:05:16,401][openttl.online.tta_runner][INFO] - TTA sync LoRA -> SGLang name=tta_v135 path=outputs/online_tta/online_tta_adapters/tta_v135
[2026-08-27 16:05:18,103][openttl.online.tta_runner][INFO] - TTA sync LoRA -> SGLang name=tta_v136 path=outputs/online_tta/online_tta_adapters/tta_v136
[2026-08-27 16:05:19,951][openttl.online.tta_runner][INFO] - TTA sync LoRA -> SGLang name=tta_v137 path=outputs/online_tta/online_tta_adapters/tta_v137
[2026-08-27 16:05:21,641][openttl.online.tta_runner][INFO] - TTA sync LoRA -> SGLang name=tta_v138 path=outputs/online_tta/online_tta_adapters/tta_v138
[2026-08-27 16:05:23,760][openttl.online.tta_runner][INFO] - TTA sync LoRA -> SGLang name=tta_v139 path=outputs/online_tta/online_tta_adapters/tta_v139
[2026-08-27 16:05:25,484][openttl.online.tta_runner][INFO] - TTA sync LoRA -> SGLang name=tta_v140 path=outputs/online_tta/online_tta_adapters/tta_v140
[140/4329] acc=0.7000 pred=B gold=A loss=0.020086253061890602 (1.7s/sample)
[2026-08-27 16:05:27,355][openttl.online.tta_runner][INFO] - TTA sync LoRA -> SGLang name=tta_v141 path=outputs/online_tta/online_tta_adapters/tta_v141
[2026-08-27 16:05:29,105][openttl.online.tta_runner][INFO] - TTA sync LoRA -> SGLang name=tta_v142 path=outputs/online_tta/online_tta_adapters/tta_v142
[2026-08-27 16:05:30,835][openttl.online.tta_runner][INFO] - TTA sync LoRA -> SGLang name=tta_v143 path=outputs/online_tta/online_tta_adapters/tta_v143
[2026-08-27 16:05:32,565][openttl.online.tta_runner][INFO] - TTA sync LoRA -> SGLang name=tta_v144 path=outputs/online_tta/online_tta_adapters/tta_v144
[2026-08-27 16:05:34,260][openttl.online.tta_runner][INFO] - TTA sync LoRA -> SGLang name=tta_v145 path=outputs/online_tta/online_tta_adapters/tta_v145
[2026-08-27 16:05:35,841][openttl.online.tta_runner][INFO] - TTA sync LoRA -> SGLang name=tta_v146 path=outputs/online_tta/online_tta_adapters/tta_v146
[2026-08-27 16:05:37,421][openttl.online.tta_runner][INFO] - TTA sync LoRA -> SGLang name=tta_v147 path=outputs/online_tta/online_tta_adapters/tta_v147
[2026-08-27 16:05:39,032][openttl.online.tta_runner][INFO] - TTA sync LoRA -> SGLang name=tta_v148 path=outputs/online_tta/online_tta_adapters/tta_v148
[2026-08-27 16:05:40,568][openttl.online.tta_runner][INFO] - TTA sync LoRA -> SGLang name=tta_v149 path=outputs/online_tta/online_tta_adapters/tta_v149
[2026-08-27 16:05:42,141][openttl.online.tta_runner][INFO] - TTA sync LoRA -> SGLang name=tta_v150 path=outputs/online_tta/online_tta_adapters/tta_v150
[2026-08-27 16:05:43,741][openttl.online.tta_runner][INFO] - TTA sync LoRA -> SGLang name=tta_v151 path=outputs/online_tta/online_tta_adapters/tta_v151
[2026-08-27 16:05:45,321][openttl.online.tta_runner][INFO] - TTA sync LoRA -> SGLang name=tta_v152 path=outputs/online_tta/online_tta_adapters/tta_v152
[2026-08-27 16:05:46,927][openttl.online.tta_runner][INFO] - TTA sync LoRA -> SGLang name=tta_v153 path=outputs/online_tta/online_tta_adapters/tta_v153
[2026-08-27 16:05:48,543][openttl.online.tta_runner][INFO] - TTA sync LoRA -> SGLang name=tta_v154 path=outputs/online_tta/online_tta_adapters/tta_v154
[2026-08-27 16:05:50,132][openttl.online.tta_runner][INFO] - TTA sync LoRA -> SGLang name=tta_v155 path=outputs/online_tta/online_tta_adapters/tta_v155
[2026-08-27 16:05:51,835][openttl.online.tta_runner][INFO] - TTA sync LoRA -> SGLang name=tta_v156 path=outputs/online_tta/online_tta_adapters/tta_v156
[2026-08-27 16:05:53,689][openttl.online.tta_runner][INFO] - TTA sync LoRA -> SGLang name=tta_v157 path=outputs/online_tta/online_tta_adapters/tta_v157
[2026-08-27 16:05:55,474][openttl.online.tta_runner][INFO] - TTA sync LoRA -> SGLang name=tta_v158 path=outputs/online_tta/online_tta_adapters/tta_v158
[2026-08-27 16:05:57,211][openttl.online.tta_runner][INFO] - TTA sync LoRA -> SGLang name=tta_v159 path=outputs/online_tta/online_tta_adapters/tta_v159
[2026-08-27 16:05:58,976][openttl.online.tta_runner][INFO] - TTA sync LoRA -> SGLang name=tta_v160 path=outputs/online_tta/online_tta_adapters/tta_v160
[160/4329] acc=0.7188 pred=B gold=B loss=0.015255728736519814 (1.7s/sample)
[2026-08-27 16:06:00,623][openttl.online.tta_runner][INFO] - TTA sync LoRA -> SGLang name=tta_v161 path=outputs/online_tta/online_tta_adapters/tta_v161
[2026-08-27 16:06:02,304][openttl.online.tta_runner][INFO] - TTA sync LoRA -> SGLang name=tta_v162 path=outputs/online_tta/online_tta_adapters/tta_v162
[2026-08-27 16:06:03,938][openttl.online.tta_runner][INFO] - TTA sync LoRA -> SGLang name=tta_v163 path=outputs/online_tta/online_tta_adapters/tta_v163
[2026-08-27 16:06:05,697][openttl.online.tta_runner][INFO] - TTA sync LoRA -> SGLang name=tta_v164 path=outputs/online_tta/online_tta_adapters/tta_v164
[2026-08-27 16:06:07,344][openttl.online.tta_runner][INFO] - TTA sync LoRA -> SGLang name=tta_v165 path=outputs/online_tta/online_tta_adapters/tta_v165
[2026-08-27 16:06:09,249][openttl.online.tta_runner][INFO] - TTA sync LoRA -> SGLang name=tta_v166 path=outputs/online_tta/online_tta_adapters/tta_v166
[2026-08-27 16:06:11,027][openttl.online.tta_runner][INFO] - TTA sync LoRA -> SGLang name=tta_v167 path=outputs/online_tta/online_tta_adapters/tta_v167
[2026-08-27 16:06:12,720][openttl.online.tta_runner][INFO] - TTA sync LoRA -> SGLang name=tta_v168 path=outputs/online_tta/online_tta_adapters/tta_v168
[2026-08-27 16:06:14,464][openttl.online.tta_runner][INFO] - TTA sync LoRA -> SGLang name=tta_v169 path=outputs/online_tta/online_tta_adapters/tta_v169
[2026-08-27 16:06:16,242][openttl.online.tta_runner][INFO] - TTA sync LoRA -> SGLang name=tta_v170 path=outputs/online_tta/online_tta_adapters/tta_v170
[2026-08-27 16:06:17,920][openttl.online.tta_runner][INFO] - TTA sync LoRA -> SGLang name=tta_v171 path=outputs/online_tta/online_tta_adapters/tta_v171
[2026-08-27 16:06:19,569][openttl.online.tta_runner][INFO] - TTA sync LoRA -> SGLang name=tta_v172 path=outputs/online_tta/online_tta_adapters/tta_v172
[2026-08-27 16:06:21,210][openttl.online.tta_runner][INFO] - TTA sync LoRA -> SGLang name=tta_v173 path=outputs/online_tta/online_tta_adapters/tta_v173
[2026-08-27 16:06:22,879][openttl.online.tta_runner][INFO] - TTA sync LoRA -> SGLang name=tta_v174 path=outputs/online_tta/online_tta_adapters/tta_v174
[2026-08-27 16:06:24,584][openttl.online.tta_runner][INFO] - TTA sync LoRA -> SGLang name=tta_v175 path=outputs/online_tta/online_tta_adapters/tta_v175
[2026-08-27 16:06:26,207][openttl.online.tta_runner][INFO] - TTA sync LoRA -> SGLang name=tta_v176 path=outputs/online_tta/online_tta_adapters/tta_v176
[2026-08-27 16:06:27,876][openttl.online.tta_runner][INFO] - TTA sync LoRA -> SGLang name=tta_v177 path=outputs/online_tta/online_tta_adapters/tta_v177
[2026-08-27 16:06:29,527][openttl.online.tta_runner][INFO] - TTA sync LoRA -> SGLang name=tta_v178 path=outputs/online_tta/online_tta_adapters/tta_v178
[2026-08-27 16:06:31,183][openttl.online.tta_runner][INFO] - TTA sync LoRA -> SGLang name=tta_v179 path=outputs/online_tta/online_tta_adapters/tta_v179
[2026-08-27 16:06:32,807][openttl.online.tta_runner][INFO] - TTA sync LoRA -> SGLang name=tta_v180 path=outputs/online_tta/online_tta_adapters/tta_v180
[180/4329] acc=0.7278 pred=A gold=A loss=0.011791754513978958 (1.7s/sample)
[2026-08-27 16:06:34,473][openttl.online.tta_runner][INFO] - TTA sync LoRA -> SGLang name=tta_v181 path=outputs/online_tta/online_tta_adapters/tta_v181
[2026-08-27 16:06:36,117][openttl.online.tta_runner][INFO] - TTA sync LoRA -> SGLang name=tta_v182 path=outputs/online_tta/online_tta_adapters/tta_v182
[2026-08-27 16:06:37,950][openttl.online.tta_runner][INFO] - TTA sync LoRA -> SGLang name=tta_v183 path=outputs/online_tta/online_tta_adapters/tta_v183
[2026-08-27 16:06:39,695][openttl.online.tta_runner][INFO] - TTA sync LoRA -> SGLang name=tta_v184 path=outputs/online_tta/online_tta_adapters/tta_v184
[2026-08-27 16:06:41,325][openttl.online.tta_runner][INFO] - TTA sync LoRA -> SGLang name=tta_v185 path=outputs/online_tta/online_tta_adapters/tta_v185
[2026-08-27 16:06:42,980][openttl.online.tta_runner][INFO] - TTA sync LoRA -> SGLang name=tta_v186 path=outputs/online_tta/online_tta_adapters/tta_v186
[2026-08-27 16:06:44,699][openttl.online.tta_runner][INFO] - TTA sync LoRA -> SGLang name=tta_v187 path=outputs/online_tta/online_tta_adapters/tta_v187
[2026-08-27 16:06:46,404][openttl.online.tta_runner][INFO] - TTA sync LoRA -> SGLang name=tta_v188 path=outputs/online_tta/online_tta_adapters/tta_v188
[2026-08-27 16:06:48,216][openttl.online.tta_runner][INFO] - TTA sync LoRA -> SGLang name=tta_v189 path=outputs/online_tta/online_tta_adapters/tta_v189
[2026-08-27 16:06:49,736][openttl.online.tta_runner][INFO] - TTA sync LoRA -> SGLang name=tta_v190 path=outputs/online_tta/online_tta_adapters/tta_v190
[2026-08-27 16:06:51,510][openttl.online.tta_runner][INFO] - TTA sync LoRA -> SGLang name=tta_v191 path=outputs/online_tta/online_tta_adapters/tta_v191
[2026-08-27 16:06:53,236][openttl.online.tta_runner][INFO] - TTA sync LoRA -> SGLang name=tta_v192 path=outputs/online_tta/online_tta_adapters/tta_v192
[2026-08-27 16:06:55,214][openttl.online.tta_runner][INFO] - TTA sync LoRA -> SGLang name=tta_v193 path=outputs/online_tta/online_tta_adapters/tta_v193
[2026-08-27 16:06:56,931][openttl.online.tta_runner][INFO] - TTA sync LoRA -> SGLang name=tta_v194 path=outputs/online_tta/online_tta_adapters/tta_v194
[2026-08-27 16:06:58,627][openttl.online.tta_runner][INFO] - TTA sync LoRA -> SGLang name=tta_v195 path=outputs/online_tta/online_tta_adapters/tta_v195
[2026-08-27 16:07:00,285][openttl.online.tta_runner][INFO] - TTA sync LoRA -> SGLang name=tta_v196 path=outputs/online_tta/online_tta_adapters/tta_v196
[2026-08-27 16:07:01,935][openttl.online.tta_runner][INFO] - TTA sync LoRA -> SGLang name=tta_v197 path=outputs/online_tta/online_tta_adapters/tta_v197
[2026-08-27 16:07:03,628][openttl.online.tta_runner][INFO] - TTA sync LoRA -> SGLang name=tta_v198 path=outputs/online_tta/online_tta_adapters/tta_v198
[2026-08-27 16:07:05,354][openttl.online.tta_runner][INFO] - TTA sync LoRA -> SGLang name=tta_v199 path=outputs/online_tta/online_tta_adapters/tta_v199
[2026-08-27 16:07:07,255][openttl.online.tta_runner][INFO] - TTA sync LoRA -> SGLang name=tta_v200 path=outputs/online_tta/online_tta_adapters/tta_v200
[200/4329] acc=0.7250 pred=B gold=A loss=0.000753263127990067 (1.7s/sample)
[2026-08-27 16:07:09,118][openttl.online.tta_runner][INFO] - TTA sync LoRA -> SGLang name=tta_v201 path=outputs/online_tta/online_tta_adapters/tta_v201
[2026-08-27 16:07:10,850][openttl.online.tta_runner][INFO] - TTA sync LoRA -> SGLang name=tta_v202 path=outputs/online_tta/online_tta_adapters/tta_v202
[2026-08-27 16:07:12,643][openttl.online.tta_runner][INFO] - TTA sync LoRA -> SGLang name=tta_v203 path=outputs/online_tta/online_tta_adapters/tta_v203
[2026-08-27 16:07:14,328][openttl.online.tta_runner][INFO] - TTA sync LoRA -> SGLang name=tta_v204 path=outputs/online_tta/online_tta_adapters/tta_v204
[2026-08-27 16:07:16,114][openttl.online.tta_runner][INFO] - TTA sync LoRA -> SGLang name=tta_v205 path=outputs/online_tta/online_tta_adapters/tta_v205
[2026-08-27 16:07:17,951][openttl.online.tta_runner][INFO] - TTA sync LoRA -> SGLang name=tta_v206 path=outputs/online_tta/online_tta_adapters/tta_v206
[2026-08-27 16:07:19,616][openttl.online.tta_runner][INFO] - TTA sync LoRA -> SGLang name=tta_v207 path=outputs/online_tta/online_tta_adapters/tta_v207
[2026-08-27 16:07:21,407][openttl.online.tta_runner][INFO] - TTA sync LoRA -> SGLang name=tta_v208 path=outputs/online_tta/online_tta_adapters/tta_v208
[2026-08-27 16:07:23,071][openttl.online.tta_runner][INFO] - TTA sync LoRA -> SGLang name=tta_v209 path=outputs/online_tta/online_tta_adapters/tta_v209
[2026-08-27 16:07:24,727][openttl.online.tta_runner][INFO] - TTA sync LoRA -> SGLang name=tta_v210 path=outputs/online_tta/online_tta_adapters/tta_v210
[2026-08-27 16:07:26,393][openttl.online.tta_runner][INFO] - TTA sync LoRA -> SGLang name=tta_v211 path=outputs/online_tta/online_tta_adapters/tta_v211
[2026-08-27 16:07:28,104][openttl.online.tta_runner][INFO] - TTA sync LoRA -> SGLang name=tta_v212 path=outputs/online_tta/online_tta_adapters/tta_v212
[2026-08-27 16:07:29,803][openttl.online.tta_runner][INFO] - TTA sync LoRA -> SGLang name=tta_v213 path=outputs/online_tta/online_tta_adapters/tta_v213
[2026-08-27 16:07:31,548][openttl.online.tta_runner][INFO] - TTA sync LoRA -> SGLang name=tta_v214 path=outputs/online_tta/online_tta_adapters/tta_v214
[2026-08-27 16:07:33,241][openttl.online.tta_runner][INFO] - TTA sync LoRA -> SGLang name=tta_v215 path=outputs/online_tta/online_tta_adapters/tta_v215
[2026-08-27 16:07:34,900][openttl.online.tta_runner][INFO] - TTA sync LoRA -> SGLang name=tta_v216 path=outputs/online_tta/online_tta_adapters/tta_v216
[2026-08-27 16:07:36,694][openttl.online.tta_runner][INFO] - TTA sync LoRA -> SGLang name=tta_v217 path=outputs/online_tta/online_tta_adapters/tta_v217
[2026-08-27 16:07:38,582][openttl.online.tta_runner][INFO] - TTA sync LoRA -> SGLang name=tta_v218 path=outputs/online_tta/online_tta_adapters/tta_v218
[2026-08-27 16:07:40,525][openttl.online.tta_runner][INFO] - TTA sync LoRA -> SGLang name=tta_v219 path=outputs/online_tta/online_tta_adapters/tta_v219
[2026-08-27 16:07:42,495][openttl.online.tta_runner][INFO] - TTA sync LoRA -> SGLang name=tta_v220 path=outputs/online_tta/online_tta_adapters/tta_v220
[220/4329] acc=0.6864 pred=A gold=C loss=0.0011193809332326055 (1.7s/sample)
[2026-08-27 16:07:44,464][openttl.online.tta_runner][INFO] - TTA sync LoRA -> SGLang name=tta_v221 path=outputs/online_tta/online_tta_adapters/tta_v221
[2026-08-27 16:07:46,444][openttl.online.tta_runner][INFO] - TTA sync LoRA -> SGLang name=tta_v222 path=outputs/online_tta/online_tta_adapters/tta_v222
[2026-08-27 16:07:48,418][openttl.online.tta_runner][INFO] - TTA sync LoRA -> SGLang name=tta_v223 path=outputs/online_tta/online_tta_adapters/tta_v223
[2026-08-27 16:07:50,404][openttl.online.tta_runner][INFO] - TTA sync LoRA -> SGLang name=tta_v224 path=outputs/online_tta/online_tta_adapters/tta_v224
[2026-08-27 16:07:52,309][openttl.online.tta_runner][INFO] - TTA sync LoRA -> SGLang name=tta_v225 path=outputs/online_tta/online_tta_adapters/tta_v225
[2026-08-27 16:07:54,378][openttl.online.tta_runner][INFO] - TTA sync LoRA -> SGLang name=tta_v226 path=outputs/online_tta/online_tta_adapters/tta_v226
[2026-08-27 16:07:56,347][openttl.online.tta_runner][INFO] - TTA sync LoRA -> SGLang name=tta_v227 path=outputs/online_tta/online_tta_adapters/tta_v227
[2026-08-27 16:07:58,323][openttl.online.tta_runner][INFO] - TTA sync LoRA -> SGLang name=tta_v228 path=outputs/online_tta/online_tta_adapters/tta_v228
[2026-08-27 16:08:00,292][openttl.online.tta_runner][INFO] - TTA sync LoRA -> SGLang name=tta_v229 path=outputs/online_tta/online_tta_adapters/tta_v229
[2026-08-27 16:08:02,382][openttl.online.tta_runner][INFO] - TTA sync LoRA -> SGLang name=tta_v230 path=outputs/online_tta/online_tta_adapters/tta_v230
[2026-08-27 16:08:04,408][openttl.online.tta_runner][INFO] - TTA sync LoRA -> SGLang name=tta_v231 path=outputs/online_tta/online_tta_adapters/tta_v231
[2026-08-27 16:08:06,560][openttl.online.tta_runner][INFO] - TTA sync LoRA -> SGLang name=tta_v232 path=outputs/online_tta/online_tta_adapters/tta_v232
[2026-08-27 16:08:08,563][openttl.online.tta_runner][INFO] - TTA sync LoRA -> SGLang name=tta_v233 path=outputs/online_tta/online_tta_adapters/tta_v233
[2026-08-27 16:08:10,540][openttl.online.tta_runner][INFO] - TTA sync LoRA -> SGLang name=tta_v234 path=outputs/online_tta/online_tta_adapters/tta_v234
[2026-08-27 16:08:12,538][openttl.online.tta_runner][INFO] - TTA sync LoRA -> SGLang name=tta_v235 path=outputs/online_tta/online_tta_adapters/tta_v235
[2026-08-27 16:08:14,558][openttl.online.tta_runner][INFO] - TTA sync LoRA -> SGLang name=tta_v236 path=outputs/online_tta/online_tta_adapters/tta_v236
[2026-08-27 16:08:16,584][openttl.online.tta_runner][INFO] - TTA sync LoRA -> SGLang name=tta_v237 path=outputs/online_tta/online_tta_adapters/tta_v237
[2026-08-27 16:08:18,730][openttl.online.tta_runner][INFO] - TTA sync LoRA -> SGLang name=tta_v238 path=outputs/online_tta/online_tta_adapters/tta_v238
[2026-08-27 16:08:20,685][openttl.online.tta_runner][INFO] - TTA sync LoRA -> SGLang name=tta_v239 path=outputs/online_tta/online_tta_adapters/tta_v239
[2026-08-27 16:08:22,703][openttl.online.tta_runner][INFO] - TTA sync LoRA -> SGLang name=tta_v240 path=outputs/online_tta/online_tta_adapters/tta_v240
[240/4329] acc=0.6917 pred=D gold=D loss=0.001461030333302915 (1.7s/sample)
[2026-08-27 16:08:24,765][openttl.online.tta_runner][INFO] - TTA sync LoRA -> SGLang name=tta_v241 path=outputs/online_tta/online_tta_adapters/tta_v241
[2026-08-27 16:08:26,813][openttl.online.tta_runner][INFO] - TTA sync LoRA -> SGLang name=tta_v242 path=outputs/online_tta/online_tta_adapters/tta_v242
[2026-08-27 16:08:28,759][openttl.online.tta_runner][INFO] - TTA sync LoRA -> SGLang name=tta_v243 path=outputs/online_tta/online_tta_adapters/tta_v243
[2026-08-27 16:08:30,774][openttl.online.tta_runner][INFO] - TTA sync LoRA -> SGLang name=tta_v244 path=outputs/online_tta/online_tta_adapters/tta_v244
[2026-08-27 16:08:32,849][openttl.online.tta_runner][INFO] - TTA sync LoRA -> SGLang name=tta_v245 path=outputs/online_tta/online_tta_adapters/tta_v245
[2026-08-27 16:08:34,900][openttl.online.tta_runner][INFO] - TTA sync LoRA -> SGLang name=tta_v246 path=outputs/online_tta/online_tta_adapters/tta_v246
[2026-08-27 16:08:36,858][openttl.online.tta_runner][INFO] - TTA sync LoRA -> SGLang name=tta_v247 path=outputs/online_tta/online_tta_adapters/tta_v247
[2026-08-27 16:08:38,834][openttl.online.tta_runner][INFO] - TTA sync LoRA -> SGLang name=tta_v248 path=outputs/online_tta/online_tta_adapters/tta_v248
[2026-08-27 16:08:40,857][openttl.online.tta_runner][INFO] - TTA sync LoRA -> SGLang name=tta_v249 path=outputs/online_tta/online_tta_adapters/tta_v249
[2026-08-27 16:08:42,924][openttl.online.tta_runner][INFO] - TTA sync LoRA -> SGLang name=tta_v250 path=outputs/online_tta/online_tta_adapters/tta_v250
[2026-08-27 16:08:44,736][openttl.online.tta_runner][INFO] - TTA sync LoRA -> SGLang name=tta_v251 path=outputs/online_tta/online_tta_adapters/tta_v251
[2026-08-27 16:08:46,554][openttl.online.tta_runner][INFO] - TTA sync LoRA -> SGLang name=tta_v252 path=outputs/online_tta/online_tta_adapters/tta_v252
[2026-08-27 16:08:48,383][openttl.online.tta_runner][INFO] - TTA sync LoRA -> SGLang name=tta_v253 path=outputs/online_tta/online_tta_adapters/tta_v253
[2026-08-27 16:08:50,256][openttl.online.tta_runner][INFO] - TTA sync LoRA -> SGLang name=tta_v254 path=outputs/online_tta/online_tta_adapters/tta_v254
[2026-08-27 16:08:51,997][openttl.online.tta_runner][INFO] - TTA sync LoRA -> SGLang name=tta_v255 path=outputs/online_tta/online_tta_adapters/tta_v255
[2026-08-27 16:08:53,751][openttl.online.tta_runner][INFO] - TTA sync LoRA -> SGLang name=tta_v256 path=outputs/online_tta/online_tta_adapters/tta_v256
[2026-08-27 16:08:55,600][openttl.online.tta_runner][INFO] - TTA sync LoRA -> SGLang name=tta_v257 path=outputs/online_tta/online_tta_adapters/tta_v257
[2026-08-27 16:08:57,407][openttl.online.tta_runner][INFO] - TTA sync LoRA -> SGLang name=tta_v258 path=outputs/online_tta/online_tta_adapters/tta_v258
[2026-08-27 16:08:59,284][openttl.online.tta_runner][INFO] - TTA sync LoRA -> SGLang name=tta_v259 path=outputs/online_tta/online_tta_adapters/tta_v259
[2026-08-27 16:09:01,095][openttl.online.tta_runner][INFO] - TTA sync LoRA -> SGLang name=tta_v260 path=outputs/online_tta/online_tta_adapters/tta_v260
[260/4329] acc=0.7077 pred=D gold=D loss=0.00032966380240395665 (1.8s/sample)
[2026-08-27 16:09:02,915][openttl.online.tta_runner][INFO] - TTA sync LoRA -> SGLang name=tta_v261 path=outputs/online_tta/online_tta_adapters/tta_v261
[2026-08-27 16:09:04,653][openttl.online.tta_runner][INFO] - TTA sync LoRA -> SGLang name=tta_v262 path=outputs/online_tta/online_tta_adapters/tta_v262
[2026-08-27 16:09:06,506][openttl.online.tta_runner][INFO] - TTA sync LoRA -> SGLang name=tta_v263 path=outputs/online_tta/online_tta_adapters/tta_v263
[2026-08-27 16:09:08,394][openttl.online.tta_runner][INFO] - TTA sync LoRA -> SGLang name=tta_v264 path=outputs/online_tta/online_tta_adapters/tta_v264
[2026-08-27 16:09:10,256][openttl.online.tta_runner][INFO] - TTA sync LoRA -> SGLang name=tta_v265 path=outputs/online_tta/online_tta_adapters/tta_v265
[2026-08-27 16:09:12,086][openttl.online.tta_runner][INFO] - TTA sync LoRA -> SGLang name=tta_v266 path=outputs/online_tta/online_tta_adapters/tta_v266
[2026-08-27 16:09:13,872][openttl.online.tta_runner][INFO] - TTA sync LoRA -> SGLang name=tta_v267 path=outputs/online_tta/online_tta_adapters/tta_v267
[2026-08-27 16:09:15,682][openttl.online.tta_runner][INFO] - TTA sync LoRA -> SGLang name=tta_v268 path=outputs/online_tta/online_tta_adapters/tta_v268
[2026-08-27 16:09:17,483][openttl.online.tta_runner][INFO] - TTA sync LoRA -> SGLang name=tta_v269 path=outputs/online_tta/online_tta_adapters/tta_v269
[2026-08-27 16:09:19,353][openttl.online.tta_runner][INFO] - TTA sync LoRA -> SGLang name=tta_v270 path=outputs/online_tta/online_tta_adapters/tta_v270
[2026-08-27 16:09:21,142][openttl.online.tta_runner][INFO] - TTA sync LoRA -> SGLang name=tta_v271 path=outputs/online_tta/online_tta_adapters/tta_v271
[2026-08-27 16:09:22,986][openttl.online.tta_runner][INFO] - TTA sync LoRA -> SGLang name=tta_v272 path=outputs/online_tta/online_tta_adapters/tta_v272
[2026-08-27 16:09:24,767][openttl.online.tta_runner][INFO] - TTA sync LoRA -> SGLang name=tta_v273 path=outputs/online_tta/online_tta_adapters/tta_v273
[2026-08-27 16:09:26,574][openttl.online.tta_runner][INFO] - TTA sync LoRA -> SGLang name=tta_v274 path=outputs/online_tta/online_tta_adapters/tta_v274
[2026-08-27 16:09:28,325][openttl.online.tta_runner][INFO] - TTA sync LoRA -> SGLang name=tta_v275 path=outputs/online_tta/online_tta_adapters/tta_v275
[2026-08-27 16:09:30,066][openttl.online.tta_runner][INFO] - TTA sync LoRA -> SGLang name=tta_v276 path=outputs/online_tta/online_tta_adapters/tta_v276
[2026-08-27 16:09:31,864][openttl.online.tta_runner][INFO] - TTA sync LoRA -> SGLang name=tta_v277 path=outputs/online_tta/online_tta_adapters/tta_v277
[2026-08-27 16:09:33,590][openttl.online.tta_runner][INFO] - TTA sync LoRA -> SGLang name=tta_v278 path=outputs/online_tta/online_tta_adapters/tta_v278
[2026-08-27 16:09:35,271][openttl.online.tta_runner][INFO] - TTA sync LoRA -> SGLang name=tta_v279 path=outputs/online_tta/online_tta_adapters/tta_v279
[2026-08-27 16:09:36,994][openttl.online.tta_runner][INFO] - TTA sync LoRA -> SGLang name=tta_v280 path=outputs/online_tta/online_tta_adapters/tta_v280
[280/4329] acc=0.7286 pred=D gold=D loss=0.00031929483520798385 (1.8s/sample)
[2026-08-27 16:09:38,796][openttl.online.tta_runner][INFO] - TTA sync LoRA -> SGLang name=tta_v281 path=outputs/online_tta/online_tta_adapters/tta_v281
[2026-08-27 16:09:40,622][openttl.online.tta_runner][INFO] - TTA sync LoRA -> SGLang name=tta_v282 path=outputs/online_tta/online_tta_adapters/tta_v282
[2026-08-27 16:09:42,456][openttl.online.tta_runner][INFO] - TTA sync LoRA -> SGLang name=tta_v283 path=outputs/online_tta/online_tta_adapters/tta_v283
[2026-08-27 16:09:44,262][openttl.online.tta_runner][INFO] - TTA sync LoRA -> SGLang name=tta_v284 path=outputs/online_tta/online_tta_adapters/tta_v284
[2026-08-27 16:09:46,004][openttl.online.tta_runner][INFO] - TTA sync LoRA -> SGLang name=tta_v285 path=outputs/online_tta/online_tta_adapters/tta_v285
[2026-08-27 16:09:47,794][openttl.online.tta_runner][INFO] - TTA sync LoRA -> SGLang name=tta_v286 path=outputs/online_tta/online_tta_adapters/tta_v286
[2026-08-27 16:09:49,589][openttl.online.tta_runner][INFO] - TTA sync LoRA -> SGLang name=tta_v287 path=outputs/online_tta/online_tta_adapters/tta_v287
[2026-08-27 16:09:51,351][openttl.online.tta_runner][INFO] - TTA sync LoRA -> SGLang name=tta_v288 path=outputs/online_tta/online_tta_adapters/tta_v288
[2026-08-27 16:09:53,198][openttl.online.tta_runner][INFO] - TTA sync LoRA -> SGLang name=tta_v289 path=outputs/online_tta/online_tta_adapters/tta_v289
[2026-08-27 16:09:54,811][openttl.online.tta_runner][INFO] - TTA sync LoRA -> SGLang name=tta_v290 path=outputs/online_tta/online_tta_adapters/tta_v290
[2026-08-27 16:09:56,576][openttl.online.tta_runner][INFO] - TTA sync LoRA -> SGLang name=tta_v291 path=outputs/online_tta/online_tta_adapters/tta_v291
[2026-08-27 16:09:58,338][openttl.online.tta_runner][INFO] - TTA sync LoRA -> SGLang name=tta_v292 path=outputs/online_tta/online_tta_adapters/tta_v292
[2026-08-27 16:10:00,091][openttl.online.tta_runner][INFO] - TTA sync LoRA -> SGLang name=tta_v293 path=outputs/online_tta/online_tta_adapters/tta_v293
[2026-08-27 16:10:01,835][openttl.online.tta_runner][INFO] - TTA sync LoRA -> SGLang name=tta_v294 path=outputs/online_tta/online_tta_adapters/tta_v294
[2026-08-27 16:10:03,634][openttl.online.tta_runner][INFO] - TTA sync LoRA -> SGLang name=tta_v295 path=outputs/online_tta/online_tta_adapters/tta_v295
[2026-08-27 16:10:05,493][openttl.online.tta_runner][INFO] - TTA sync LoRA -> SGLang name=tta_v296 path=outputs/online_tta/online_tta_adapters/tta_v296
[2026-08-27 16:10:07,313][openttl.online.tta_runner][INFO] - TTA sync LoRA -> SGLang name=tta_v297 path=outputs/online_tta/online_tta_adapters/tta_v297
[2026-08-27 16:10:09,139][openttl.online.tta_runner][INFO] - TTA sync LoRA -> SGLang name=tta_v298 path=outputs/online_tta/online_tta_adapters/tta_v298
[2026-08-27 16:10:10,936][openttl.online.tta_runner][INFO] - TTA sync LoRA -> SGLang name=tta_v299 path=outputs/online_tta/online_tta_adapters/tta_v299
[2026-08-27 16:10:12,665][openttl.online.tta_runner][INFO] - TTA sync LoRA -> SGLang name=tta_v300 path=outputs/online_tta/online_tta_adapters/tta_v300
[300/4329] acc=0.7467 pred=A gold=A loss=0.0010590243618935347 (1.8s/sample)
[2026-08-27 16:10:14,458][openttl.online.tta_runner][INFO] - TTA sync LoRA -> SGLang name=tta_v301 path=outputs/online_tta/online_tta_adapters/tta_v301
[2026-08-27 16:10:16,255][openttl.online.tta_runner][INFO] - TTA sync LoRA -> SGLang name=tta_v302 path=outputs/online_tta/online_tta_adapters/tta_v302
[2026-08-27 16:10:18,060][openttl.online.tta_runner][INFO] - TTA sync LoRA -> SGLang name=tta_v303 path=outputs/online_tta/online_tta_adapters/tta_v303
[2026-08-27 16:10:19,850][openttl.online.tta_runner][INFO] - TTA sync LoRA -> SGLang name=tta_v304 path=outputs/online_tta/online_tta_adapters/tta_v304
[2026-08-27 16:10:21,674][openttl.online.tta_runner][INFO] - TTA sync LoRA -> SGLang name=tta_v305 path=outputs/online_tta/online_tta_adapters/tta_v305
[2026-08-27 16:10:23,461][openttl.online.tta_runner][INFO] - TTA sync LoRA -> SGLang name=tta_v306 path=outputs/online_tta/online_tta_adapters/tta_v306
[2026-08-27 16:10:25,249][openttl.online.tta_runner][INFO] - TTA sync LoRA -> SGLang name=tta_v307 path=outputs/online_tta/online_tta_adapters/tta_v307
[2026-08-27 16:10:27,075][openttl.online.tta_runner][INFO] - TTA sync LoRA -> SGLang name=tta_v308 path=outputs/online_tta/online_tta_adapters/tta_v308
[2026-08-27 16:10:28,990][openttl.online.tta_runner][INFO] - TTA sync LoRA -> SGLang name=tta_v309 path=outputs/online_tta/online_tta_adapters/tta_v309
[2026-08-27 16:10:30,784][openttl.online.tta_runner][INFO] - TTA sync LoRA -> SGLang name=tta_v310 path=outputs/online_tta/online_tta_adapters/tta_v310
[2026-08-27 16:10:32,551][openttl.online.tta_runner][INFO] - TTA sync LoRA -> SGLang name=tta_v311 path=outputs/online_tta/online_tta_adapters/tta_v311
[2026-08-27 16:10:34,355][openttl.online.tta_runner][INFO] - TTA sync LoRA -> SGLang name=tta_v312 path=outputs/online_tta/online_tta_adapters/tta_v312
[2026-08-27 16:10:36,096][openttl.online.tta_runner][INFO] - TTA sync LoRA -> SGLang name=tta_v313 path=outputs/online_tta/online_tta_adapters/tta_v313
[2026-08-27 16:10:37,853][openttl.online.tta_runner][INFO] - TTA sync LoRA -> SGLang name=tta_v314 path=outputs/online_tta/online_tta_adapters/tta_v314
[2026-08-27 16:10:39,590][openttl.online.tta_runner][INFO] - TTA sync LoRA -> SGLang name=tta_v315 path=outputs/online_tta/online_tta_adapters/tta_v315
[2026-08-27 16:10:41,350][openttl.online.tta_runner][INFO] - TTA sync LoRA -> SGLang name=tta_v316 path=outputs/online_tta/online_tta_adapters/tta_v316
[2026-08-27 16:10:43,067][openttl.online.tta_runner][INFO] - TTA sync LoRA -> SGLang name=tta_v317 path=outputs/online_tta/online_tta_adapters/tta_v317
[2026-08-27 16:10:44,824][openttl.online.tta_runner][INFO] - TTA sync LoRA -> SGLang name=tta_v318 path=outputs/online_tta/online_tta_adapters/tta_v318
[2026-08-27 16:10:46,614][openttl.online.tta_runner][INFO] - TTA sync LoRA -> SGLang name=tta_v319 path=outputs/online_tta/online_tta_adapters/tta_v319
[2026-08-27 16:10:48,362][openttl.online.tta_runner][INFO] - TTA sync LoRA -> SGLang name=tta_v320 path=outputs/online_tta/online_tta_adapters/tta_v320
[320/4329] acc=0.7562 pred=B gold=B loss=0.00026565807638689876 (1.8s/sample)
[2026-08-27 16:10:50,133][openttl.online.tta_runner][INFO] - TTA sync LoRA -> SGLang name=tta_v321 path=outputs/online_tta/online_tta_adapters/tta_v321
[2026-08-27 16:10:51,901][openttl.online.tta_runner][INFO] - TTA sync LoRA -> SGLang name=tta_v322 path=outputs/online_tta/online_tta_adapters/tta_v322
[2026-08-27 16:10:53,628][openttl.online.tta_runner][INFO] - TTA sync LoRA -> SGLang name=tta_v323 path=outputs/online_tta/online_tta_adapters/tta_v323
[2026-08-27 16:10:55,357][openttl.online.tta_runner][INFO] - TTA sync LoRA -> SGLang name=tta_v324 path=outputs/online_tta/online_tta_adapters/tta_v324
[2026-08-27 16:10:57,132][openttl.online.tta_runner][INFO] - TTA sync LoRA -> SGLang name=tta_v325 path=outputs/online_tta/online_tta_adapters/tta_v325
[2026-08-27 16:10:58,895][openttl.online.tta_runner][INFO] - TTA sync LoRA -> SGLang name=tta_v326 path=outputs/online_tta/online_tta_adapters/tta_v326
[2026-08-27 16:11:00,611][openttl.online.tta_runner][INFO] - TTA sync LoRA -> SGLang name=tta_v327 path=outputs/online_tta/online_tta_adapters/tta_v327
[2026-08-27 16:11:02,332][openttl.online.tta_runner][INFO] - TTA sync LoRA -> SGLang name=tta_v328 path=outputs/online_tta/online_tta_adapters/tta_v328
[2026-08-27 16:11:04,077][openttl.online.tta_runner][INFO] - TTA sync LoRA -> SGLang name=tta_v329 path=outputs/online_tta/online_tta_adapters/tta_v329
[2026-08-27 16:11:05,729][openttl.online.tta_runner][INFO] - TTA sync LoRA -> SGLang name=tta_v330 path=outputs/online_tta/online_tta_adapters/tta_v330
[2026-08-27 16:11:07,440][openttl.online.tta_runner][INFO] - TTA sync LoRA -> SGLang name=tta_v331 path=outputs/online_tta/online_tta_adapters/tta_v331
[2026-08-27 16:11:09,084][openttl.online.tta_runner][INFO] - TTA sync LoRA -> SGLang name=tta_v332 path=outputs/online_tta/online_tta_adapters/tta_v332
[2026-08-27 16:11:10,817][openttl.online.tta_runner][INFO] - TTA sync LoRA -> SGLang name=tta_v333 path=outputs/online_tta/online_tta_adapters/tta_v333
[2026-08-27 16:11:12,529][openttl.online.tta_runner][INFO] - TTA sync LoRA -> SGLang name=tta_v334 path=outputs/online_tta/online_tta_adapters/tta_v334
[2026-08-27 16:11:14,260][openttl.online.tta_runner][INFO] - TTA sync LoRA -> SGLang name=tta_v335 path=outputs/online_tta/online_tta_adapters/tta_v335
[2026-08-27 16:11:16,006][openttl.online.tta_runner][INFO] - TTA sync LoRA -> SGLang name=tta_v336 path=outputs/online_tta/online_tta_adapters/tta_v336
[2026-08-27 16:11:17,765][openttl.online.tta_runner][INFO] - TTA sync LoRA -> SGLang name=tta_v337 path=outputs/online_tta/online_tta_adapters/tta_v337
[2026-08-27 16:11:19,540][openttl.online.tta_runner][INFO] - TTA sync LoRA -> SGLang name=tta_v338 path=outputs/online_tta/online_tta_adapters/tta_v338
[2026-08-27 16:11:21,318][openttl.online.tta_runner][INFO] - TTA sync LoRA -> SGLang name=tta_v339 path=outputs/online_tta/online_tta_adapters/tta_v339
[2026-08-27 16:11:23,038][openttl.online.tta_runner][INFO] - TTA sync LoRA -> SGLang name=tta_v340 path=outputs/online_tta/online_tta_adapters/tta_v340
[340/4329] acc=0.7618 pred=A gold=A loss=0.0003175247402396053 (1.8s/sample)
[2026-08-27 16:11:24,810][openttl.online.tta_runner][INFO] - TTA sync LoRA -> SGLang name=tta_v341 path=outputs/online_tta/online_tta_adapters/tta_v341
[2026-08-27 16:11:26,577][openttl.online.tta_runner][INFO] - TTA sync LoRA -> SGLang name=tta_v342 path=outputs/online_tta/online_tta_adapters/tta_v342
[2026-08-27 16:11:28,433][openttl.online.tta_runner][INFO] - TTA sync LoRA -> SGLang name=tta_v343 path=outputs/online_tta/online_tta_adapters/tta_v343
[2026-08-27 16:11:30,332][openttl.online.tta_runner][INFO] - TTA sync LoRA -> SGLang name=tta_v344 path=outputs/online_tta/online_tta_adapters/tta_v344
[2026-08-27 16:11:32,120][openttl.online.tta_runner][INFO] - TTA sync LoRA -> SGLang name=tta_v345 path=outputs/online_tta/online_tta_adapters/tta_v345
[2026-08-27 16:11:33,848][openttl.online.tta_runner][INFO] - TTA sync LoRA -> SGLang name=tta_v346 path=outputs/online_tta/online_tta_adapters/tta_v346
[2026-08-27 16:11:35,587][openttl.online.tta_runner][INFO] - TTA sync LoRA -> SGLang name=tta_v347 path=outputs/online_tta/online_tta_adapters/tta_v347
[2026-08-27 16:11:37,293][openttl.online.tta_runner][INFO] - TTA sync LoRA -> SGLang name=tta_v348 path=outputs/online_tta/online_tta_adapters/tta_v348
[2026-08-27 16:11:39,015][openttl.online.tta_runner][INFO] - TTA sync LoRA -> SGLang name=tta_v349 path=outputs/online_tta/online_tta_adapters/tta_v349
[2026-08-27 16:11:40,643][openttl.online.tta_runner][INFO] - TTA sync LoRA -> SGLang name=tta_v350 path=outputs/online_tta/online_tta_adapters/tta_v350
[2026-08-27 16:11:42,342][openttl.online.tta_runner][INFO] - TTA sync LoRA -> SGLang name=tta_v351 path=outputs/online_tta/online_tta_adapters/tta_v351
[2026-08-27 16:11:43,983][openttl.online.tta_runner][INFO] - TTA sync LoRA -> SGLang name=tta_v352 path=outputs/online_tta/online_tta_adapters/tta_v352
[2026-08-27 16:11:45,751][openttl.online.tta_runner][INFO] - TTA sync LoRA -> SGLang name=tta_v353 path=outputs/online_tta/online_tta_adapters/tta_v353
[2026-08-27 16:11:47,514][openttl.online.tta_runner][INFO] - TTA sync LoRA -> SGLang name=tta_v354 path=outputs/online_tta/online_tta_adapters/tta_v354
[2026-08-27 16:11:49,308][openttl.online.tta_runner][INFO] - TTA sync LoRA -> SGLang name=tta_v355 path=outputs/online_tta/online_tta_adapters/tta_v355
[2026-08-27 16:11:51,122][openttl.online.tta_runner][INFO] - TTA sync LoRA -> SGLang name=tta_v356 path=outputs/online_tta/online_tta_adapters/tta_v356
[2026-08-27 16:11:52,976][openttl.online.tta_runner][INFO] - TTA sync LoRA -> SGLang name=tta_v357 path=outputs/online_tta/online_tta_adapters/tta_v357
[2026-08-27 16:11:54,750][openttl.online.tta_runner][INFO] - TTA sync LoRA -> SGLang name=tta_v358 path=outputs/online_tta/online_tta_adapters/tta_v358
[2026-08-27 16:11:56,482][openttl.online.tta_runner][INFO] - TTA sync LoRA -> SGLang name=tta_v359 path=outputs/online_tta/online_tta_adapters/tta_v359
[2026-08-27 16:11:58,254][openttl.online.tta_runner][INFO] - TTA sync LoRA -> SGLang name=tta_v360 path=outputs/online_tta/online_tta_adapters/tta_v360
[360/4329] acc=0.7583 pred=C gold=C loss=0.00044799139141105115 (1.8s/sample)
[2026-08-27 16:12:00,031][openttl.online.tta_runner][INFO] - TTA sync LoRA -> SGLang name=tta_v361 path=outputs/online_tta/online_tta_adapters/tta_v361
[2026-08-27 16:12:01,814][openttl.online.tta_runner][INFO] - TTA sync LoRA -> SGLang name=tta_v362 path=outputs/online_tta/online_tta_adapters/tta_v362
[2026-08-27 16:12:03,555][openttl.online.tta_runner][INFO] - TTA sync LoRA -> SGLang name=tta_v363 path=outputs/online_tta/online_tta_adapters/tta_v363
[2026-08-27 16:12:05,314][openttl.online.tta_runner][INFO] - TTA sync LoRA -> SGLang name=tta_v364 path=outputs/online_tta/online_tta_adapters/tta_v364
[2026-08-27 16:12:07,096][openttl.online.tta_runner][INFO] - TTA sync LoRA -> SGLang name=tta_v365 path=outputs/online_tta/online_tta_adapters/tta_v365
[2026-08-27 16:12:08,871][openttl.online.tta_runner][INFO] - TTA sync LoRA -> SGLang name=tta_v366 path=outputs/online_tta/online_tta_adapters/tta_v366
[2026-08-27 16:12:10,650][openttl.online.tta_runner][INFO] - TTA sync LoRA -> SGLang name=tta_v367 path=outputs/online_tta/online_tta_adapters/tta_v367
[2026-08-27 16:12:12,437][openttl.online.tta_runner][INFO] - TTA sync LoRA -> SGLang name=tta_v368 path=outputs/online_tta/online_tta_adapters/tta_v368
[2026-08-27 16:12:14,197][openttl.online.tta_runner][INFO] - TTA sync LoRA -> SGLang name=tta_v369 path=outputs/online_tta/online_tta_adapters/tta_v369
[2026-08-27 16:12:15,972][openttl.online.tta_runner][INFO] - TTA sync LoRA -> SGLang name=tta_v370 path=outputs/online_tta/online_tta_adapters/tta_v370
[2026-08-27 16:12:18,008][openttl.online.tta_runner][INFO] - TTA sync LoRA -> SGLang name=tta_v371 path=outputs/online_tta/online_tta_adapters/tta_v371
[2026-08-27 16:12:20,080][openttl.online.tta_runner][INFO] - TTA sync LoRA -> SGLang name=tta_v372 path=outputs/online_tta/online_tta_adapters/tta_v372
[2026-08-27 16:12:22,231][openttl.online.tta_runner][INFO] - TTA sync LoRA -> SGLang name=tta_v373 path=outputs/online_tta/online_tta_adapters/tta_v373
[2026-08-27 16:12:23,888][openttl.online.tta_runner][INFO] - TTA sync LoRA -> SGLang name=tta_v374 path=outputs/online_tta/online_tta_adapters/tta_v374
[2026-08-27 16:12:25,487][openttl.online.tta_runner][INFO] - TTA sync LoRA -> SGLang name=tta_v375 path=outputs/online_tta/online_tta_adapters/tta_v375
[2026-08-27 16:12:27,276][openttl.online.tta_runner][INFO] - TTA sync LoRA -> SGLang name=tta_v376 path=outputs/online_tta/online_tta_adapters/tta_v376
[2026-08-27 16:12:28,941][openttl.online.tta_runner][INFO] - TTA sync LoRA -> SGLang name=tta_v377 path=outputs/online_tta/online_tta_adapters/tta_v377
[2026-08-27 16:12:30,696][openttl.online.tta_runner][INFO] - TTA sync LoRA -> SGLang name=tta_v378 path=outputs/online_tta/online_tta_adapters/tta_v378
[2026-08-27 16:12:32,315][openttl.online.tta_runner][INFO] - TTA sync LoRA -> SGLang name=tta_v379 path=outputs/online_tta/online_tta_adapters/tta_v379
[2026-08-27 16:12:33,985][openttl.online.tta_runner][INFO] - TTA sync LoRA -> SGLang name=tta_v380 path=outputs/online_tta/online_tta_adapters/tta_v380
[380/4329] acc=0.7605 pred=D gold=B loss=0.0034562500659376383 (1.8s/sample)
[2026-08-27 16:12:35,592][openttl.online.tta_runner][INFO] - TTA sync LoRA -> SGLang name=tta_v381 path=outputs/online_tta/online_tta_adapters/tta_v381
[2026-08-27 16:12:37,214][openttl.online.tta_runner][INFO] - TTA sync LoRA -> SGLang name=tta_v382 path=outputs/online_tta/online_tta_adapters/tta_v382
[2026-08-27 16:12:38,904][openttl.online.tta_runner][INFO] - TTA sync LoRA -> SGLang name=tta_v383 path=outputs/online_tta/online_tta_adapters/tta_v383
[2026-08-27 16:12:40,590][openttl.online.tta_runner][INFO] - TTA sync LoRA -> SGLang name=tta_v384 path=outputs/online_tta/online_tta_adapters/tta_v384
[2026-08-27 16:12:42,349][openttl.online.tta_runner][INFO] - TTA sync LoRA -> SGLang name=tta_v385 path=outputs/online_tta/online_tta_adapters/tta_v385
[2026-08-27 16:12:44,313][openttl.online.tta_runner][INFO] - TTA sync LoRA -> SGLang name=tta_v386 path=outputs/online_tta/online_tta_adapters/tta_v386
[2026-08-27 16:12:46,288][openttl.online.tta_runner][INFO] - TTA sync LoRA -> SGLang name=tta_v387 path=outputs/online_tta/online_tta_adapters/tta_v387
[2026-08-27 16:12:48,216][openttl.online.tta_runner][INFO] - TTA sync LoRA -> SGLang name=tta_v388 path=outputs/online_tta/online_tta_adapters/tta_v388
[2026-08-27 16:12:50,011][openttl.online.tta_runner][INFO] - TTA sync LoRA -> SGLang name=tta_v389 path=outputs/online_tta/online_tta_adapters/tta_v389
[2026-08-27 16:12:51,982][openttl.online.tta_runner][INFO] - TTA sync LoRA -> SGLang name=tta_v390 path=outputs/online_tta/online_tta_adapters/tta_v390
[2026-08-27 16:12:53,865][openttl.online.tta_runner][INFO] - TTA sync LoRA -> SGLang name=tta_v391 path=outputs/online_tta/online_tta_adapters/tta_v391
[2026-08-27 16:12:55,624][openttl.online.tta_runner][INFO] - TTA sync LoRA -> SGLang name=tta_v392 path=outputs/online_tta/online_tta_adapters/tta_v392
[2026-08-27 16:12:57,384][openttl.online.tta_runner][INFO] - TTA sync LoRA -> SGLang name=tta_v393 path=outputs/online_tta/online_tta_adapters/tta_v393
[2026-08-27 16:12:59,266][openttl.online.tta_runner][INFO] - TTA sync LoRA -> SGLang name=tta_v394 path=outputs/online_tta/online_tta_adapters/tta_v394
[2026-08-27 16:13:01,264][openttl.online.tta_runner][INFO] - TTA sync LoRA -> SGLang name=tta_v395 path=outputs/online_tta/online_tta_adapters/tta_v395
[2026-08-27 16:13:03,394][openttl.online.tta_runner][INFO] - TTA sync LoRA -> SGLang name=tta_v396 path=outputs/online_tta/online_tta_adapters/tta_v396
[2026-08-27 16:13:05,006][openttl.online.tta_runner][INFO] - TTA sync LoRA -> SGLang name=tta_v397 path=outputs/online_tta/online_tta_adapters/tta_v397
[2026-08-27 16:13:06,533][openttl.online.tta_runner][INFO] - TTA sync LoRA -> SGLang name=tta_v398 path=outputs/online_tta/online_tta_adapters/tta_v398
[2026-08-27 16:13:08,077][openttl.online.tta_runner][INFO] - TTA sync LoRA -> SGLang name=tta_v399 path=outputs/online_tta/online_tta_adapters/tta_v399
[2026-08-27 16:13:09,627][openttl.online.tta_runner][INFO] - TTA sync LoRA -> SGLang name=tta_v400 path=outputs/online_tta/online_tta_adapters/tta_v400
[400/4329] acc=0.7600 pred=C gold=C loss=0.0002329966373508796 (1.8s/sample)
[2026-08-27 16:13:11,489][openttl.online.tta_runner][INFO] - TTA sync LoRA -> SGLang name=tta_v401 path=outputs/online_tta/online_tta_adapters/tta_v401
[2026-08-27 16:13:13,140][openttl.online.tta_runner][INFO] - TTA sync LoRA -> SGLang name=tta_v402 path=outputs/online_tta/online_tta_adapters/tta_v402
[2026-08-27 16:13:14,734][openttl.online.tta_runner][INFO] - TTA sync LoRA -> SGLang name=tta_v403 path=outputs/online_tta/online_tta_adapters/tta_v403
[2026-08-27 16:13:16,301][openttl.online.tta_runner][INFO] - TTA sync LoRA -> SGLang name=tta_v404 path=outputs/online_tta/online_tta_adapters/tta_v404
[2026-08-27 16:13:18,111][openttl.online.tta_runner][INFO] - TTA sync LoRA -> SGLang name=tta_v405 path=outputs/online_tta/online_tta_adapters/tta_v405
[2026-08-27 16:13:19,836][openttl.online.tta_runner][INFO] - TTA sync LoRA -> SGLang name=tta_v406 path=outputs/online_tta/online_tta_adapters/tta_v406
[2026-08-27 16:13:21,667][openttl.online.tta_runner][INFO] - TTA sync LoRA -> SGLang name=tta_v407 path=outputs/online_tta/online_tta_adapters/tta_v407
[2026-08-27 16:13:23,414][openttl.online.tta_runner][INFO] - TTA sync LoRA -> SGLang name=tta_v408 path=outputs/online_tta/online_tta_adapters/tta_v408
[2026-08-27 16:13:25,041][openttl.online.tta_runner][INFO] - TTA sync LoRA -> SGLang name=tta_v409 path=outputs/online_tta/online_tta_adapters/tta_v409
[2026-08-27 16:13:26,676][openttl.online.tta_runner][INFO] - TTA sync LoRA -> SGLang name=tta_v410 path=outputs/online_tta/online_tta_adapters/tta_v410
[2026-08-27 16:13:28,403][openttl.online.tta_runner][INFO] - TTA sync LoRA -> SGLang name=tta_v411 path=outputs/online_tta/online_tta_adapters/tta_v411
[2026-08-27 16:13:30,136][openttl.online.tta_runner][INFO] - TTA sync LoRA -> SGLang name=tta_v412 path=outputs/online_tta/online_tta_adapters/tta_v412
[2026-08-27 16:13:31,695][openttl.online.tta_runner][INFO] - TTA sync LoRA -> SGLang name=tta_v413 path=outputs/online_tta/online_tta_adapters/tta_v413
[2026-08-27 16:13:33,521][openttl.online.tta_runner][INFO] - TTA sync LoRA -> SGLang name=tta_v414 path=outputs/online_tta/online_tta_adapters/tta_v414
[2026-08-27 16:13:35,323][openttl.online.tta_runner][INFO] - TTA sync LoRA -> SGLang name=tta_v415 path=outputs/online_tta/online_tta_adapters/tta_v415
[2026-08-27 16:13:37,072][openttl.online.tta_runner][INFO] - TTA sync LoRA -> SGLang name=tta_v416 path=outputs/online_tta/online_tta_adapters/tta_v416
[2026-08-27 16:13:38,908][openttl.online.tta_runner][INFO] - TTA sync LoRA -> SGLang name=tta_v417 path=outputs/online_tta/online_tta_adapters/tta_v417
[2026-08-27 16:13:40,643][openttl.online.tta_runner][INFO] - TTA sync LoRA -> SGLang name=tta_v418 path=outputs/online_tta/online_tta_adapters/tta_v418
[2026-08-27 16:13:42,404][openttl.online.tta_runner][INFO] - TTA sync LoRA -> SGLang name=tta_v419 path=outputs/online_tta/online_tta_adapters/tta_v419
[2026-08-27 16:13:44,185][openttl.online.tta_runner][INFO] - TTA sync LoRA -> SGLang name=tta_v420 path=outputs/online_tta/online_tta_adapters/tta_v420
[420/4329] acc=0.7524 pred=C gold=A loss=0.0001369784731650725 (1.8s/sample)
[2026-08-27 16:13:46,021][openttl.online.tta_runner][INFO] - TTA sync LoRA -> SGLang name=tta_v421 path=outputs/online_tta/online_tta_adapters/tta_v421
[2026-08-27 16:13:47,861][openttl.online.tta_runner][INFO] - TTA sync LoRA -> SGLang name=tta_v422 path=outputs/online_tta/online_tta_adapters/tta_v422
[2026-08-27 16:13:49,653][openttl.online.tta_runner][INFO] - TTA sync LoRA -> SGLang name=tta_v423 path=outputs/online_tta/online_tta_adapters/tta_v423
[2026-08-27 16:13:51,470][openttl.online.tta_runner][INFO] - TTA sync LoRA -> SGLang name=tta_v424 path=outputs/online_tta/online_tta_adapters/tta_v424
[2026-08-27 16:13:53,275][openttl.online.tta_runner][INFO] - TTA sync LoRA -> SGLang name=tta_v425 path=outputs/online_tta/online_tta_adapters/tta_v425
[2026-08-27 16:13:55,071][openttl.online.tta_runner][INFO] - TTA sync LoRA -> SGLang name=tta_v426 path=outputs/online_tta/online_tta_adapters/tta_v426
[2026-08-27 16:13:56,880][openttl.online.tta_runner][INFO] - TTA sync LoRA -> SGLang name=tta_v427 path=outputs/online_tta/online_tta_adapters/tta_v427
[2026-08-27 16:13:58,583][openttl.online.tta_runner][INFO] - TTA sync LoRA -> SGLang name=tta_v428 path=outputs/online_tta/online_tta_adapters/tta_v428
[2026-08-27 16:14:00,337][openttl.online.tta_runner][INFO] - TTA sync LoRA -> SGLang name=tta_v429 path=outputs/online_tta/online_tta_adapters/tta_v429
[2026-08-27 16:14:02,115][openttl.online.tta_runner][INFO] - TTA sync LoRA -> SGLang name=tta_v430 path=outputs/online_tta/online_tta_adapters/tta_v430
[2026-08-27 16:14:03,852][openttl.online.tta_runner][INFO] - TTA sync LoRA -> SGLang name=tta_v431 path=outputs/online_tta/online_tta_adapters/tta_v431
[2026-08-27 16:14:05,555][openttl.online.tta_runner][INFO] - TTA sync LoRA -> SGLang name=tta_v432 path=outputs/online_tta/online_tta_adapters/tta_v432
[2026-08-27 16:14:07,149][openttl.online.tta_runner][INFO] - TTA sync LoRA -> SGLang name=tta_v433 path=outputs/online_tta/online_tta_adapters/tta_v433
[2026-08-27 16:14:08,883][openttl.online.tta_runner][INFO] - TTA sync LoRA -> SGLang name=tta_v434 path=outputs/online_tta/online_tta_adapters/tta_v434
[2026-08-27 16:14:10,560][openttl.online.tta_runner][INFO] - TTA sync LoRA -> SGLang name=tta_v435 path=outputs/online_tta/online_tta_adapters/tta_v435
[2026-08-27 16:14:12,258][openttl.online.tta_runner][INFO] - TTA sync LoRA -> SGLang name=tta_v436 path=outputs/online_tta/online_tta_adapters/tta_v436
[2026-08-27 16:14:14,050][openttl.online.tta_runner][INFO] - TTA sync LoRA -> SGLang name=tta_v437 path=outputs/online_tta/online_tta_adapters/tta_v437
[2026-08-27 16:14:15,818][openttl.online.tta_runner][INFO] - TTA sync LoRA -> SGLang name=tta_v438 path=outputs/online_tta/online_tta_adapters/tta_v438
[2026-08-27 16:14:17,473][openttl.online.tta_runner][INFO] - TTA sync LoRA -> SGLang name=tta_v439 path=outputs/online_tta/online_tta_adapters/tta_v439
[2026-08-27 16:14:19,208][openttl.online.tta_runner][INFO] - TTA sync LoRA -> SGLang name=tta_v440 path=outputs/online_tta/online_tta_adapters/tta_v440
[440/4329] acc=0.7591 pred=C gold=C loss=0.00010155193740502 (1.8s/sample)
[2026-08-27 16:14:20,948][openttl.online.tta_runner][INFO] - TTA sync LoRA -> SGLang name=tta_v441 path=outputs/online_tta/online_tta_adapters/tta_v441
[2026-08-27 16:14:22,670][openttl.online.tta_runner][INFO] - TTA sync LoRA -> SGLang name=tta_v442 path=outputs/online_tta/online_tta_adapters/tta_v442
[2026-08-27 16:14:24,375][openttl.online.tta_runner][INFO] - TTA sync LoRA -> SGLang name=tta_v443 path=outputs/online_tta/online_tta_adapters/tta_v443
[2026-08-27 16:14:26,078][openttl.online.tta_runner][INFO] - TTA sync LoRA -> SGLang name=tta_v444 path=outputs/online_tta/online_tta_adapters/tta_v444
[2026-08-27 16:14:27,844][openttl.online.tta_runner][INFO] - TTA sync LoRA -> SGLang name=tta_v445 path=outputs/online_tta/online_tta_adapters/tta_v445
[2026-08-27 16:14:29,523][openttl.online.tta_runner][INFO] - TTA sync LoRA -> SGLang name=tta_v446 path=outputs/online_tta/online_tta_adapters/tta_v446
[2026-08-27 16:14:31,112][openttl.online.tta_runner][INFO] - TTA sync LoRA -> SGLang name=tta_v447 path=outputs/online_tta/online_tta_adapters/tta_v447
[2026-08-27 16:14:32,667][openttl.online.tta_runner][INFO] - TTA sync LoRA -> SGLang name=tta_v448 path=outputs/online_tta/online_tta_adapters/tta_v448
[2026-08-27 16:14:34,237][openttl.online.tta_runner][INFO] - TTA sync LoRA -> SGLang name=tta_v449 path=outputs/online_tta/online_tta_adapters/tta_v449
[2026-08-27 16:14:35,808][openttl.online.tta_runner][INFO] - TTA sync LoRA -> SGLang name=tta_v450 path=outputs/online_tta/online_tta_adapters/tta_v450
[2026-08-27 16:14:37,399][openttl.online.tta_runner][INFO] - TTA sync LoRA -> SGLang name=tta_v451 path=outputs/online_tta/online_tta_adapters/tta_v451
[2026-08-27 16:14:38,888][openttl.online.tta_runner][INFO] - TTA sync LoRA -> SGLang name=tta_v452 path=outputs/online_tta/online_tta_adapters/tta_v452
[2026-08-27 16:14:40,573][openttl.online.tta_runner][INFO] - TTA sync LoRA -> SGLang name=tta_v453 path=outputs/online_tta/online_tta_adapters/tta_v453
[2026-08-27 16:14:42,263][openttl.online.tta_runner][INFO] - TTA sync LoRA -> SGLang name=tta_v454 path=outputs/online_tta/online_tta_adapters/tta_v454
[2026-08-27 16:14:44,027][openttl.online.tta_runner][INFO] - TTA sync LoRA -> SGLang name=tta_v455 path=outputs/online_tta/online_tta_adapters/tta_v455
[2026-08-27 16:14:45,793][openttl.online.tta_runner][INFO] - TTA sync LoRA -> SGLang name=tta_v456 path=outputs/online_tta/online_tta_adapters/tta_v456
[2026-08-27 16:14:47,495][openttl.online.tta_runner][INFO] - TTA sync LoRA -> SGLang name=tta_v457 path=outputs/online_tta/online_tta_adapters/tta_v457
[2026-08-27 16:14:49,300][openttl.online.tta_runner][INFO] - TTA sync LoRA -> SGLang name=tta_v458 path=outputs/online_tta/online_tta_adapters/tta_v458
[2026-08-27 16:14:51,076][openttl.online.tta_runner][INFO] - TTA sync LoRA -> SGLang name=tta_v459 path=outputs/online_tta/online_tta_adapters/tta_v459
[2026-08-27 16:14:52,842][openttl.online.tta_runner][INFO] - TTA sync LoRA -> SGLang name=tta_v460 path=outputs/online_tta/online_tta_adapters/tta_v460
[460/4329] acc=0.7565 pred=D gold=A loss=0.0006948292721062899 (1.8s/sample)
[2026-08-27 16:14:54,589][openttl.online.tta_runner][INFO] - TTA sync LoRA -> SGLang name=tta_v461 path=outputs/online_tta/online_tta_adapters/tta_v461
[2026-08-27 16:14:56,288][openttl.online.tta_runner][INFO] - TTA sync LoRA -> SGLang name=tta_v462 path=outputs/online_tta/online_tta_adapters/tta_v462
[2026-08-27 16:14:58,070][openttl.online.tta_runner][INFO] - TTA sync LoRA -> SGLang name=tta_v463 path=outputs/online_tta/online_tta_adapters/tta_v463
[2026-08-27 16:14:59,770][openttl.online.tta_runner][INFO] - TTA sync LoRA -> SGLang name=tta_v464 path=outputs/online_tta/online_tta_adapters/tta_v464
[2026-08-27 16:15:01,507][openttl.online.tta_runner][INFO] - TTA sync LoRA -> SGLang name=tta_v465 path=outputs/online_tta/online_tta_adapters/tta_v465
[2026-08-27 16:15:03,174][openttl.online.tta_runner][INFO] - TTA sync LoRA -> SGLang name=tta_v466 path=outputs/online_tta/online_tta_adapters/tta_v466
[2026-08-27 16:15:04,854][openttl.online.tta_runner][INFO] - TTA sync LoRA -> SGLang name=tta_v467 path=outputs/online_tta/online_tta_adapters/tta_v467
[2026-08-27 16:15:06,536][openttl.online.tta_runner][INFO] - TTA sync LoRA -> SGLang name=tta_v468 path=outputs/online_tta/online_tta_adapters/tta_v468
[2026-08-27 16:15:08,205][openttl.online.tta_runner][INFO] - TTA sync LoRA -> SGLang name=tta_v469 path=outputs/online_tta/online_tta_adapters/tta_v469
[2026-08-27 16:15:09,910][openttl.online.tta_runner][INFO] - TTA sync LoRA -> SGLang name=tta_v470 path=outputs/online_tta/online_tta_adapters/tta_v470
[2026-08-27 16:15:11,604][openttl.online.tta_runner][INFO] - TTA sync LoRA -> SGLang name=tta_v471 path=outputs/online_tta/online_tta_adapters/tta_v471
[2026-08-27 16:15:13,355][openttl.online.tta_runner][INFO] - TTA sync LoRA -> SGLang name=tta_v472 path=outputs/online_tta/online_tta_adapters/tta_v472
[2026-08-27 16:15:15,060][openttl.online.tta_runner][INFO] - TTA sync LoRA -> SGLang name=tta_v473 path=outputs/online_tta/online_tta_adapters/tta_v473
[2026-08-27 16:15:16,740][openttl.online.tta_runner][INFO] - TTA sync LoRA -> SGLang name=tta_v474 path=outputs/online_tta/online_tta_adapters/tta_v474
[2026-08-27 16:15:18,459][openttl.online.tta_runner][INFO] - TTA sync LoRA -> SGLang name=tta_v475 path=outputs/online_tta/online_tta_adapters/tta_v475
[2026-08-27 16:15:20,182][openttl.online.tta_runner][INFO] - TTA sync LoRA -> SGLang name=tta_v476 path=outputs/online_tta/online_tta_adapters/tta_v476
[2026-08-27 16:15:21,859][openttl.online.tta_runner][INFO] - TTA sync LoRA -> SGLang name=tta_v477 path=outputs/online_tta/online_tta_adapters/tta_v477
[2026-08-27 16:15:23,593][openttl.online.tta_runner][INFO] - TTA sync LoRA -> SGLang name=tta_v478 path=outputs/online_tta/online_tta_adapters/tta_v478
[2026-08-27 16:15:25,266][openttl.online.tta_runner][INFO] - TTA sync LoRA -> SGLang name=tta_v479 path=outputs/online_tta/online_tta_adapters/tta_v479
[2026-08-27 16:15:26,971][openttl.online.tta_runner][INFO] - TTA sync LoRA -> SGLang name=tta_v480 path=outputs/online_tta/online_tta_adapters/tta_v480
[480/4329] acc=0.7542 pred=B gold=D loss=0.0010999571532011032 (1.8s/sample)
[2026-08-27 16:15:28,669][openttl.online.tta_runner][INFO] - TTA sync LoRA -> SGLang name=tta_v481 path=outputs/online_tta/online_tta_adapters/tta_v481
[2026-08-27 16:15:30,385][openttl.online.tta_runner][INFO] - TTA sync LoRA -> SGLang name=tta_v482 path=outputs/online_tta/online_tta_adapters/tta_v482
[2026-08-27 16:15:32,063][openttl.online.tta_runner][INFO] - TTA sync LoRA -> SGLang name=tta_v483 path=outputs/online_tta/online_tta_adapters/tta_v483
[2026-08-27 16:15:33,763][openttl.online.tta_runner][INFO] - TTA sync LoRA -> SGLang name=tta_v484 path=outputs/online_tta/online_tta_adapters/tta_v484
[2026-08-27 16:15:35,264][openttl.online.tta_runner][INFO] - TTA sync LoRA -> SGLang name=tta_v485 path=outputs/online_tta/online_tta_adapters/tta_v485
[2026-08-27 16:15:36,970][openttl.online.tta_runner][INFO] - TTA sync LoRA -> SGLang name=tta_v486 path=outputs/online_tta/online_tta_adapters/tta_v486
[2026-08-27 16:15:38,750][openttl.online.tta_runner][INFO] - TTA sync LoRA -> SGLang name=tta_v487 path=outputs/online_tta/online_tta_adapters/tta_v487
[2026-08-27 16:15:40,462][openttl.online.tta_runner][INFO] - TTA sync LoRA -> SGLang name=tta_v488 path=outputs/online_tta/online_tta_adapters/tta_v488
[2026-08-27 16:15:42,207][openttl.online.tta_runner][INFO] - TTA sync LoRA -> SGLang name=tta_v489 path=outputs/online_tta/online_tta_adapters/tta_v489
[2026-08-27 16:15:43,910][openttl.online.tta_runner][INFO] - TTA sync LoRA -> SGLang name=tta_v490 path=outputs/online_tta/online_tta_adapters/tta_v490
[2026-08-27 16:15:45,578][openttl.online.tta_runner][INFO] - TTA sync LoRA -> SGLang name=tta_v491 path=outputs/online_tta/online_tta_adapters/tta_v491
[2026-08-27 16:15:47,167][openttl.online.tta_runner][INFO] - TTA sync LoRA -> SGLang name=tta_v492 path=outputs/online_tta/online_tta_adapters/tta_v492
[2026-08-27 16:15:48,853][openttl.online.tta_runner][INFO] - TTA sync LoRA -> SGLang name=tta_v493 path=outputs/online_tta/online_tta_adapters/tta_v493
[2026-08-27 16:15:50,641][openttl.online.tta_runner][INFO] - TTA sync LoRA -> SGLang name=tta_v494 path=outputs/online_tta/online_tta_adapters/tta_v494
[2026-08-27 16:15:52,419][openttl.online.tta_runner][INFO] - TTA sync LoRA -> SGLang name=tta_v495 path=outputs/online_tta/online_tta_adapters/tta_v495
[2026-08-27 16:15:54,168][openttl.online.tta_runner][INFO] - TTA sync LoRA -> SGLang name=tta_v496 path=outputs/online_tta/online_tta_adapters/tta_v496
[2026-08-27 16:15:55,832][openttl.online.tta_runner][INFO] - TTA sync LoRA -> SGLang name=tta_v497 path=outputs/online_tta/online_tta_adapters/tta_v497
[2026-08-27 16:15:57,498][openttl.online.tta_runner][INFO] - TTA sync LoRA -> SGLang name=tta_v498 path=outputs/online_tta/online_tta_adapters/tta_v498
[2026-08-27 16:15:59,166][openttl.online.tta_runner][INFO] - TTA sync LoRA -> SGLang name=tta_v499 path=outputs/online_tta/online_tta_adapters/tta_v499
[2026-08-27 16:16:00,856][openttl.online.tta_runner][INFO] - TTA sync LoRA -> SGLang name=tta_v500 path=outputs/online_tta/online_tta_adapters/tta_v500
[500/4329] acc=0.7580 pred=B gold=A loss=0.002671598456799984 (1.8s/sample)
[2026-08-27 16:16:02,577][openttl.online.tta_runner][INFO] - TTA sync LoRA -> SGLang name=tta_v501 path=outputs/online_tta/online_tta_adapters/tta_v501
[2026-08-27 16:16:04,293][openttl.online.tta_runner][INFO] - TTA sync LoRA -> SGLang name=tta_v502 path=outputs/online_tta/online_tta_adapters/tta_v502
[2026-08-27 16:16:05,961][openttl.online.tta_runner][INFO] - TTA sync LoRA -> SGLang name=tta_v503 path=outputs/online_tta/online_tta_adapters/tta_v503
[2026-08-27 16:16:07,721][openttl.online.tta_runner][INFO] - TTA sync LoRA -> SGLang name=tta_v504 path=outputs/online_tta/online_tta_adapters/tta_v504
[2026-08-27 16:16:09,390][openttl.online.tta_runner][INFO] - TTA sync LoRA -> SGLang name=tta_v505 path=outputs/online_tta/online_tta_adapters/tta_v505
[2026-08-27 16:16:11,020][openttl.online.tta_runner][INFO] - TTA sync LoRA -> SGLang name=tta_v506 path=outputs/online_tta/online_tta_adapters/tta_v506
[2026-08-27 16:16:12,656][openttl.online.tta_runner][INFO] - TTA sync LoRA -> SGLang name=tta_v507 path=outputs/online_tta/online_tta_adapters/tta_v507
[2026-08-27 16:16:14,451][openttl.online.tta_runner][INFO] - TTA sync LoRA -> SGLang name=tta_v508 path=outputs/online_tta/online_tta_adapters/tta_v508
[2026-08-27 16:16:15,989][openttl.online.tta_runner][INFO] - TTA sync LoRA -> SGLang name=tta_v509 path=outputs/online_tta/online_tta_adapters/tta_v509
[2026-08-27 16:16:17,560][openttl.online.tta_runner][INFO] - TTA sync LoRA -> SGLang name=tta_v510 path=outputs/online_tta/online_tta_adapters/tta_v510
[2026-08-27 16:16:19,284][openttl.online.tta_runner][INFO] - TTA sync LoRA -> SGLang name=tta_v511 path=outputs/online_tta/online_tta_adapters/tta_v511
[2026-08-27 16:16:20,985][openttl.online.tta_runner][INFO] - TTA sync LoRA -> SGLang name=tta_v512 path=outputs/online_tta/online_tta_adapters/tta_v512
[2026-08-27 16:16:22,659][openttl.online.tta_runner][INFO] - TTA sync LoRA -> SGLang name=tta_v513 path=outputs/online_tta/online_tta_adapters/tta_v513
[2026-08-27 16:16:24,298][openttl.online.tta_runner][INFO] - TTA sync LoRA -> SGLang name=tta_v514 path=outputs/online_tta/online_tta_adapters/tta_v514
[2026-08-27 16:16:25,959][openttl.online.tta_runner][INFO] - TTA sync LoRA -> SGLang name=tta_v515 path=outputs/online_tta/online_tta_adapters/tta_v515
[2026-08-27 16:16:27,652][openttl.online.tta_runner][INFO] - TTA sync LoRA -> SGLang name=tta_v516 path=outputs/online_tta/online_tta_adapters/tta_v516
[2026-08-27 16:16:29,335][openttl.online.tta_runner][INFO] - TTA sync LoRA -> SGLang name=tta_v517 path=outputs/online_tta/online_tta_adapters/tta_v517
[2026-08-27 16:16:31,005][openttl.online.tta_runner][INFO] - TTA sync LoRA -> SGLang name=tta_v518 path=outputs/online_tta/online_tta_adapters/tta_v518
[2026-08-27 16:16:32,688][openttl.online.tta_runner][INFO] - TTA sync LoRA -> SGLang name=tta_v519 path=outputs/online_tta/online_tta_adapters/tta_v519
[2026-08-27 16:16:34,364][openttl.online.tta_runner][INFO] - TTA sync LoRA -> SGLang name=tta_v520 path=outputs/online_tta/online_tta_adapters/tta_v520
[520/4329] acc=0.7673 pred=D gold=D loss=0.00015772796177770942 (1.7s/sample)
[2026-08-27 16:16:36,064][openttl.online.tta_runner][INFO] - TTA sync LoRA -> SGLang name=tta_v521 path=outputs/online_tta/online_tta_adapters/tta_v521
[2026-08-27 16:16:37,776][openttl.online.tta_runner][INFO] - TTA sync LoRA -> SGLang name=tta_v522 path=outputs/online_tta/online_tta_adapters/tta_v522
[2026-08-27 16:16:39,369][openttl.online.tta_runner][INFO] - TTA sync LoRA -> SGLang name=tta_v523 path=outputs/online_tta/online_tta_adapters/tta_v523
[2026-08-27 16:16:41,142][openttl.online.tta_runner][INFO] - TTA sync LoRA -> SGLang name=tta_v524 path=outputs/online_tta/online_tta_adapters/tta_v524
[2026-08-27 16:16:42,741][openttl.online.tta_runner][INFO] - TTA sync LoRA -> SGLang name=tta_v525 path=outputs/online_tta/online_tta_adapters/tta_v525
[2026-08-27 16:16:44,388][openttl.online.tta_runner][INFO] - TTA sync LoRA -> SGLang name=tta_v526 path=outputs/online_tta/online_tta_adapters/tta_v526
[2026-08-27 16:16:46,028][openttl.online.tta_runner][INFO] - TTA sync LoRA -> SGLang name=tta_v527 path=outputs/online_tta/online_tta_adapters/tta_v527
[2026-08-27 16:16:47,622][openttl.online.tta_runner][INFO] - TTA sync LoRA -> SGLang name=tta_v528 path=outputs/online_tta/online_tta_adapters/tta_v528
[2026-08-27 16:16:49,206][openttl.online.tta_runner][INFO] - TTA sync LoRA -> SGLang name=tta_v529 path=outputs/online_tta/online_tta_adapters/tta_v529
[2026-08-27 16:16:50,922][openttl.online.tta_runner][INFO] - TTA sync LoRA -> SGLang name=tta_v530 path=outputs/online_tta/online_tta_adapters/tta_v530
[2026-08-27 16:16:52,625][openttl.online.tta_runner][INFO] - TTA sync LoRA -> SGLang name=tta_v531 path=outputs/online_tta/online_tta_adapters/tta_v531
[2026-08-27 16:16:54,311][openttl.online.tta_runner][INFO] - TTA sync LoRA -> SGLang name=tta_v532 path=outputs/online_tta/online_tta_adapters/tta_v532
[2026-08-27 16:16:56,026][openttl.online.tta_runner][INFO] - TTA sync LoRA -> SGLang name=tta_v533 path=outputs/online_tta/online_tta_adapters/tta_v533
[2026-08-27 16:16:57,788][openttl.online.tta_runner][INFO] - TTA sync LoRA -> SGLang name=tta_v534 path=outputs/online_tta/online_tta_adapters/tta_v534
[2026-08-27 16:16:59,506][openttl.online.tta_runner][INFO] - TTA sync LoRA -> SGLang name=tta_v535 path=outputs/online_tta/online_tta_adapters/tta_v535
[2026-08-27 16:17:01,214][openttl.online.tta_runner][INFO] - TTA sync LoRA -> SGLang name=tta_v536 path=outputs/online_tta/online_tta_adapters/tta_v536
[2026-08-27 16:17:02,927][openttl.online.tta_runner][INFO] - TTA sync LoRA -> SGLang name=tta_v537 path=outputs/online_tta/online_tta_adapters/tta_v537
[2026-08-27 16:17:04,626][openttl.online.tta_runner][INFO] - TTA sync LoRA -> SGLang name=tta_v538 path=outputs/online_tta/online_tta_adapters/tta_v538
[2026-08-27 16:17:06,331][openttl.online.tta_runner][INFO] - TTA sync LoRA -> SGLang name=tta_v539 path=outputs/online_tta/online_tta_adapters/tta_v539
[2026-08-27 16:17:08,047][openttl.online.tta_runner][INFO] - TTA sync LoRA -> SGLang name=tta_v540 path=outputs/online_tta/online_tta_adapters/tta_v540
[540/4329] acc=0.7630 pred=B gold=B loss=7.065513636916876e-05 (1.7s/sample)
[2026-08-27 16:17:09,768][openttl.online.tta_runner][INFO] - TTA sync LoRA -> SGLang name=tta_v541 path=outputs/online_tta/online_tta_adapters/tta_v541
[2026-08-27 16:17:11,461][openttl.online.tta_runner][INFO] - TTA sync LoRA -> SGLang name=tta_v542 path=outputs/online_tta/online_tta_adapters/tta_v542
[2026-08-27 16:17:13,165][openttl.online.tta_runner][INFO] - TTA sync LoRA -> SGLang name=tta_v543 path=outputs/online_tta/online_tta_adapters/tta_v543
[2026-08-27 16:17:14,858][openttl.online.tta_runner][INFO] - TTA sync LoRA -> SGLang name=tta_v544 path=outputs/online_tta/online_tta_adapters/tta_v544
[2026-08-27 16:17:16,590][openttl.online.tta_runner][INFO] - TTA sync LoRA -> SGLang name=tta_v545 path=outputs/online_tta/online_tta_adapters/tta_v545
[2026-08-27 16:17:18,322][openttl.online.tta_runner][INFO] - TTA sync LoRA -> SGLang name=tta_v546 path=outputs/online_tta/online_tta_adapters/tta_v546
[2026-08-27 16:17:20,127][openttl.online.tta_runner][INFO] - TTA sync LoRA -> SGLang name=tta_v547 path=outputs/online_tta/online_tta_adapters/tta_v547
[2026-08-27 16:17:21,840][openttl.online.tta_runner][INFO] - TTA sync LoRA -> SGLang name=tta_v548 path=outputs/online_tta/online_tta_adapters/tta_v548
[2026-08-27 16:17:23,525][openttl.online.tta_runner][INFO] - TTA sync LoRA -> SGLang name=tta_v549 path=outputs/online_tta/online_tta_adapters/tta_v549
[2026-08-27 16:17:25,238][openttl.online.tta_runner][INFO] - TTA sync LoRA -> SGLang name=tta_v550 path=outputs/online_tta/online_tta_adapters/tta_v550
[2026-08-27 16:17:26,972][openttl.online.tta_runner][INFO] - TTA sync LoRA -> SGLang name=tta_v551 path=outputs/online_tta/online_tta_adapters/tta_v551
[2026-08-27 16:17:28,567][openttl.online.tta_runner][INFO] - TTA sync LoRA -> SGLang name=tta_v552 path=outputs/online_tta/online_tta_adapters/tta_v552
[2026-08-27 16:17:30,154][openttl.online.tta_runner][INFO] - TTA sync LoRA -> SGLang name=tta_v553 path=outputs/online_tta/online_tta_adapters/tta_v553
[2026-08-27 16:17:31,699][openttl.online.tta_runner][INFO] - TTA sync LoRA -> SGLang name=tta_v554 path=outputs/online_tta/online_tta_adapters/tta_v554
[2026-08-27 16:17:33,260][openttl.online.tta_runner][INFO] - TTA sync LoRA -> SGLang name=tta_v555 path=outputs/online_tta/online_tta_adapters/tta_v555
[2026-08-27 16:17:34,812][openttl.online.tta_runner][INFO] - TTA sync LoRA -> SGLang name=tta_v556 path=outputs/online_tta/online_tta_adapters/tta_v556
[2026-08-27 16:17:36,465][openttl.online.tta_runner][INFO] - TTA sync LoRA -> SGLang name=tta_v557 path=outputs/online_tta/online_tta_adapters/tta_v557
[2026-08-27 16:17:38,090][openttl.online.tta_runner][INFO] - TTA sync LoRA -> SGLang name=tta_v558 path=outputs/online_tta/online_tta_adapters/tta_v558
[2026-08-27 16:17:39,672][openttl.online.tta_runner][INFO] - TTA sync LoRA -> SGLang name=tta_v559 path=outputs/online_tta/online_tta_adapters/tta_v559
[2026-08-27 16:17:41,364][openttl.online.tta_runner][INFO] - TTA sync LoRA -> SGLang name=tta_v560 path=outputs/online_tta/online_tta_adapters/tta_v560
[560/4329] acc=0.7571 pred=A gold=A loss=6.197611219249666e-05 (1.7s/sample)
[2026-08-27 16:17:42,932][openttl.online.tta_runner][INFO] - TTA sync LoRA -> SGLang name=tta_v561 path=outputs/online_tta/online_tta_adapters/tta_v561
[2026-08-27 16:17:44,621][openttl.online.tta_runner][INFO] - TTA sync LoRA -> SGLang name=tta_v562 path=outputs/online_tta/online_tta_adapters/tta_v562
[2026-08-27 16:17:46,321][openttl.online.tta_runner][INFO] - TTA sync LoRA -> SGLang name=tta_v563 path=outputs/online_tta/online_tta_adapters/tta_v563
[2026-08-27 16:17:48,024][openttl.online.tta_runner][INFO] - TTA sync LoRA -> SGLang name=tta_v564 path=outputs/online_tta/online_tta_adapters/tta_v564
[2026-08-27 16:17:49,866][openttl.online.tta_runner][INFO] - TTA sync LoRA -> SGLang name=tta_v565 path=outputs/online_tta/online_tta_adapters/tta_v565
[2026-08-27 16:17:51,536][openttl.online.tta_runner][INFO] - TTA sync LoRA -> SGLang name=tta_v566 path=outputs/online_tta/online_tta_adapters/tta_v566
[2026-08-27 16:17:53,222][openttl.online.tta_runner][INFO] - TTA sync LoRA -> SGLang name=tta_v567 path=outputs/online_tta/online_tta_adapters/tta_v567
[2026-08-27 16:17:54,929][openttl.online.tta_runner][INFO] - TTA sync LoRA -> SGLang name=tta_v568 path=outputs/online_tta/online_tta_adapters/tta_v568
[2026-08-27 16:17:56,575][openttl.online.tta_runner][INFO] - TTA sync LoRA -> SGLang name=tta_v569 path=outputs/online_tta/online_tta_adapters/tta_v569
[2026-08-27 16:17:58,247][openttl.online.tta_runner][INFO] - TTA sync LoRA -> SGLang name=tta_v570 path=outputs/online_tta/online_tta_adapters/tta_v570
[2026-08-27 16:17:59,945][openttl.online.tta_runner][INFO] - TTA sync LoRA -> SGLang name=tta_v571 path=outputs/online_tta/online_tta_adapters/tta_v571
[2026-08-27 16:18:01,632][openttl.online.tta_runner][INFO] - TTA sync LoRA -> SGLang name=tta_v572 path=outputs/online_tta/online_tta_adapters/tta_v572
[2026-08-27 16:18:03,322][openttl.online.tta_runner][INFO] - TTA sync LoRA -> SGLang name=tta_v573 path=outputs/online_tta/online_tta_adapters/tta_v573
[2026-08-27 16:18:05,014][openttl.online.tta_runner][INFO] - TTA sync LoRA -> SGLang name=tta_v574 path=outputs/online_tta/online_tta_adapters/tta_v574
[2026-08-27 16:18:06,684][openttl.online.tta_runner][INFO] - TTA sync LoRA -> SGLang name=tta_v575 path=outputs/online_tta/online_tta_adapters/tta_v575
[2026-08-27 16:18:08,428][openttl.online.tta_runner][INFO] - TTA sync LoRA -> SGLang name=tta_v576 path=outputs/online_tta/online_tta_adapters/tta_v576
[2026-08-27 16:18:10,127][openttl.online.tta_runner][INFO] - TTA sync LoRA -> SGLang name=tta_v577 path=outputs/online_tta/online_tta_adapters/tta_v577
[2026-08-27 16:18:11,723][openttl.online.tta_runner][INFO] - TTA sync LoRA -> SGLang name=tta_v578 path=outputs/online_tta/online_tta_adapters/tta_v578
[2026-08-27 16:18:13,450][openttl.online.tta_runner][INFO] - TTA sync LoRA -> SGLang name=tta_v579 path=outputs/online_tta/online_tta_adapters/tta_v579
[2026-08-27 16:18:15,186][openttl.online.tta_runner][INFO] - TTA sync LoRA -> SGLang name=tta_v580 path=outputs/online_tta/online_tta_adapters/tta_v580
[580/4329] acc=0.7552 pred=A gold=A loss=0.00020909620798192918 (1.7s/sample)
[2026-08-27 16:18:16,981][openttl.online.tta_runner][INFO] - TTA sync LoRA -> SGLang name=tta_v581 path=outputs/online_tta/online_tta_adapters/tta_v581
[2026-08-27 16:18:18,699][openttl.online.tta_runner][INFO] - TTA sync LoRA -> SGLang name=tta_v582 path=outputs/online_tta/online_tta_adapters/tta_v582
[2026-08-27 16:18:20,408][openttl.online.tta_runner][INFO] - TTA sync LoRA -> SGLang name=tta_v583 path=outputs/online_tta/online_tta_adapters/tta_v583
[2026-08-27 16:18:22,201][openttl.online.tta_runner][INFO] - TTA sync LoRA -> SGLang name=tta_v584 path=outputs/online_tta/online_tta_adapters/tta_v584
[2026-08-27 16:18:24,025][openttl.online.tta_runner][INFO] - TTA sync LoRA -> SGLang name=tta_v585 path=outputs/online_tta/online_tta_adapters/tta_v585
[2026-08-27 16:18:25,774][openttl.online.tta_runner][INFO] - TTA sync LoRA -> SGLang name=tta_v586 path=outputs/online_tta/online_tta_adapters/tta_v586
[2026-08-27 16:18:27,570][openttl.online.tta_runner][INFO] - TTA sync LoRA -> SGLang name=tta_v587 path=outputs/online_tta/online_tta_adapters/tta_v587
[2026-08-27 16:18:29,179][openttl.online.tta_runner][INFO] - TTA sync LoRA -> SGLang name=tta_v588 path=outputs/online_tta/online_tta_adapters/tta_v588
[2026-08-27 16:18:30,824][openttl.online.tta_runner][INFO] - TTA sync LoRA -> SGLang name=tta_v589 path=outputs/online_tta/online_tta_adapters/tta_v589
[2026-08-27 16:18:32,407][openttl.online.tta_runner][INFO] - TTA sync LoRA -> SGLang name=tta_v590 path=outputs/online_tta/online_tta_adapters/tta_v590
[2026-08-27 16:18:34,004][openttl.online.tta_runner][INFO] - TTA sync LoRA -> SGLang name=tta_v591 path=outputs/online_tta/online_tta_adapters/tta_v591
[2026-08-27 16:18:35,632][openttl.online.tta_runner][INFO] - TTA sync LoRA -> SGLang name=tta_v592 path=outputs/online_tta/online_tta_adapters/tta_v592
[2026-08-27 16:18:37,228][openttl.online.tta_runner][INFO] - TTA sync LoRA -> SGLang name=tta_v593 path=outputs/online_tta/online_tta_adapters/tta_v593
[2026-08-27 16:18:38,842][openttl.online.tta_runner][INFO] - TTA sync LoRA -> SGLang name=tta_v594 path=outputs/online_tta/online_tta_adapters/tta_v594
[2026-08-27 16:18:40,511][openttl.online.tta_runner][INFO] - TTA sync LoRA -> SGLang name=tta_v595 path=outputs/online_tta/online_tta_adapters/tta_v595
[2026-08-27 16:18:42,117][openttl.online.tta_runner][INFO] - TTA sync LoRA -> SGLang name=tta_v596 path=outputs/online_tta/online_tta_adapters/tta_v596
[2026-08-27 16:18:43,869][openttl.online.tta_runner][INFO] - TTA sync LoRA -> SGLang name=tta_v597 path=outputs/online_tta/online_tta_adapters/tta_v597
[2026-08-27 16:18:45,628][openttl.online.tta_runner][INFO] - TTA sync LoRA -> SGLang name=tta_v598 path=outputs/online_tta/online_tta_adapters/tta_v598
[2026-08-27 16:18:47,405][openttl.online.tta_runner][INFO] - TTA sync LoRA -> SGLang name=tta_v599 path=outputs/online_tta/online_tta_adapters/tta_v599
[2026-08-27 16:18:49,106][openttl.online.tta_runner][INFO] - TTA sync LoRA -> SGLang name=tta_v600 path=outputs/online_tta/online_tta_adapters/tta_v600
[600/4329] acc=0.7600 pred=A gold=A loss=5.474627323565073e-05 (1.7s/sample)
[2026-08-27 16:18:50,850][openttl.online.tta_runner][INFO] - TTA sync LoRA -> SGLang name=tta_v601 path=outputs/online_tta/online_tta_adapters/tta_v601
[2026-08-27 16:18:52,559][openttl.online.tta_runner][INFO] - TTA sync LoRA -> SGLang name=tta_v602 path=outputs/online_tta/online_tta_adapters/tta_v602
[2026-08-27 16:18:54,310][openttl.online.tta_runner][INFO] - TTA sync LoRA -> SGLang name=tta_v603 path=outputs/online_tta/online_tta_adapters/tta_v603
[2026-08-27 16:18:56,070][openttl.online.tta_runner][INFO] - TTA sync LoRA -> SGLang name=tta_v604 path=outputs/online_tta/online_tta_adapters/tta_v604
[2026-08-27 16:18:57,846][openttl.online.tta_runner][INFO] - TTA sync LoRA -> SGLang name=tta_v605 path=outputs/online_tta/online_tta_adapters/tta_v605
[2026-08-27 16:18:59,614][openttl.online.tta_runner][INFO] - TTA sync LoRA -> SGLang name=tta_v606 path=outputs/online_tta/online_tta_adapters/tta_v606
[2026-08-27 16:19:01,411][openttl.online.tta_runner][INFO] - TTA sync LoRA -> SGLang name=tta_v607 path=outputs/online_tta/online_tta_adapters/tta_v607
[2026-08-27 16:19:03,206][openttl.online.tta_runner][INFO] - TTA sync LoRA -> SGLang name=tta_v608 path=outputs/online_tta/online_tta_adapters/tta_v608
[2026-08-27 16:19:04,911][openttl.online.tta_runner][INFO] - TTA sync LoRA -> SGLang name=tta_v609 path=outputs/online_tta/online_tta_adapters/tta_v609
[2026-08-27 16:19:06,582][openttl.online.tta_runner][INFO] - TTA sync LoRA -> SGLang name=tta_v610 path=outputs/online_tta/online_tta_adapters/tta_v610
[2026-08-27 16:19:08,376][openttl.online.tta_runner][INFO] - TTA sync LoRA -> SGLang name=tta_v611 path=outputs/online_tta/online_tta_adapters/tta_v611
[2026-08-27 16:19:10,091][openttl.online.tta_runner][INFO] - TTA sync LoRA -> SGLang name=tta_v612 path=outputs/online_tta/online_tta_adapters/tta_v612
[2026-08-27 16:19:11,866][openttl.online.tta_runner][INFO] - TTA sync LoRA -> SGLang name=tta_v613 path=outputs/online_tta/online_tta_adapters/tta_v613
[2026-08-27 16:19:13,554][openttl.online.tta_runner][INFO] - TTA sync LoRA -> SGLang name=tta_v614 path=outputs/online_tta/online_tta_adapters/tta_v614
[2026-08-27 16:19:15,236][openttl.online.tta_runner][INFO] - TTA sync LoRA -> SGLang name=tta_v615 path=outputs/online_tta/online_tta_adapters/tta_v615
[2026-08-27 16:19:16,986][openttl.online.tta_runner][INFO] - TTA sync LoRA -> SGLang name=tta_v616 path=outputs/online_tta/online_tta_adapters/tta_v616
[2026-08-27 16:19:18,754][openttl.online.tta_runner][INFO] - TTA sync LoRA -> SGLang name=tta_v617 path=outputs/online_tta/online_tta_adapters/tta_v617
[2026-08-27 16:19:20,544][openttl.online.tta_runner][INFO] - TTA sync LoRA -> SGLang name=tta_v618 path=outputs/online_tta/online_tta_adapters/tta_v618
[2026-08-27 16:19:22,301][openttl.online.tta_runner][INFO] - TTA sync LoRA -> SGLang name=tta_v619 path=outputs/online_tta/online_tta_adapters/tta_v619
[2026-08-27 16:19:24,025][openttl.online.tta_runner][INFO] - TTA sync LoRA -> SGLang name=tta_v620 path=outputs/online_tta/online_tta_adapters/tta_v620
[620/4329] acc=0.7645 pred=C gold=B loss=6.11646828474477e-05 (1.7s/sample)
[2026-08-27 16:19:25,791][openttl.online.tta_runner][INFO] - TTA sync LoRA -> SGLang name=tta_v621 path=outputs/online_tta/online_tta_adapters/tta_v621
[2026-08-27 16:19:27,610][openttl.online.tta_runner][INFO] - TTA sync LoRA -> SGLang name=tta_v622 path=outputs/online_tta/online_tta_adapters/tta_v622
[2026-08-27 16:19:29,302][openttl.online.tta_runner][INFO] - TTA sync LoRA -> SGLang name=tta_v623 path=outputs/online_tta/online_tta_adapters/tta_v623
[2026-08-27 16:19:30,994][openttl.online.tta_runner][INFO] - TTA sync LoRA -> SGLang name=tta_v624 path=outputs/online_tta/online_tta_adapters/tta_v624
[2026-08-27 16:19:32,703][openttl.online.tta_runner][INFO] - TTA sync LoRA -> SGLang name=tta_v625 path=outputs/online_tta/online_tta_adapters/tta_v625
[2026-08-27 16:19:34,489][openttl.online.tta_runner][INFO] - TTA sync LoRA -> SGLang name=tta_v626 path=outputs/online_tta/online_tta_adapters/tta_v626
[2026-08-27 16:19:36,218][openttl.online.tta_runner][INFO] - TTA sync LoRA -> SGLang name=tta_v627 path=outputs/online_tta/online_tta_adapters/tta_v627
[2026-08-27 16:19:37,940][openttl.online.tta_runner][INFO] - TTA sync LoRA -> SGLang name=tta_v628 path=outputs/online_tta/online_tta_adapters/tta_v628
[2026-08-27 16:19:39,655][openttl.online.tta_runner][INFO] - TTA sync LoRA -> SGLang name=tta_v629 path=outputs/online_tta/online_tta_adapters/tta_v629
[2026-08-27 16:19:41,359][openttl.online.tta_runner][INFO] - TTA sync LoRA -> SGLang name=tta_v630 path=outputs/online_tta/online_tta_adapters/tta_v630
[2026-08-27 16:19:43,085][openttl.online.tta_runner][INFO] - TTA sync LoRA -> SGLang name=tta_v631 path=outputs/online_tta/online_tta_adapters/tta_v631
[2026-08-27 16:19:44,841][openttl.online.tta_runner][INFO] - TTA sync LoRA -> SGLang name=tta_v632 path=outputs/online_tta/online_tta_adapters/tta_v632
[2026-08-27 16:19:46,571][openttl.online.tta_runner][INFO] - TTA sync LoRA -> SGLang name=tta_v633 path=outputs/online_tta/online_tta_adapters/tta_v633
[2026-08-27 16:19:48,296][openttl.online.tta_runner][INFO] - TTA sync LoRA -> SGLang name=tta_v634 path=outputs/online_tta/online_tta_adapters/tta_v634
[2026-08-27 16:19:50,060][openttl.online.tta_runner][INFO] - TTA sync LoRA -> SGLang name=tta_v635 path=outputs/online_tta/online_tta_adapters/tta_v635
[2026-08-27 16:19:51,760][openttl.online.tta_runner][INFO] - TTA sync LoRA -> SGLang name=tta_v636 path=outputs/online_tta/online_tta_adapters/tta_v636
[2026-08-27 16:19:53,425][openttl.online.tta_runner][INFO] - TTA sync LoRA -> SGLang name=tta_v637 path=outputs/online_tta/online_tta_adapters/tta_v637
[2026-08-27 16:19:55,024][openttl.online.tta_runner][INFO] - TTA sync LoRA -> SGLang name=tta_v638 path=outputs/online_tta/online_tta_adapters/tta_v638
[2026-08-27 16:19:56,563][openttl.online.tta_runner][INFO] - TTA sync LoRA -> SGLang name=tta_v639 path=outputs/online_tta/online_tta_adapters/tta_v639
[2026-08-27 16:19:58,271][openttl.online.tta_runner][INFO] - TTA sync LoRA -> SGLang name=tta_v640 path=outputs/online_tta/online_tta_adapters/tta_v640
[640/4329] acc=0.7688 pred=C gold=C loss=0.000181323237484321 (1.7s/sample)
[2026-08-27 16:19:59,969][openttl.online.tta_runner][INFO] - TTA sync LoRA -> SGLang name=tta_v641 path=outputs/online_tta/online_tta_adapters/tta_v641
[2026-08-27 16:20:01,655][openttl.online.tta_runner][INFO] - TTA sync LoRA -> SGLang name=tta_v642 path=outputs/online_tta/online_tta_adapters/tta_v642
[2026-08-27 16:20:03,324][openttl.online.tta_runner][INFO] - TTA sync LoRA -> SGLang name=tta_v643 path=outputs/online_tta/online_tta_adapters/tta_v643
[2026-08-27 16:20:04,990][openttl.online.tta_runner][INFO] - TTA sync LoRA -> SGLang name=tta_v644 path=outputs/online_tta/online_tta_adapters/tta_v644
[2026-08-27 16:20:06,782][openttl.online.tta_runner][INFO] - TTA sync LoRA -> SGLang name=tta_v645 path=outputs/online_tta/online_tta_adapters/tta_v645
[2026-08-27 16:20:08,526][openttl.online.tta_runner][INFO] - TTA sync LoRA -> SGLang name=tta_v646 path=outputs/online_tta/online_tta_adapters/tta_v646
[2026-08-27 16:20:10,284][openttl.online.tta_runner][INFO] - TTA sync LoRA -> SGLang name=tta_v647 path=outputs/online_tta/online_tta_adapters/tta_v647
[2026-08-27 16:20:11,991][openttl.online.tta_runner][INFO] - TTA sync LoRA -> SGLang name=tta_v648 path=outputs/online_tta/online_tta_adapters/tta_v648
[2026-08-27 16:20:13,752][openttl.online.tta_runner][INFO] - TTA sync LoRA -> SGLang name=tta_v649 path=outputs/online_tta/online_tta_adapters/tta_v649
[2026-08-27 16:20:15,627][openttl.online.tta_runner][INFO] - TTA sync LoRA -> SGLang name=tta_v650 path=outputs/online_tta/online_tta_adapters/tta_v650
[2026-08-27 16:20:17,365][openttl.online.tta_runner][INFO] - TTA sync LoRA -> SGLang name=tta_v651 path=outputs/online_tta/online_tta_adapters/tta_v651
[2026-08-27 16:20:19,252][openttl.online.tta_runner][INFO] - TTA sync LoRA -> SGLang name=tta_v652 path=outputs/online_tta/online_tta_adapters/tta_v652
[2026-08-27 16:20:21,026][openttl.online.tta_runner][INFO] - TTA sync LoRA -> SGLang name=tta_v653 path=outputs/online_tta/online_tta_adapters/tta_v653
[2026-08-27 16:20:22,766][openttl.online.tta_runner][INFO] - TTA sync LoRA -> SGLang name=tta_v654 path=outputs/online_tta/online_tta_adapters/tta_v654
[2026-08-27 16:20:24,453][openttl.online.tta_runner][INFO] - TTA sync LoRA -> SGLang name=tta_v655 path=outputs/online_tta/online_tta_adapters/tta_v655
[2026-08-27 16:20:26,197][openttl.online.tta_runner][INFO] - TTA sync LoRA -> SGLang name=tta_v656 path=outputs/online_tta/online_tta_adapters/tta_v656
[2026-08-27 16:20:27,901][openttl.online.tta_runner][INFO] - TTA sync LoRA -> SGLang name=tta_v657 path=outputs/online_tta/online_tta_adapters/tta_v657
[2026-08-27 16:20:29,656][openttl.online.tta_runner][INFO] - TTA sync LoRA -> SGLang name=tta_v658 path=outputs/online_tta/online_tta_adapters/tta_v658
[2026-08-27 16:20:31,446][openttl.online.tta_runner][INFO] - TTA sync LoRA -> SGLang name=tta_v659 path=outputs/online_tta/online_tta_adapters/tta_v659
[2026-08-27 16:20:33,283][openttl.online.tta_runner][INFO] - TTA sync LoRA -> SGLang name=tta_v660 path=outputs/online_tta/online_tta_adapters/tta_v660
[660/4329] acc=0.7682 pred=B gold=C loss=6.53710521874018e-05 (1.7s/sample)
[2026-08-27 16:20:34,856][openttl.online.tta_runner][INFO] - TTA sync LoRA -> SGLang name=tta_v661 path=outputs/online_tta/online_tta_adapters/tta_v661
[2026-08-27 16:20:36,516][openttl.online.tta_runner][INFO] - TTA sync LoRA -> SGLang name=tta_v662 path=outputs/online_tta/online_tta_adapters/tta_v662
[2026-08-27 16:20:38,288][openttl.online.tta_runner][INFO] - TTA sync LoRA -> SGLang name=tta_v663 path=outputs/online_tta/online_tta_adapters/tta_v663
[2026-08-27 16:20:40,111][openttl.online.tta_runner][INFO] - TTA sync LoRA -> SGLang name=tta_v664 path=outputs/online_tta/online_tta_adapters/tta_v664
[2026-08-27 16:20:41,842][openttl.online.tta_runner][INFO] - TTA sync LoRA -> SGLang name=tta_v665 path=outputs/online_tta/online_tta_adapters/tta_v665
[2026-08-27 16:20:43,558][openttl.online.tta_runner][INFO] - TTA sync LoRA -> SGLang name=tta_v666 path=outputs/online_tta/online_tta_adapters/tta_v666
[2026-08-27 16:20:45,225][openttl.online.tta_runner][INFO] - TTA sync LoRA -> SGLang name=tta_v667 path=outputs/online_tta/online_tta_adapters/tta_v667
[2026-08-27 16:20:46,931][openttl.online.tta_runner][INFO] - TTA sync LoRA -> SGLang name=tta_v668 path=outputs/online_tta/online_tta_adapters/tta_v668
[2026-08-27 16:20:48,617][openttl.online.tta_runner][INFO] - TTA sync LoRA -> SGLang name=tta_v669 path=outputs/online_tta/online_tta_adapters/tta_v669
[2026-08-27 16:20:50,337][openttl.online.tta_runner][INFO] - TTA sync LoRA -> SGLang name=tta_v670 path=outputs/online_tta/online_tta_adapters/tta_v670
[2026-08-27 16:20:52,116][openttl.online.tta_runner][INFO] - TTA sync LoRA -> SGLang name=tta_v671 path=outputs/online_tta/online_tta_adapters/tta_v671
[2026-08-27 16:20:53,801][openttl.online.tta_runner][INFO] - TTA sync LoRA -> SGLang name=tta_v672 path=outputs/online_tta/online_tta_adapters/tta_v672
[2026-08-27 16:20:55,536][openttl.online.tta_runner][INFO] - TTA sync LoRA -> SGLang name=tta_v673 path=outputs/online_tta/online_tta_adapters/tta_v673
[2026-08-27 16:20:57,229][openttl.online.tta_runner][INFO] - TTA sync LoRA -> SGLang name=tta_v674 path=outputs/online_tta/online_tta_adapters/tta_v674
[2026-08-27 16:20:58,927][openttl.online.tta_runner][INFO] - TTA sync LoRA -> SGLang name=tta_v675 path=outputs/online_tta/online_tta_adapters/tta_v675
[2026-08-27 16:21:00,627][openttl.online.tta_runner][INFO] - TTA sync LoRA -> SGLang name=tta_v676 path=outputs/online_tta/online_tta_adapters/tta_v676
[2026-08-27 16:21:02,313][openttl.online.tta_runner][INFO] - TTA sync LoRA -> SGLang name=tta_v677 path=outputs/online_tta/online_tta_adapters/tta_v677
[2026-08-27 16:21:04,092][openttl.online.tta_runner][INFO] - TTA sync LoRA -> SGLang name=tta_v678 path=outputs/online_tta/online_tta_adapters/tta_v678
[2026-08-27 16:21:05,770][openttl.online.tta_runner][INFO] - TTA sync LoRA -> SGLang name=tta_v679 path=outputs/online_tta/online_tta_adapters/tta_v679
[2026-08-27 16:21:07,473][openttl.online.tta_runner][INFO] - TTA sync LoRA -> SGLang name=tta_v680 path=outputs/online_tta/online_tta_adapters/tta_v680
[680/4329] acc=0.7735 pred=D gold=D loss=5.106602839077823e-05 (1.7s/sample)
[2026-08-27 16:21:09,257][openttl.online.tta_runner][INFO] - TTA sync LoRA -> SGLang name=tta_v681 path=outputs/online_tta/online_tta_adapters/tta_v681
[2026-08-27 16:21:10,963][openttl.online.tta_runner][INFO] - TTA sync LoRA -> SGLang name=tta_v682 path=outputs/online_tta/online_tta_adapters/tta_v682
[2026-08-27 16:21:12,673][openttl.online.tta_runner][INFO] - TTA sync LoRA -> SGLang name=tta_v683 path=outputs/online_tta/online_tta_adapters/tta_v683
[2026-08-27 16:21:14,361][openttl.online.tta_runner][INFO] - TTA sync LoRA -> SGLang name=tta_v684 path=outputs/online_tta/online_tta_adapters/tta_v684
[2026-08-27 16:21:16,097][openttl.online.tta_runner][INFO] - TTA sync LoRA -> SGLang name=tta_v685 path=outputs/online_tta/online_tta_adapters/tta_v685
[2026-08-27 16:21:17,823][openttl.online.tta_runner][INFO] - TTA sync LoRA -> SGLang name=tta_v686 path=outputs/online_tta/online_tta_adapters/tta_v686
[2026-08-27 16:21:19,528][openttl.online.tta_runner][INFO] - TTA sync LoRA -> SGLang name=tta_v687 path=outputs/online_tta/online_tta_adapters/tta_v687
[2026-08-27 16:21:21,256][openttl.online.tta_runner][INFO] - TTA sync LoRA -> SGLang name=tta_v688 path=outputs/online_tta/online_tta_adapters/tta_v688
[2026-08-27 16:21:22,948][openttl.online.tta_runner][INFO] - TTA sync LoRA -> SGLang name=tta_v689 path=outputs/online_tta/online_tta_adapters/tta_v689
[2026-08-27 16:21:24,634][openttl.online.tta_runner][INFO] - TTA sync LoRA -> SGLang name=tta_v690 path=outputs/online_tta/online_tta_adapters/tta_v690
[2026-08-27 16:21:26,327][openttl.online.tta_runner][INFO] - TTA sync LoRA -> SGLang name=tta_v691 path=outputs/online_tta/online_tta_adapters/tta_v691
[2026-08-27 16:21:27,922][openttl.online.tta_runner][INFO] - TTA sync LoRA -> SGLang name=tta_v692 path=outputs/online_tta/online_tta_adapters/tta_v692
[2026-08-27 16:21:29,523][openttl.online.tta_runner][INFO] - TTA sync LoRA -> SGLang name=tta_v693 path=outputs/online_tta/online_tta_adapters/tta_v693
[2026-08-27 16:21:31,263][openttl.online.tta_runner][INFO] - TTA sync LoRA -> SGLang name=tta_v694 path=outputs/online_tta/online_tta_adapters/tta_v694
[2026-08-27 16:21:32,945][openttl.online.tta_runner][INFO] - TTA sync LoRA -> SGLang name=tta_v695 path=outputs/online_tta/online_tta_adapters/tta_v695
[2026-08-27 16:21:34,639][openttl.online.tta_runner][INFO] - TTA sync LoRA -> SGLang name=tta_v696 path=outputs/online_tta/online_tta_adapters/tta_v696
[2026-08-27 16:21:36,318][openttl.online.tta_runner][INFO] - TTA sync LoRA -> SGLang name=tta_v697 path=outputs/online_tta/online_tta_adapters/tta_v697
[2026-08-27 16:21:38,036][openttl.online.tta_runner][INFO] - TTA sync LoRA -> SGLang name=tta_v698 path=outputs/online_tta/online_tta_adapters/tta_v698
[2026-08-27 16:21:39,783][openttl.online.tta_runner][INFO] - TTA sync LoRA -> SGLang name=tta_v699 path=outputs/online_tta/online_tta_adapters/tta_v699
[2026-08-27 16:21:41,498][openttl.online.tta_runner][INFO] - TTA sync LoRA -> SGLang name=tta_v700 path=outputs/online_tta/online_tta_adapters/tta_v700
[700/4329] acc=0.7786 pred=B gold=B loss=4.230215199640952e-05 (1.7s/sample)
[2026-08-27 16:21:43,264][openttl.online.tta_runner][INFO] - TTA sync LoRA -> SGLang name=tta_v701 path=outputs/online_tta/online_tta_adapters/tta_v701
[2026-08-27 16:21:45,034][openttl.online.tta_runner][INFO] - TTA sync LoRA -> SGLang name=tta_v702 path=outputs/online_tta/online_tta_adapters/tta_v702
[2026-08-27 16:21:46,763][openttl.online.tta_runner][INFO] - TTA sync LoRA -> SGLang name=tta_v703 path=outputs/online_tta/online_tta_adapters/tta_v703
[2026-08-27 16:21:48,532][openttl.online.tta_runner][INFO] - TTA sync LoRA -> SGLang name=tta_v704 path=outputs/online_tta/online_tta_adapters/tta_v704
[2026-08-27 16:21:50,262][openttl.online.tta_runner][INFO] - TTA sync LoRA -> SGLang name=tta_v705 path=outputs/online_tta/online_tta_adapters/tta_v705
[2026-08-27 16:21:51,962][openttl.online.tta_runner][INFO] - TTA sync LoRA -> SGLang name=tta_v706 path=outputs/online_tta/online_tta_adapters/tta_v706
[2026-08-27 16:21:53,669][openttl.online.tta_runner][INFO] - TTA sync LoRA -> SGLang name=tta_v707 path=outputs/online_tta/online_tta_adapters/tta_v707
[2026-08-27 16:21:55,332][openttl.online.tta_runner][INFO] - TTA sync LoRA -> SGLang name=tta_v708 path=outputs/online_tta/online_tta_adapters/tta_v708
[2026-08-27 16:21:57,036][openttl.online.tta_runner][INFO] - TTA sync LoRA -> SGLang name=tta_v709 path=outputs/online_tta/online_tta_adapters/tta_v709
[2026-08-27 16:21:58,731][openttl.online.tta_runner][INFO] - TTA sync LoRA -> SGLang name=tta_v710 path=outputs/online_tta/online_tta_adapters/tta_v710
[2026-08-27 16:22:00,418][openttl.online.tta_runner][INFO] - TTA sync LoRA -> SGLang name=tta_v711 path=outputs/online_tta/online_tta_adapters/tta_v711
[2026-08-27 16:22:02,115][openttl.online.tta_runner][INFO] - TTA sync LoRA -> SGLang name=tta_v712 path=outputs/online_tta/online_tta_adapters/tta_v712
[2026-08-27 16:22:03,821][openttl.online.tta_runner][INFO] - TTA sync LoRA -> SGLang name=tta_v713 path=outputs/online_tta/online_tta_adapters/tta_v713
[2026-08-27 16:22:05,483][openttl.online.tta_runner][INFO] - TTA sync LoRA -> SGLang name=tta_v714 path=outputs/online_tta/online_tta_adapters/tta_v714
[2026-08-27 16:22:07,159][openttl.online.tta_runner][INFO] - TTA sync LoRA -> SGLang name=tta_v715 path=outputs/online_tta/online_tta_adapters/tta_v715
[2026-08-27 16:22:08,847][openttl.online.tta_runner][INFO] - TTA sync LoRA -> SGLang name=tta_v716 path=outputs/online_tta/online_tta_adapters/tta_v716
[2026-08-27 16:22:10,516][openttl.online.tta_runner][INFO] - TTA sync LoRA -> SGLang name=tta_v717 path=outputs/online_tta/online_tta_adapters/tta_v717
[2026-08-27 16:22:12,227][openttl.online.tta_runner][INFO] - TTA sync LoRA -> SGLang name=tta_v718 path=outputs/online_tta/online_tta_adapters/tta_v718
[2026-08-27 16:22:13,922][openttl.online.tta_runner][INFO] - TTA sync LoRA -> SGLang name=tta_v719 path=outputs/online_tta/online_tta_adapters/tta_v719
[2026-08-27 16:22:15,592][openttl.online.tta_runner][INFO] - TTA sync LoRA -> SGLang name=tta_v720 path=outputs/online_tta/online_tta_adapters/tta_v720
[720/4329] acc=0.7847 pred=D gold=D loss=4.212064959574491e-05 (1.7s/sample)
[2026-08-27 16:22:17,258][openttl.online.tta_runner][INFO] - TTA sync LoRA -> SGLang name=tta_v721 path=outputs/online_tta/online_tta_adapters/tta_v721
[2026-08-27 16:22:18,934][openttl.online.tta_runner][INFO] - TTA sync LoRA -> SGLang name=tta_v722 path=outputs/online_tta/online_tta_adapters/tta_v722
[2026-08-27 16:22:20,542][openttl.online.tta_runner][INFO] - TTA sync LoRA -> SGLang name=tta_v723 path=outputs/online_tta/online_tta_adapters/tta_v723
[2026-08-27 16:22:22,244][openttl.online.tta_runner][INFO] - TTA sync LoRA -> SGLang name=tta_v724 path=outputs/online_tta/online_tta_adapters/tta_v724
[2026-08-27 16:22:23,916][openttl.online.tta_runner][INFO] - TTA sync LoRA -> SGLang name=tta_v725 path=outputs/online_tta/online_tta_adapters/tta_v725
[2026-08-27 16:22:25,607][openttl.online.tta_runner][INFO] - TTA sync LoRA -> SGLang name=tta_v726 path=outputs/online_tta/online_tta_adapters/tta_v726
[2026-08-27 16:22:27,311][openttl.online.tta_runner][INFO] - TTA sync LoRA -> SGLang name=tta_v727 path=outputs/online_tta/online_tta_adapters/tta_v727
[2026-08-27 16:22:29,146][openttl.online.tta_runner][INFO] - TTA sync LoRA -> SGLang name=tta_v728 path=outputs/online_tta/online_tta_adapters/tta_v728
[2026-08-27 16:22:30,942][openttl.online.tta_runner][INFO] - TTA sync LoRA -> SGLang name=tta_v729 path=outputs/online_tta/online_tta_adapters/tta_v729
[2026-08-27 16:22:32,417][openttl.online.tta_runner][INFO] - TTA sync LoRA -> SGLang name=tta_v730 path=outputs/online_tta/online_tta_adapters/tta_v730
[2026-08-27 16:22:34,171][openttl.online.tta_runner][INFO] - TTA sync LoRA -> SGLang name=tta_v731 path=outputs/online_tta/online_tta_adapters/tta_v731
[2026-08-27 16:22:35,913][openttl.online.tta_runner][INFO] - TTA sync LoRA -> SGLang name=tta_v732 path=outputs/online_tta/online_tta_adapters/tta_v732
[2026-08-27 16:22:37,555][openttl.online.tta_runner][INFO] - TTA sync LoRA -> SGLang name=tta_v733 path=outputs/online_tta/online_tta_adapters/tta_v733
[2026-08-27 16:22:39,331][openttl.online.tta_runner][INFO] - TTA sync LoRA -> SGLang name=tta_v734 path=outputs/online_tta/online_tta_adapters/tta_v734
[2026-08-27 16:22:41,118][openttl.online.tta_runner][INFO] - TTA sync LoRA -> SGLang name=tta_v735 path=outputs/online_tta/online_tta_adapters/tta_v735
[2026-08-27 16:22:42,857][openttl.online.tta_runner][INFO] - TTA sync LoRA -> SGLang name=tta_v736 path=outputs/online_tta/online_tta_adapters/tta_v736
[2026-08-27 16:22:44,668][openttl.online.tta_runner][INFO] - TTA sync LoRA -> SGLang name=tta_v737 path=outputs/online_tta/online_tta_adapters/tta_v737
[2026-08-27 16:22:46,441][openttl.online.tta_runner][INFO] - TTA sync LoRA -> SGLang name=tta_v738 path=outputs/online_tta/online_tta_adapters/tta_v738
[2026-08-27 16:22:48,042][openttl.online.tta_runner][INFO] - TTA sync LoRA -> SGLang name=tta_v739 path=outputs/online_tta/online_tta_adapters/tta_v739
[2026-08-27 16:22:49,778][openttl.online.tta_runner][INFO] - TTA sync LoRA -> SGLang name=tta_v740 path=outputs/online_tta/online_tta_adapters/tta_v740
[740/4329] acc=0.7892 pred=D gold=A loss=0.0013989307917654514 (1.7s/sample)
[2026-08-27 16:22:51,478][openttl.online.tta_runner][INFO] - TTA sync LoRA -> SGLang name=tta_v741 path=outputs/online_tta/online_tta_adapters/tta_v741
[2026-08-27 16:22:53,269][openttl.online.tta_runner][INFO] - TTA sync LoRA -> SGLang name=tta_v742 path=outputs/online_tta/online_tta_adapters/tta_v742
[2026-08-27 16:22:55,074][openttl.online.tta_runner][INFO] - TTA sync LoRA -> SGLang name=tta_v743 path=outputs/online_tta/online_tta_adapters/tta_v743
[2026-08-27 16:22:56,874][openttl.online.tta_runner][INFO] - TTA sync LoRA -> SGLang name=tta_v744 path=outputs/online_tta/online_tta_adapters/tta_v744
[2026-08-27 16:22:58,667][openttl.online.tta_runner][INFO] - TTA sync LoRA -> SGLang name=tta_v745 path=outputs/online_tta/online_tta_adapters/tta_v745
[2026-08-27 16:23:00,377][openttl.online.tta_runner][INFO] - TTA sync LoRA -> SGLang name=tta_v746 path=outputs/online_tta/online_tta_adapters/tta_v746
[2026-08-27 16:23:02,168][openttl.online.tta_runner][INFO] - TTA sync LoRA -> SGLang name=tta_v747 path=outputs/online_tta/online_tta_adapters/tta_v747
[2026-08-27 16:23:03,953][openttl.online.tta_runner][INFO] - TTA sync LoRA -> SGLang name=tta_v748 path=outputs/online_tta/online_tta_adapters/tta_v748
[2026-08-27 16:23:05,638][openttl.online.tta_runner][INFO] - TTA sync LoRA -> SGLang name=tta_v749 path=outputs/online_tta/online_tta_adapters/tta_v749
[2026-08-27 16:23:07,417][openttl.online.tta_runner][INFO] - TTA sync LoRA -> SGLang name=tta_v750 path=outputs/online_tta/online_tta_adapters/tta_v750
[2026-08-27 16:23:09,106][openttl.online.tta_runner][INFO] - TTA sync LoRA -> SGLang name=tta_v751 path=outputs/online_tta/online_tta_adapters/tta_v751
[2026-08-27 16:23:10,866][openttl.online.tta_runner][INFO] - TTA sync LoRA -> SGLang name=tta_v752 path=outputs/online_tta/online_tta_adapters/tta_v752
[2026-08-27 16:23:12,363][openttl.online.tta_runner][INFO] - TTA sync LoRA -> SGLang name=tta_v753 path=outputs/online_tta/online_tta_adapters/tta_v753
[2026-08-27 16:23:13,859][openttl.online.tta_runner][INFO] - TTA sync LoRA -> SGLang name=tta_v754 path=outputs/online_tta/online_tta_adapters/tta_v754
[2026-08-27 16:23:15,366][openttl.online.tta_runner][INFO] - TTA sync LoRA -> SGLang name=tta_v755 path=outputs/online_tta/online_tta_adapters/tta_v755
[2026-08-27 16:23:16,959][openttl.online.tta_runner][INFO] - TTA sync LoRA -> SGLang name=tta_v756 path=outputs/online_tta/online_tta_adapters/tta_v756
[2026-08-27 16:23:18,550][openttl.online.tta_runner][INFO] - TTA sync LoRA -> SGLang name=tta_v757 path=outputs/online_tta/online_tta_adapters/tta_v757
[2026-08-27 16:23:20,133][openttl.online.tta_runner][INFO] - TTA sync LoRA -> SGLang name=tta_v758 path=outputs/online_tta/online_tta_adapters/tta_v758
[2026-08-27 16:23:21,723][openttl.online.tta_runner][INFO] - TTA sync LoRA -> SGLang name=tta_v759 path=outputs/online_tta/online_tta_adapters/tta_v759
[2026-08-27 16:23:23,305][openttl.online.tta_runner][INFO] - TTA sync LoRA -> SGLang name=tta_v760 path=outputs/online_tta/online_tta_adapters/tta_v760
[760/4329] acc=0.7921 pred=B gold=B loss=0.0038189368788152933 (1.7s/sample)
[2026-08-27 16:23:24,935][openttl.online.tta_runner][INFO] - TTA sync LoRA -> SGLang name=tta_v761 path=outputs/online_tta/online_tta_adapters/tta_v761
[2026-08-27 16:23:26,554][openttl.online.tta_runner][INFO] - TTA sync LoRA -> SGLang name=tta_v762 path=outputs/online_tta/online_tta_adapters/tta_v762
[2026-08-27 16:23:28,271][openttl.online.tta_runner][INFO] - TTA sync LoRA -> SGLang name=tta_v763 path=outputs/online_tta/online_tta_adapters/tta_v763
[2026-08-27 16:23:29,960][openttl.online.tta_runner][INFO] - TTA sync LoRA -> SGLang name=tta_v764 path=outputs/online_tta/online_tta_adapters/tta_v764
[2026-08-27 16:23:31,671][openttl.online.tta_runner][INFO] - TTA sync LoRA -> SGLang name=tta_v765 path=outputs/online_tta/online_tta_adapters/tta_v765
[2026-08-27 16:23:33,409][openttl.online.tta_runner][INFO] - TTA sync LoRA -> SGLang name=tta_v766 path=outputs/online_tta/online_tta_adapters/tta_v766
[2026-08-27 16:23:35,120][openttl.online.tta_runner][INFO] - TTA sync LoRA -> SGLang name=tta_v767 path=outputs/online_tta/online_tta_adapters/tta_v767
[2026-08-27 16:23:36,913][openttl.online.tta_runner][INFO] - TTA sync LoRA -> SGLang name=tta_v768 path=outputs/online_tta/online_tta_adapters/tta_v768
[2026-08-27 16:23:38,634][openttl.online.tta_runner][INFO] - TTA sync LoRA -> SGLang name=tta_v769 path=outputs/online_tta/online_tta_adapters/tta_v769
[2026-08-27 16:23:40,440][openttl.online.tta_runner][INFO] - TTA sync LoRA -> SGLang name=tta_v770 path=outputs/online_tta/online_tta_adapters/tta_v770
[2026-08-27 16:23:42,148][openttl.online.tta_runner][INFO] - TTA sync LoRA -> SGLang name=tta_v771 path=outputs/online_tta/online_tta_adapters/tta_v771
[2026-08-27 16:23:43,915][openttl.online.tta_runner][INFO] - TTA sync LoRA -> SGLang name=tta_v772 path=outputs/online_tta/online_tta_adapters/tta_v772
[2026-08-27 16:23:45,620][openttl.online.tta_runner][INFO] - TTA sync LoRA -> SGLang name=tta_v773 path=outputs/online_tta/online_tta_adapters/tta_v773
[2026-08-27 16:23:47,307][openttl.online.tta_runner][INFO] - TTA sync LoRA -> SGLang name=tta_v774 path=outputs/online_tta/online_tta_adapters/tta_v774
[2026-08-27 16:23:49,079][openttl.online.tta_runner][INFO] - TTA sync LoRA -> SGLang name=tta_v775 path=outputs/online_tta/online_tta_adapters/tta_v775
[2026-08-27 16:23:50,788][openttl.online.tta_runner][INFO] - TTA sync LoRA -> SGLang name=tta_v776 path=outputs/online_tta/online_tta_adapters/tta_v776
[2026-08-27 16:23:52,474][openttl.online.tta_runner][INFO] - TTA sync LoRA -> SGLang name=tta_v777 path=outputs/online_tta/online_tta_adapters/tta_v777
[2026-08-27 16:23:54,185][openttl.online.tta_runner][INFO] - TTA sync LoRA -> SGLang name=tta_v778 path=outputs/online_tta/online_tta_adapters/tta_v778
[2026-08-27 16:23:55,969][openttl.online.tta_runner][INFO] - TTA sync LoRA -> SGLang name=tta_v779 path=outputs/online_tta/online_tta_adapters/tta_v779
[2026-08-27 16:23:57,675][openttl.online.tta_runner][INFO] - TTA sync LoRA -> SGLang name=tta_v780 path=outputs/online_tta/online_tta_adapters/tta_v780
[780/4329] acc=0.7962 pred=D gold=D loss=3.5521250538295135e-05 (1.7s/sample)
[2026-08-27 16:23:59,365][openttl.online.tta_runner][INFO] - TTA sync LoRA -> SGLang name=tta_v781 path=outputs/online_tta/online_tta_adapters/tta_v781
[2026-08-27 16:24:01,042][openttl.online.tta_runner][INFO] - TTA sync LoRA -> SGLang name=tta_v782 path=outputs/online_tta/online_tta_adapters/tta_v782
[2026-08-27 16:24:02,737][openttl.online.tta_runner][INFO] - TTA sync LoRA -> SGLang name=tta_v783 path=outputs/online_tta/online_tta_adapters/tta_v783
[2026-08-27 16:24:04,422][openttl.online.tta_runner][INFO] - TTA sync LoRA -> SGLang name=tta_v784 path=outputs/online_tta/online_tta_adapters/tta_v784
[2026-08-27 16:24:06,132][openttl.online.tta_runner][INFO] - TTA sync LoRA -> SGLang name=tta_v785 path=outputs/online_tta/online_tta_adapters/tta_v785
[2026-08-27 16:24:07,830][openttl.online.tta_runner][INFO] - TTA sync LoRA -> SGLang name=tta_v786 path=outputs/online_tta/online_tta_adapters/tta_v786
[2026-08-27 16:24:09,538][openttl.online.tta_runner][INFO] - TTA sync LoRA -> SGLang name=tta_v787 path=outputs/online_tta/online_tta_adapters/tta_v787
[2026-08-27 16:24:11,321][openttl.online.tta_runner][INFO] - TTA sync LoRA -> SGLang name=tta_v788 path=outputs/online_tta/online_tta_adapters/tta_v788
[2026-08-27 16:24:12,948][openttl.online.tta_runner][INFO] - TTA sync LoRA -> SGLang name=tta_v789 path=outputs/online_tta/online_tta_adapters/tta_v789
[2026-08-27 16:24:14,535][openttl.online.tta_runner][INFO] - TTA sync LoRA -> SGLang name=tta_v790 path=outputs/online_tta/online_tta_adapters/tta_v790
[2026-08-27 16:24:16,163][openttl.online.tta_runner][INFO] - TTA sync LoRA -> SGLang name=tta_v791 path=outputs/online_tta/online_tta_adapters/tta_v791
[2026-08-27 16:24:17,782][openttl.online.tta_runner][INFO] - TTA sync LoRA -> SGLang name=tta_v792 path=outputs/online_tta/online_tta_adapters/tta_v792
[2026-08-27 16:24:19,384][openttl.online.tta_runner][INFO] - TTA sync LoRA -> SGLang name=tta_v793 path=outputs/online_tta/online_tta_adapters/tta_v793
[2026-08-27 16:24:20,965][openttl.online.tta_runner][INFO] - TTA sync LoRA -> SGLang name=tta_v794 path=outputs/online_tta/online_tta_adapters/tta_v794
[2026-08-27 16:24:22,570][openttl.online.tta_runner][INFO] - TTA sync LoRA -> SGLang name=tta_v795 path=outputs/online_tta/online_tta_adapters/tta_v795
[2026-08-27 16:24:24,175][openttl.online.tta_runner][INFO] - TTA sync LoRA -> SGLang name=tta_v796 path=outputs/online_tta/online_tta_adapters/tta_v796
[2026-08-27 16:24:25,793][openttl.online.tta_runner][INFO] - TTA sync LoRA -> SGLang name=tta_v797 path=outputs/online_tta/online_tta_adapters/tta_v797
[2026-08-27 16:24:27,304][openttl.online.tta_runner][INFO] - TTA sync LoRA -> SGLang name=tta_v798 path=outputs/online_tta/online_tta_adapters/tta_v798
[2026-08-27 16:24:28,897][openttl.online.tta_runner][INFO] - TTA sync LoRA -> SGLang name=tta_v799 path=outputs/online_tta/online_tta_adapters/tta_v799
[2026-08-27 16:24:30,494][openttl.online.tta_runner][INFO] - TTA sync LoRA -> SGLang name=tta_v800 path=outputs/online_tta/online_tta_adapters/tta_v800
[800/4329] acc=0.8013 pred=A gold=A loss=4.543221803032793e-05 (1.7s/sample)
[2026-08-27 16:24:32,097][openttl.online.tta_runner][INFO] - TTA sync LoRA -> SGLang name=tta_v801 path=outputs/online_tta/online_tta_adapters/tta_v801
[2026-08-27 16:24:33,701][openttl.online.tta_runner][INFO] - TTA sync LoRA -> SGLang name=tta_v802 path=outputs/online_tta/online_tta_adapters/tta_v802
[2026-08-27 16:24:35,284][openttl.online.tta_runner][INFO] - TTA sync LoRA -> SGLang name=tta_v803 path=outputs/online_tta/online_tta_adapters/tta_v803
[2026-08-27 16:24:36,880][openttl.online.tta_runner][INFO] - TTA sync LoRA -> SGLang name=tta_v804 path=outputs/online_tta/online_tta_adapters/tta_v804
[2026-08-27 16:24:38,524][openttl.online.tta_runner][INFO] - TTA sync LoRA -> SGLang name=tta_v805 path=outputs/online_tta/online_tta_adapters/tta_v805
[2026-08-27 16:24:40,164][openttl.online.tta_runner][INFO] - TTA sync LoRA -> SGLang name=tta_v806 path=outputs/online_tta/online_tta_adapters/tta_v806
[2026-08-27 16:24:41,761][openttl.online.tta_runner][INFO] - TTA sync LoRA -> SGLang name=tta_v807 path=outputs/online_tta/online_tta_adapters/tta_v807
[2026-08-27 16:24:43,423][openttl.online.tta_runner][INFO] - TTA sync LoRA -> SGLang name=tta_v808 path=outputs/online_tta/online_tta_adapters/tta_v808
[2026-08-27 16:24:45,233][openttl.online.tta_runner][INFO] - TTA sync LoRA -> SGLang name=tta_v809 path=outputs/online_tta/online_tta_adapters/tta_v809
[2026-08-27 16:24:46,963][openttl.online.tta_runner][INFO] - TTA sync LoRA -> SGLang name=tta_v810 path=outputs/online_tta/online_tta_adapters/tta_v810
[2026-08-27 16:24:48,683][openttl.online.tta_runner][INFO] - TTA sync LoRA -> SGLang name=tta_v811 path=outputs/online_tta/online_tta_adapters/tta_v811
[2026-08-27 16:24:50,314][openttl.online.tta_runner][INFO] - TTA sync LoRA -> SGLang name=tta_v812 path=outputs/online_tta/online_tta_adapters/tta_v812
[2026-08-27 16:24:51,869][openttl.online.tta_runner][INFO] - TTA sync LoRA -> SGLang name=tta_v813 path=outputs/online_tta/online_tta_adapters/tta_v813
[2026-08-27 16:24:53,402][openttl.online.tta_runner][INFO] - TTA sync LoRA -> SGLang name=tta_v814 path=outputs/online_tta/online_tta_adapters/tta_v814
[2026-08-27 16:24:55,080][openttl.online.tta_runner][INFO] - TTA sync LoRA -> SGLang name=tta_v815 path=outputs/online_tta/online_tta_adapters/tta_v815
[2026-08-27 16:24:56,924][openttl.online.tta_runner][INFO] - TTA sync LoRA -> SGLang name=tta_v816 path=outputs/online_tta/online_tta_adapters/tta_v816
[2026-08-27 16:24:58,791][openttl.online.tta_runner][INFO] - TTA sync LoRA -> SGLang name=tta_v817 path=outputs/online_tta/online_tta_adapters/tta_v817
[2026-08-27 16:25:00,438][openttl.online.tta_runner][INFO] - TTA sync LoRA -> SGLang name=tta_v818 path=outputs/online_tta/online_tta_adapters/tta_v818
[2026-08-27 16:25:02,205][openttl.online.tta_runner][INFO] - TTA sync LoRA -> SGLang name=tta_v819 path=outputs/online_tta/online_tta_adapters/tta_v819
[2026-08-27 16:25:03,959][openttl.online.tta_runner][INFO] - TTA sync LoRA -> SGLang name=tta_v820 path=outputs/online_tta/online_tta_adapters/tta_v820
[820/4329] acc=0.8061 pred=A gold=A loss=3.181654756190255e-05 (1.7s/sample)
[2026-08-27 16:25:05,740][openttl.online.tta_runner][INFO] - TTA sync LoRA -> SGLang name=tta_v821 path=outputs/online_tta/online_tta_adapters/tta_v821
[2026-08-27 16:25:07,473][openttl.online.tta_runner][INFO] - TTA sync LoRA -> SGLang name=tta_v822 path=outputs/online_tta/online_tta_adapters/tta_v822
[2026-08-27 16:25:09,174][openttl.online.tta_runner][INFO] - TTA sync LoRA -> SGLang name=tta_v823 path=outputs/online_tta/online_tta_adapters/tta_v823
[2026-08-27 16:25:10,966][openttl.online.tta_runner][INFO] - TTA sync LoRA -> SGLang name=tta_v824 path=outputs/online_tta/online_tta_adapters/tta_v824
[2026-08-27 16:25:12,744][openttl.online.tta_runner][INFO] - TTA sync LoRA -> SGLang name=tta_v825 path=outputs/online_tta/online_tta_adapters/tta_v825
[2026-08-27 16:25:14,468][openttl.online.tta_runner][INFO] - TTA sync LoRA -> SGLang name=tta_v826 path=outputs/online_tta/online_tta_adapters/tta_v826
[2026-08-27 16:25:16,219][openttl.online.tta_runner][INFO] - TTA sync LoRA -> SGLang name=tta_v827 path=outputs/online_tta/online_tta_adapters/tta_v827
[2026-08-27 16:25:18,064][openttl.online.tta_runner][INFO] - TTA sync LoRA -> SGLang name=tta_v828 path=outputs/online_tta/online_tta_adapters/tta_v828
[2026-08-27 16:25:19,662][openttl.online.tta_runner][INFO] - TTA sync LoRA -> SGLang name=tta_v829 path=outputs/online_tta/online_tta_adapters/tta_v829
[2026-08-27 16:25:21,388][openttl.online.tta_runner][INFO] - TTA sync LoRA -> SGLang name=tta_v830 path=outputs/online_tta/online_tta_adapters/tta_v830
[2026-08-27 16:25:23,132][openttl.online.tta_runner][INFO] - TTA sync LoRA -> SGLang name=tta_v831 path=outputs/online_tta/online_tta_adapters/tta_v831
[2026-08-27 16:25:24,942][openttl.online.tta_runner][INFO] - TTA sync LoRA -> SGLang name=tta_v832 path=outputs/online_tta/online_tta_adapters/tta_v832
[2026-08-27 16:25:26,857][openttl.online.tta_runner][INFO] - TTA sync LoRA -> SGLang name=tta_v833 path=outputs/online_tta/online_tta_adapters/tta_v833
[2026-08-27 16:25:28,553][openttl.online.tta_runner][INFO] - TTA sync LoRA -> SGLang name=tta_v834 path=outputs/online_tta/online_tta_adapters/tta_v834
[2026-08-27 16:25:30,297][openttl.online.tta_runner][INFO] - TTA sync LoRA -> SGLang name=tta_v835 path=outputs/online_tta/online_tta_adapters/tta_v835
[2026-08-27 16:25:32,049][openttl.online.tta_runner][INFO] - TTA sync LoRA -> SGLang name=tta_v836 path=outputs/online_tta/online_tta_adapters/tta_v836
[2026-08-27 16:25:33,780][openttl.online.tta_runner][INFO] - TTA sync LoRA -> SGLang name=tta_v837 path=outputs/online_tta/online_tta_adapters/tta_v837
[2026-08-27 16:25:35,552][openttl.online.tta_runner][INFO] - TTA sync LoRA -> SGLang name=tta_v838 path=outputs/online_tta/online_tta_adapters/tta_v838
[2026-08-27 16:25:37,326][openttl.online.tta_runner][INFO] - TTA sync LoRA -> SGLang name=tta_v839 path=outputs/online_tta/online_tta_adapters/tta_v839
[2026-08-27 16:25:39,057][openttl.online.tta_runner][INFO] - TTA sync LoRA -> SGLang name=tta_v840 path=outputs/online_tta/online_tta_adapters/tta_v840
[840/4329] acc=0.8095 pred=C gold=C loss=9.521006722934544e-05 (1.7s/sample)
[2026-08-27 16:25:40,829][openttl.online.tta_runner][INFO] - TTA sync LoRA -> SGLang name=tta_v841 path=outputs/online_tta/online_tta_adapters/tta_v841
[2026-08-27 16:25:42,573][openttl.online.tta_runner][INFO] - TTA sync LoRA -> SGLang name=tta_v842 path=outputs/online_tta/online_tta_adapters/tta_v842
[2026-08-27 16:25:44,331][openttl.online.tta_runner][INFO] - TTA sync LoRA -> SGLang name=tta_v843 path=outputs/online_tta/online_tta_adapters/tta_v843
[2026-08-27 16:25:46,096][openttl.online.tta_runner][INFO] - TTA sync LoRA -> SGLang name=tta_v844 path=outputs/online_tta/online_tta_adapters/tta_v844
[2026-08-27 16:25:47,831][openttl.online.tta_runner][INFO] - TTA sync LoRA -> SGLang name=tta_v845 path=outputs/online_tta/online_tta_adapters/tta_v845
[2026-08-27 16:25:49,600][openttl.online.tta_runner][INFO] - TTA sync LoRA -> SGLang name=tta_v846 path=outputs/online_tta/online_tta_adapters/tta_v846
[2026-08-27 16:25:51,403][openttl.online.tta_runner][INFO] - TTA sync LoRA -> SGLang name=tta_v847 path=outputs/online_tta/online_tta_adapters/tta_v847
[2026-08-27 16:25:53,170][openttl.online.tta_runner][INFO] - TTA sync LoRA -> SGLang name=tta_v848 path=outputs/online_tta/online_tta_adapters/tta_v848
[2026-08-27 16:25:54,929][openttl.online.tta_runner][INFO] - TTA sync LoRA -> SGLang name=tta_v849 path=outputs/online_tta/online_tta_adapters/tta_v849
[2026-08-27 16:25:56,603][openttl.online.tta_runner][INFO] - TTA sync LoRA -> SGLang name=tta_v850 path=outputs/online_tta/online_tta_adapters/tta_v850
[2026-08-27 16:25:58,344][openttl.online.tta_runner][INFO] - TTA sync LoRA -> SGLang name=tta_v851 path=outputs/online_tta/online_tta_adapters/tta_v851
[2026-08-27 16:26:00,108][openttl.online.tta_runner][INFO] - TTA sync LoRA -> SGLang name=tta_v852 path=outputs/online_tta/online_tta_adapters/tta_v852
[2026-08-27 16:26:01,845][openttl.online.tta_runner][INFO] - TTA sync LoRA -> SGLang name=tta_v853 path=outputs/online_tta/online_tta_adapters/tta_v853
[2026-08-27 16:26:03,546][openttl.online.tta_runner][INFO] - TTA sync LoRA -> SGLang name=tta_v854 path=outputs/online_tta/online_tta_adapters/tta_v854
[2026-08-27 16:26:05,246][openttl.online.tta_runner][INFO] - TTA sync LoRA -> SGLang name=tta_v855 path=outputs/online_tta/online_tta_adapters/tta_v855
[2026-08-27 16:26:06,946][openttl.online.tta_runner][INFO] - TTA sync LoRA -> SGLang name=tta_v856 path=outputs/online_tta/online_tta_adapters/tta_v856
[2026-08-27 16:26:08,634][openttl.online.tta_runner][INFO] - TTA sync LoRA -> SGLang name=tta_v857 path=outputs/online_tta/online_tta_adapters/tta_v857
[2026-08-27 16:26:10,416][openttl.online.tta_runner][INFO] - TTA sync LoRA -> SGLang name=tta_v858 path=outputs/online_tta/online_tta_adapters/tta_v858
[2026-08-27 16:26:12,253][openttl.online.tta_runner][INFO] - TTA sync LoRA -> SGLang name=tta_v859 path=outputs/online_tta/online_tta_adapters/tta_v859
[2026-08-27 16:26:14,117][openttl.online.tta_runner][INFO] - TTA sync LoRA -> SGLang name=tta_v860 path=outputs/online_tta/online_tta_adapters/tta_v860
[860/4329] acc=0.8105 pred=D gold=C loss=0.0035550836473703384 (1.7s/sample)
[2026-08-27 16:26:15,962][openttl.online.tta_runner][INFO] - TTA sync LoRA -> SGLang name=tta_v861 path=outputs/online_tta/online_tta_adapters/tta_v861
[2026-08-27 16:26:17,697][openttl.online.tta_runner][INFO] - TTA sync LoRA -> SGLang name=tta_v862 path=outputs/online_tta/online_tta_adapters/tta_v862
[2026-08-27 16:26:19,448][openttl.online.tta_runner][INFO] - TTA sync LoRA -> SGLang name=tta_v863 path=outputs/online_tta/online_tta_adapters/tta_v863
[2026-08-27 16:26:21,176][openttl.online.tta_runner][INFO] - TTA sync LoRA -> SGLang name=tta_v864 path=outputs/online_tta/online_tta_adapters/tta_v864
[2026-08-27 16:26:22,969][openttl.online.tta_runner][INFO] - TTA sync LoRA -> SGLang name=tta_v865 path=outputs/online_tta/online_tta_adapters/tta_v865
[2026-08-27 16:26:24,690][openttl.online.tta_runner][INFO] - TTA sync LoRA -> SGLang name=tta_v866 path=outputs/online_tta/online_tta_adapters/tta_v866
[2026-08-27 16:26:26,504][openttl.online.tta_runner][INFO] - TTA sync LoRA -> SGLang name=tta_v867 path=outputs/online_tta/online_tta_adapters/tta_v867
[2026-08-27 16:26:28,281][openttl.online.tta_runner][INFO] - TTA sync LoRA -> SGLang name=tta_v868 path=outputs/online_tta/online_tta_adapters/tta_v868
[2026-08-27 16:26:30,101][openttl.online.tta_runner][INFO] - TTA sync LoRA -> SGLang name=tta_v869 path=outputs/online_tta/online_tta_adapters/tta_v869
[2026-08-27 16:26:31,793][openttl.online.tta_runner][INFO] - TTA sync LoRA -> SGLang name=tta_v870 path=outputs/online_tta/online_tta_adapters/tta_v870
[2026-08-27 16:26:33,492][openttl.online.tta_runner][INFO] - TTA sync LoRA -> SGLang name=tta_v871 path=outputs/online_tta/online_tta_adapters/tta_v871
[2026-08-27 16:26:35,191][openttl.online.tta_runner][INFO] - TTA sync LoRA -> SGLang name=tta_v872 path=outputs/online_tta/online_tta_adapters/tta_v872
[2026-08-27 16:26:36,863][openttl.online.tta_runner][INFO] - TTA sync LoRA -> SGLang name=tta_v873 path=outputs/online_tta/online_tta_adapters/tta_v873
[2026-08-27 16:26:38,538][openttl.online.tta_runner][INFO] - TTA sync LoRA -> SGLang name=tta_v874 path=outputs/online_tta/online_tta_adapters/tta_v874
[2026-08-27 16:26:40,197][openttl.online.tta_runner][INFO] - TTA sync LoRA -> SGLang name=tta_v875 path=outputs/online_tta/online_tta_adapters/tta_v875
[2026-08-27 16:26:41,877][openttl.online.tta_runner][INFO] - TTA sync LoRA -> SGLang name=tta_v876 path=outputs/online_tta/online_tta_adapters/tta_v876
[2026-08-27 16:26:43,541][openttl.online.tta_runner][INFO] - TTA sync LoRA -> SGLang name=tta_v877 path=outputs/online_tta/online_tta_adapters/tta_v877
[2026-08-27 16:26:45,261][openttl.online.tta_runner][INFO] - TTA sync LoRA -> SGLang name=tta_v878 path=outputs/online_tta/online_tta_adapters/tta_v878
[2026-08-27 16:26:46,999][openttl.online.tta_runner][INFO] - TTA sync LoRA -> SGLang name=tta_v879 path=outputs/online_tta/online_tta_adapters/tta_v879
[2026-08-27 16:26:48,770][openttl.online.tta_runner][INFO] - TTA sync LoRA -> SGLang name=tta_v880 path=outputs/online_tta/online_tta_adapters/tta_v880
[880/4329] acc=0.8091 pred=D gold=D loss=2.405408667982556e-05 (1.7s/sample)
[2026-08-27 16:26:50,492][openttl.online.tta_runner][INFO] - TTA sync LoRA -> SGLang name=tta_v881 path=outputs/online_tta/online_tta_adapters/tta_v881
[2026-08-27 16:26:52,198][openttl.online.tta_runner][INFO] - TTA sync LoRA -> SGLang name=tta_v882 path=outputs/online_tta/online_tta_adapters/tta_v882
[2026-08-27 16:26:54,010][openttl.online.tta_runner][INFO] - TTA sync LoRA -> SGLang name=tta_v883 path=outputs/online_tta/online_tta_adapters/tta_v883
[2026-08-27 16:26:55,876][openttl.online.tta_runner][INFO] - TTA sync LoRA -> SGLang name=tta_v884 path=outputs/online_tta/online_tta_adapters/tta_v884
[2026-08-27 16:26:57,684][openttl.online.tta_runner][INFO] - TTA sync LoRA -> SGLang name=tta_v885 path=outputs/online_tta/online_tta_adapters/tta_v885
[2026-08-27 16:26:59,432][openttl.online.tta_runner][INFO] - TTA sync LoRA -> SGLang name=tta_v886 path=outputs/online_tta/online_tta_adapters/tta_v886
[2026-08-27 16:27:01,165][openttl.online.tta_runner][INFO] - TTA sync LoRA -> SGLang name=tta_v887 path=outputs/online_tta/online_tta_adapters/tta_v887
[2026-08-27 16:27:02,917][openttl.online.tta_runner][INFO] - TTA sync LoRA -> SGLang name=tta_v888 path=outputs/online_tta/online_tta_adapters/tta_v888
[2026-08-27 16:27:04,672][openttl.online.tta_runner][INFO] - TTA sync LoRA -> SGLang name=tta_v889 path=outputs/online_tta/online_tta_adapters/tta_v889
[2026-08-27 16:27:06,483][openttl.online.tta_runner][INFO] - TTA sync LoRA -> SGLang name=tta_v890 path=outputs/online_tta/online_tta_adapters/tta_v890
[2026-08-27 16:27:08,211][openttl.online.tta_runner][INFO] - TTA sync LoRA -> SGLang name=tta_v891 path=outputs/online_tta/online_tta_adapters/tta_v891
[2026-08-27 16:27:09,938][openttl.online.tta_runner][INFO] - TTA sync LoRA -> SGLang name=tta_v892 path=outputs/online_tta/online_tta_adapters/tta_v892
[2026-08-27 16:27:11,790][openttl.online.tta_runner][INFO] - TTA sync LoRA -> SGLang name=tta_v893 path=outputs/online_tta/online_tta_adapters/tta_v893
[2026-08-27 16:27:13,538][openttl.online.tta_runner][INFO] - TTA sync LoRA -> SGLang name=tta_v894 path=outputs/online_tta/online_tta_adapters/tta_v894
[2026-08-27 16:27:15,303][openttl.online.tta_runner][INFO] - TTA sync LoRA -> SGLang name=tta_v895 path=outputs/online_tta/online_tta_adapters/tta_v895
[2026-08-27 16:27:16,902][openttl.online.tta_runner][INFO] - TTA sync LoRA -> SGLang name=tta_v896 path=outputs/online_tta/online_tta_adapters/tta_v896
[2026-08-27 16:27:18,631][openttl.online.tta_runner][INFO] - TTA sync LoRA -> SGLang name=tta_v897 path=outputs/online_tta/online_tta_adapters/tta_v897
[2026-08-27 16:27:20,252][openttl.online.tta_runner][INFO] - TTA sync LoRA -> SGLang name=tta_v898 path=outputs/online_tta/online_tta_adapters/tta_v898
[2026-08-27 16:27:21,955][openttl.online.tta_runner][INFO] - TTA sync LoRA -> SGLang name=tta_v899 path=outputs/online_tta/online_tta_adapters/tta_v899
[2026-08-27 16:27:23,734][openttl.online.tta_runner][INFO] - TTA sync LoRA -> SGLang name=tta_v900 path=outputs/online_tta/online_tta_adapters/tta_v900
[900/4329] acc=0.8078 pred=D gold=C loss=0.0018048236379399896 (1.7s/sample)
[2026-08-27 16:27:25,533][openttl.online.tta_runner][INFO] - TTA sync LoRA -> SGLang name=tta_v901 path=outputs/online_tta/online_tta_adapters/tta_v901
[2026-08-27 16:27:27,159][openttl.online.tta_runner][INFO] - TTA sync LoRA -> SGLang name=tta_v902 path=outputs/online_tta/online_tta_adapters/tta_v902
[2026-08-27 16:27:28,893][openttl.online.tta_runner][INFO] - TTA sync LoRA -> SGLang name=tta_v903 path=outputs/online_tta/online_tta_adapters/tta_v903
[2026-08-27 16:27:30,655][openttl.online.tta_runner][INFO] - TTA sync LoRA -> SGLang name=tta_v904 path=outputs/online_tta/online_tta_adapters/tta_v904
[2026-08-27 16:27:32,383][openttl.online.tta_runner][INFO] - TTA sync LoRA -> SGLang name=tta_v905 path=outputs/online_tta/online_tta_adapters/tta_v905
[2026-08-27 16:27:34,096][openttl.online.tta_runner][INFO] - TTA sync LoRA -> SGLang name=tta_v906 path=outputs/online_tta/online_tta_adapters/tta_v906
[2026-08-27 16:27:35,877][openttl.online.tta_runner][INFO] - TTA sync LoRA -> SGLang name=tta_v907 path=outputs/online_tta/online_tta_adapters/tta_v907
[2026-08-27 16:27:37,540][openttl.online.tta_runner][INFO] - TTA sync LoRA -> SGLang name=tta_v908 path=outputs/online_tta/online_tta_adapters/tta_v908
[2026-08-27 16:27:39,279][openttl.online.tta_runner][INFO] - TTA sync LoRA -> SGLang name=tta_v909 path=outputs/online_tta/online_tta_adapters/tta_v909
[2026-08-27 16:27:41,070][openttl.online.tta_runner][INFO] - TTA sync LoRA -> SGLang name=tta_v910 path=outputs/online_tta/online_tta_adapters/tta_v910
[2026-08-27 16:27:42,854][openttl.online.tta_runner][INFO] - TTA sync LoRA -> SGLang name=tta_v911 path=outputs/online_tta/online_tta_adapters/tta_v911
[2026-08-27 16:27:44,481][openttl.online.tta_runner][INFO] - TTA sync LoRA -> SGLang name=tta_v912 path=outputs/online_tta/online_tta_adapters/tta_v912
[2026-08-27 16:27:46,149][openttl.online.tta_runner][INFO] - TTA sync LoRA -> SGLang name=tta_v913 path=outputs/online_tta/online_tta_adapters/tta_v913
[2026-08-27 16:27:47,866][openttl.online.tta_runner][INFO] - TTA sync LoRA -> SGLang name=tta_v914 path=outputs/online_tta/online_tta_adapters/tta_v914
[2026-08-27 16:27:49,473][openttl.online.tta_runner][INFO] - TTA sync LoRA -> SGLang name=tta_v915 path=outputs/online_tta/online_tta_adapters/tta_v915
[2026-08-27 16:27:51,185][openttl.online.tta_runner][INFO] - TTA sync LoRA -> SGLang name=tta_v916 path=outputs/online_tta/online_tta_adapters/tta_v916
[2026-08-27 16:27:52,949][openttl.online.tta_runner][INFO] - TTA sync LoRA -> SGLang name=tta_v917 path=outputs/online_tta/online_tta_adapters/tta_v917
[2026-08-27 16:27:54,690][openttl.online.tta_runner][INFO] - TTA sync LoRA -> SGLang name=tta_v918 path=outputs/online_tta/online_tta_adapters/tta_v918
[2026-08-27 16:27:56,376][openttl.online.tta_runner][INFO] - TTA sync LoRA -> SGLang name=tta_v919 path=outputs/online_tta/online_tta_adapters/tta_v919
[2026-08-27 16:27:58,132][openttl.online.tta_runner][INFO] - TTA sync LoRA -> SGLang name=tta_v920 path=outputs/online_tta/online_tta_adapters/tta_v920
[920/4329] acc=0.8109 pred=A gold=A loss=2.954041337943636e-05 (1.7s/sample)
[2026-08-27 16:28:00,004][openttl.online.tta_runner][INFO] - TTA sync LoRA -> SGLang name=tta_v921 path=outputs/online_tta/online_tta_adapters/tta_v921
[2026-08-27 16:28:01,712][openttl.online.tta_runner][INFO] - TTA sync LoRA -> SGLang name=tta_v922 path=outputs/online_tta/online_tta_adapters/tta_v922
[2026-08-27 16:28:03,355][openttl.online.tta_runner][INFO] - TTA sync LoRA -> SGLang name=tta_v923 path=outputs/online_tta/online_tta_adapters/tta_v923
[2026-08-27 16:28:04,958][openttl.online.tta_runner][INFO] - TTA sync LoRA -> SGLang name=tta_v924 path=outputs/online_tta/online_tta_adapters/tta_v924
[2026-08-27 16:28:06,583][openttl.online.tta_runner][INFO] - TTA sync LoRA -> SGLang name=tta_v925 path=outputs/online_tta/online_tta_adapters/tta_v925
[2026-08-27 16:28:08,214][openttl.online.tta_runner][INFO] - TTA sync LoRA -> SGLang name=tta_v926 path=outputs/online_tta/online_tta_adapters/tta_v926
[2026-08-27 16:28:09,832][openttl.online.tta_runner][INFO] - TTA sync LoRA -> SGLang name=tta_v927 path=outputs/online_tta/online_tta_adapters/tta_v927
[2026-08-27 16:28:11,480][openttl.online.tta_runner][INFO] - TTA sync LoRA -> SGLang name=tta_v928 path=outputs/online_tta/online_tta_adapters/tta_v928
[2026-08-27 16:28:13,119][openttl.online.tta_runner][INFO] - TTA sync LoRA -> SGLang name=tta_v929 path=outputs/online_tta/online_tta_adapters/tta_v929
[2026-08-27 16:28:14,627][openttl.online.tta_runner][INFO] - TTA sync LoRA -> SGLang name=tta_v930 path=outputs/online_tta/online_tta_adapters/tta_v930
[2026-08-27 16:28:16,319][openttl.online.tta_runner][INFO] - TTA sync LoRA -> SGLang name=tta_v931 path=outputs/online_tta/online_tta_adapters/tta_v931
[2026-08-27 16:28:18,093][openttl.online.tta_runner][INFO] - TTA sync LoRA -> SGLang name=tta_v932 path=outputs/online_tta/online_tta_adapters/tta_v932
[2026-08-27 16:28:19,794][openttl.online.tta_runner][INFO] - TTA sync LoRA -> SGLang name=tta_v933 path=outputs/online_tta/online_tta_adapters/tta_v933
[2026-08-27 16:28:21,658][openttl.online.tta_runner][INFO] - TTA sync LoRA -> SGLang name=tta_v934 path=outputs/online_tta/online_tta_adapters/tta_v934
[2026-08-27 16:28:23,487][openttl.online.tta_runner][INFO] - TTA sync LoRA -> SGLang name=tta_v935 path=outputs/online_tta/online_tta_adapters/tta_v935
[2026-08-27 16:28:25,265][openttl.online.tta_runner][INFO] - TTA sync LoRA -> SGLang name=tta_v936 path=outputs/online_tta/online_tta_adapters/tta_v936
[2026-08-27 16:28:26,994][openttl.online.tta_runner][INFO] - TTA sync LoRA -> SGLang name=tta_v937 path=outputs/online_tta/online_tta_adapters/tta_v937
[2026-08-27 16:28:28,696][openttl.online.tta_runner][INFO] - TTA sync LoRA -> SGLang name=tta_v938 path=outputs/online_tta/online_tta_adapters/tta_v938
[2026-08-27 16:28:30,572][openttl.online.tta_runner][INFO] - TTA sync LoRA -> SGLang name=tta_v939 path=outputs/online_tta/online_tta_adapters/tta_v939
[2026-08-27 16:28:32,442][openttl.online.tta_runner][INFO] - TTA sync LoRA -> SGLang name=tta_v940 path=outputs/online_tta/online_tta_adapters/tta_v940
[940/4329] acc=0.8053 pred=D gold=C loss=0.0016937729669734836 (1.7s/sample)
[2026-08-27 16:28:34,579][openttl.online.tta_runner][INFO] - TTA sync LoRA -> SGLang name=tta_v941 path=outputs/online_tta/online_tta_adapters/tta_v941
[2026-08-27 16:28:36,893][openttl.online.tta_runner][INFO] - TTA sync LoRA -> SGLang name=tta_v942 path=outputs/online_tta/online_tta_adapters/tta_v942
[2026-08-27 16:28:39,223][openttl.online.tta_runner][INFO] - TTA sync LoRA -> SGLang name=tta_v943 path=outputs/online_tta/online_tta_adapters/tta_v943
[2026-08-27 16:28:41,120][openttl.online.tta_runner][INFO] - TTA sync LoRA -> SGLang name=tta_v944 path=outputs/online_tta/online_tta_adapters/tta_v944
[2026-08-27 16:28:42,911][openttl.online.tta_runner][INFO] - TTA sync LoRA -> SGLang name=tta_v945 path=outputs/online_tta/online_tta_adapters/tta_v945
[2026-08-27 16:28:44,625][openttl.online.tta_runner][INFO] - TTA sync LoRA -> SGLang name=tta_v946 path=outputs/online_tta/online_tta_adapters/tta_v946
[2026-08-27 16:28:46,246][openttl.online.tta_runner][INFO] - TTA sync LoRA -> SGLang name=tta_v947 path=outputs/online_tta/online_tta_adapters/tta_v947
[2026-08-27 16:28:48,032][openttl.online.tta_runner][INFO] - TTA sync LoRA -> SGLang name=tta_v948 path=outputs/online_tta/online_tta_adapters/tta_v948
[2026-08-27 16:28:49,808][openttl.online.tta_runner][INFO] - TTA sync LoRA -> SGLang name=tta_v949 path=outputs/online_tta/online_tta_adapters/tta_v949
[2026-08-27 16:28:51,550][openttl.online.tta_runner][INFO] - TTA sync LoRA -> SGLang name=tta_v950 path=outputs/online_tta/online_tta_adapters/tta_v950
[2026-08-27 16:28:53,331][openttl.online.tta_runner][INFO] - TTA sync LoRA -> SGLang name=tta_v951 path=outputs/online_tta/online_tta_adapters/tta_v951
[2026-08-27 16:28:55,341][openttl.online.tta_runner][INFO] - TTA sync LoRA -> SGLang name=tta_v952 path=outputs/online_tta/online_tta_adapters/tta_v952
[2026-08-27 16:28:57,042][openttl.online.tta_runner][INFO] - TTA sync LoRA -> SGLang name=tta_v953 path=outputs/online_tta/online_tta_adapters/tta_v953
[2026-08-27 16:28:58,789][openttl.online.tta_runner][INFO] - TTA sync LoRA -> SGLang name=tta_v954 path=outputs/online_tta/online_tta_adapters/tta_v954
[2026-08-27 16:29:00,824][openttl.online.tta_runner][INFO] - TTA sync LoRA -> SGLang name=tta_v955 path=outputs/online_tta/online_tta_adapters/tta_v955
[2026-08-27 16:29:02,825][openttl.online.tta_runner][INFO] - TTA sync LoRA -> SGLang name=tta_v956 path=outputs/online_tta/online_tta_adapters/tta_v956
[2026-08-27 16:29:04,595][openttl.online.tta_runner][INFO] - TTA sync LoRA -> SGLang name=tta_v957 path=outputs/online_tta/online_tta_adapters/tta_v957
[2026-08-27 16:29:06,762][openttl.online.tta_runner][INFO] - TTA sync LoRA -> SGLang name=tta_v958 path=outputs/online_tta/online_tta_adapters/tta_v958
[2026-08-27 16:29:08,705][openttl.online.tta_runner][INFO] - TTA sync LoRA -> SGLang name=tta_v959 path=outputs/online_tta/online_tta_adapters/tta_v959
[2026-08-27 16:29:10,463][openttl.online.tta_runner][INFO] - TTA sync LoRA -> SGLang name=tta_v960 path=outputs/online_tta/online_tta_adapters/tta_v960
[960/4329] acc=0.7937 pred=D gold=A loss=0.00015463808085769415 (1.7s/sample)
[2026-08-27 16:29:12,149][openttl.online.tta_runner][INFO] - TTA sync LoRA -> SGLang name=tta_v961 path=outputs/online_tta/online_tta_adapters/tta_v961
[2026-08-27 16:29:13,868][openttl.online.tta_runner][INFO] - TTA sync LoRA -> SGLang name=tta_v962 path=outputs/online_tta/online_tta_adapters/tta_v962
[2026-08-27 16:29:15,593][openttl.online.tta_runner][INFO] - TTA sync LoRA -> SGLang name=tta_v963 path=outputs/online_tta/online_tta_adapters/tta_v963
[2026-08-27 16:29:17,467][openttl.online.tta_runner][INFO] - TTA sync LoRA -> SGLang name=tta_v964 path=outputs/online_tta/online_tta_adapters/tta_v964
[2026-08-27 16:29:19,159][openttl.online.tta_runner][INFO] - TTA sync LoRA -> SGLang name=tta_v965 path=outputs/online_tta/online_tta_adapters/tta_v965
[2026-08-27 16:29:20,919][openttl.online.tta_runner][INFO] - TTA sync LoRA -> SGLang name=tta_v966 path=outputs/online_tta/online_tta_adapters/tta_v966
[2026-08-27 16:29:22,695][openttl.online.tta_runner][INFO] - TTA sync LoRA -> SGLang name=tta_v967 path=outputs/online_tta/online_tta_adapters/tta_v967
[2026-08-27 16:29:24,468][openttl.online.tta_runner][INFO] - TTA sync LoRA -> SGLang name=tta_v968 path=outputs/online_tta/online_tta_adapters/tta_v968
[2026-08-27 16:29:26,281][openttl.online.tta_runner][INFO] - TTA sync LoRA -> SGLang name=tta_v969 path=outputs/online_tta/online_tta_adapters/tta_v969
[2026-08-27 16:29:28,127][openttl.online.tta_runner][INFO] - TTA sync LoRA -> SGLang name=tta_v970 path=outputs/online_tta/online_tta_adapters/tta_v970
[2026-08-27 16:29:29,831][openttl.online.tta_runner][INFO] - TTA sync LoRA -> SGLang name=tta_v971 path=outputs/online_tta/online_tta_adapters/tta_v971
[2026-08-27 16:29:31,631][openttl.online.tta_runner][INFO] - TTA sync LoRA -> SGLang name=tta_v972 path=outputs/online_tta/online_tta_adapters/tta_v972
[2026-08-27 16:29:33,439][openttl.online.tta_runner][INFO] - TTA sync LoRA -> SGLang name=tta_v973 path=outputs/online_tta/online_tta_adapters/tta_v973
[2026-08-27 16:29:35,200][openttl.online.tta_runner][INFO] - TTA sync LoRA -> SGLang name=tta_v974 path=outputs/online_tta/online_tta_adapters/tta_v974
[2026-08-27 16:29:37,048][openttl.online.tta_runner][INFO] - TTA sync LoRA -> SGLang name=tta_v975 path=outputs/online_tta/online_tta_adapters/tta_v975
[2026-08-27 16:29:38,832][openttl.online.tta_runner][INFO] - TTA sync LoRA -> SGLang name=tta_v976 path=outputs/online_tta/online_tta_adapters/tta_v976
[2026-08-27 16:29:40,650][openttl.online.tta_runner][INFO] - TTA sync LoRA -> SGLang name=tta_v977 path=outputs/online_tta/online_tta_adapters/tta_v977
[2026-08-27 16:29:42,440][openttl.online.tta_runner][INFO] - TTA sync LoRA -> SGLang name=tta_v978 path=outputs/online_tta/online_tta_adapters/tta_v978
[2026-08-27 16:29:44,275][openttl.online.tta_runner][INFO] - TTA sync LoRA -> SGLang name=tta_v979 path=outputs/online_tta/online_tta_adapters/tta_v979
[2026-08-27 16:29:46,014][openttl.online.tta_runner][INFO] - TTA sync LoRA -> SGLang name=tta_v980 path=outputs/online_tta/online_tta_adapters/tta_v980
[980/4329] acc=0.7806 pred=D gold=B loss=0.0018096505664288998 (1.7s/sample)
[2026-08-27 16:29:47,789][openttl.online.tta_runner][INFO] - TTA sync LoRA -> SGLang name=tta_v981 path=outputs/online_tta/online_tta_adapters/tta_v981
[2026-08-27 16:29:49,619][openttl.online.tta_runner][INFO] - TTA sync LoRA -> SGLang name=tta_v982 path=outputs/online_tta/online_tta_adapters/tta_v982
[2026-08-27 16:29:51,371][openttl.online.tta_runner][INFO] - TTA sync LoRA -> SGLang name=tta_v983 path=outputs/online_tta/online_tta_adapters/tta_v983
[2026-08-27 16:29:53,103][openttl.online.tta_runner][INFO] - TTA sync LoRA -> SGLang name=tta_v984 path=outputs/online_tta/online_tta_adapters/tta_v984
[2026-08-27 16:29:54,803][openttl.online.tta_runner][INFO] - TTA sync LoRA -> SGLang name=tta_v985 path=outputs/online_tta/online_tta_adapters/tta_v985
[2026-08-27 16:29:56,518][openttl.online.tta_runner][INFO] - TTA sync LoRA -> SGLang name=tta_v986 path=outputs/online_tta/online_tta_adapters/tta_v986
[2026-08-27 16:29:58,304][openttl.online.tta_runner][INFO] - TTA sync LoRA -> SGLang name=tta_v987 path=outputs/online_tta/online_tta_adapters/tta_v987
[2026-08-27 16:29:59,966][openttl.online.tta_runner][INFO] - TTA sync LoRA -> SGLang name=tta_v988 path=outputs/online_tta/online_tta_adapters/tta_v988
[2026-08-27 16:30:01,745][openttl.online.tta_runner][INFO] - TTA sync LoRA -> SGLang name=tta_v989 path=outputs/online_tta/online_tta_adapters/tta_v989
[2026-08-27 16:30:03,488][openttl.online.tta_runner][INFO] - TTA sync LoRA -> SGLang name=tta_v990 path=outputs/online_tta/online_tta_adapters/tta_v990
[2026-08-27 16:30:05,349][openttl.online.tta_runner][INFO] - TTA sync LoRA -> SGLang name=tta_v991 path=outputs/online_tta/online_tta_adapters/tta_v991
[2026-08-27 16:30:07,205][openttl.online.tta_runner][INFO] - TTA sync LoRA -> SGLang name=tta_v992 path=outputs/online_tta/online_tta_adapters/tta_v992
[2026-08-27 16:30:08,992][openttl.online.tta_runner][INFO] - TTA sync LoRA -> SGLang name=tta_v993 path=outputs/online_tta/online_tta_adapters/tta_v993
[2026-08-27 16:30:10,727][openttl.online.tta_runner][INFO] - TTA sync LoRA -> SGLang name=tta_v994 path=outputs/online_tta/online_tta_adapters/tta_v994
[2026-08-27 16:30:12,596][openttl.online.tta_runner][INFO] - TTA sync LoRA -> SGLang name=tta_v995 path=outputs/online_tta/online_tta_adapters/tta_v995
[2026-08-27 16:30:14,307][openttl.online.tta_runner][INFO] - TTA sync LoRA -> SGLang name=tta_v996 path=outputs/online_tta/online_tta_adapters/tta_v996
[2026-08-27 16:30:16,127][openttl.online.tta_runner][INFO] - TTA sync LoRA -> SGLang name=tta_v997 path=outputs/online_tta/online_tta_adapters/tta_v997
[2026-08-27 16:30:17,826][openttl.online.tta_runner][INFO] - TTA sync LoRA -> SGLang name=tta_v998 path=outputs/online_tta/online_tta_adapters/tta_v998
[2026-08-27 16:30:19,761][openttl.online.tta_runner][INFO] - TTA sync LoRA -> SGLang name=tta_v999 path=outputs/online_tta/online_tta_adapters/tta_v999
[2026-08-27 16:30:21,643][openttl.online.tta_runner][INFO] - TTA sync LoRA -> SGLang name=tta_v1000 path=outputs/online_tta/online_tta_adapters/tta_v1000
[1000/4329] acc=0.7690 pred=D gold=C loss=1.7421351003577e-05 (1.7s/sample)
[2026-08-27 16:30:23,201][openttl.online.tta_runner][INFO] - TTA sync LoRA -> SGLang name=tta_v1001 path=outputs/online_tta/online_tta_adapters/tta_v1001
[2026-08-27 16:30:24,937][openttl.online.tta_runner][INFO] - TTA sync LoRA -> SGLang name=tta_v1002 path=outputs/online_tta/online_tta_adapters/tta_v1002
[2026-08-27 16:30:26,617][openttl.online.tta_runner][INFO] - TTA sync LoRA -> SGLang name=tta_v1003 path=outputs/online_tta/online_tta_adapters/tta_v1003
[2026-08-27 16:30:28,182][openttl.online.tta_runner][INFO] - TTA sync LoRA -> SGLang name=tta_v1004 path=outputs/online_tta/online_tta_adapters/tta_v1004
[2026-08-27 16:30:29,754][openttl.online.tta_runner][INFO] - TTA sync LoRA -> SGLang name=tta_v1005 path=outputs/online_tta/online_tta_adapters/tta_v1005
[2026-08-27 16:30:31,360][openttl.online.tta_runner][INFO] - TTA sync LoRA -> SGLang name=tta_v1006 path=outputs/online_tta/online_tta_adapters/tta_v1006
[2026-08-27 16:30:32,971][openttl.online.tta_runner][INFO] - TTA sync LoRA -> SGLang name=tta_v1007 path=outputs/online_tta/online_tta_adapters/tta_v1007
[2026-08-27 16:30:34,557][openttl.online.tta_runner][INFO] - TTA sync LoRA -> SGLang name=tta_v1008 path=outputs/online_tta/online_tta_adapters/tta_v1008
[2026-08-27 16:30:36,160][openttl.online.tta_runner][INFO] - TTA sync LoRA -> SGLang name=tta_v1009 path=outputs/online_tta/online_tta_adapters/tta_v1009
[2026-08-27 16:30:37,782][openttl.online.tta_runner][INFO] - TTA sync LoRA -> SGLang name=tta_v1010 path=outputs/online_tta/online_tta_adapters/tta_v1010
[2026-08-27 16:30:39,384][openttl.online.tta_runner][INFO] - TTA sync LoRA -> SGLang name=tta_v1011 path=outputs/online_tta/online_tta_adapters/tta_v1011
[2026-08-27 16:30:41,161][openttl.online.tta_runner][INFO] - TTA sync LoRA -> SGLang name=tta_v1012 path=outputs/online_tta/online_tta_adapters/tta_v1012
[2026-08-27 16:30:43,014][openttl.online.tta_runner][INFO] - TTA sync LoRA -> SGLang name=tta_v1013 path=outputs/online_tta/online_tta_adapters/tta_v1013
[2026-08-27 16:30:44,650][openttl.online.tta_runner][INFO] - TTA sync LoRA -> SGLang name=tta_v1014 path=outputs/online_tta/online_tta_adapters/tta_v1014
[2026-08-27 16:30:46,268][openttl.online.tta_runner][INFO] - TTA sync LoRA -> SGLang name=tta_v1015 path=outputs/online_tta/online_tta_adapters/tta_v1015
[2026-08-27 16:30:47,875][openttl.online.tta_runner][INFO] - TTA sync LoRA -> SGLang name=tta_v1016 path=outputs/online_tta/online_tta_adapters/tta_v1016
[2026-08-27 16:30:49,477][openttl.online.tta_runner][INFO] - TTA sync LoRA -> SGLang name=tta_v1017 path=outputs/online_tta/online_tta_adapters/tta_v1017
[2026-08-27 16:30:51,067][openttl.online.tta_runner][INFO] - TTA sync LoRA -> SGLang name=tta_v1018 path=outputs/online_tta/online_tta_adapters/tta_v1018
[2026-08-27 16:30:52,656][openttl.online.tta_runner][INFO] - TTA sync LoRA -> SGLang name=tta_v1019 path=outputs/online_tta/online_tta_adapters/tta_v1019
[2026-08-27 16:30:54,242][openttl.online.tta_runner][INFO] - TTA sync LoRA -> SGLang name=tta_v1020 path=outputs/online_tta/online_tta_adapters/tta_v1020
[1020/4329] acc=0.7578 pred=D gold=A loss=9.853521623881534e-05 (1.7s/sample)
[2026-08-27 16:30:55,824][openttl.online.tta_runner][INFO] - TTA sync LoRA -> SGLang name=tta_v1021 path=outputs/online_tta/online_tta_adapters/tta_v1021
[2026-08-27 16:30:57,420][openttl.online.tta_runner][INFO] - TTA sync LoRA -> SGLang name=tta_v1022 path=outputs/online_tta/online_tta_adapters/tta_v1022
[2026-08-27 16:30:59,034][openttl.online.tta_runner][INFO] - TTA sync LoRA -> SGLang name=tta_v1023 path=outputs/online_tta/online_tta_adapters/tta_v1023
[2026-08-27 16:31:00,696][openttl.online.tta_runner][INFO] - TTA sync LoRA -> SGLang name=tta_v1024 path=outputs/online_tta/online_tta_adapters/tta_v1024
[2026-08-27 16:31:02,325][openttl.online.tta_runner][INFO] - TTA sync LoRA -> SGLang name=tta_v1025 path=outputs/online_tta/online_tta_adapters/tta_v1025
[2026-08-27 16:31:03,926][openttl.online.tta_runner][INFO] - TTA sync LoRA -> SGLang name=tta_v1026 path=outputs/online_tta/online_tta_adapters/tta_v1026
[2026-08-27 16:31:05,688][openttl.online.tta_runner][INFO] - TTA sync LoRA -> SGLang name=tta_v1027 path=outputs/online_tta/online_tta_adapters/tta_v1027
[2026-08-27 16:31:07,417][openttl.online.tta_runner][INFO] - TTA sync LoRA -> SGLang name=tta_v1028 path=outputs/online_tta/online_tta_adapters/tta_v1028
[2026-08-27 16:31:09,045][openttl.online.tta_runner][INFO] - TTA sync LoRA -> SGLang name=tta_v1029 path=outputs/online_tta/online_tta_adapters/tta_v1029
[2026-08-27 16:31:10,820][openttl.online.tta_runner][INFO] - TTA sync LoRA -> SGLang name=tta_v1030 path=outputs/online_tta/online_tta_adapters/tta_v1030
[2026-08-27 16:31:12,590][openttl.online.tta_runner][INFO] - TTA sync LoRA -> SGLang name=tta_v1031 path=outputs/online_tta/online_tta_adapters/tta_v1031
[2026-08-27 16:31:14,467][openttl.online.tta_runner][INFO] - TTA sync LoRA -> SGLang name=tta_v1032 path=outputs/online_tta/online_tta_adapters/tta_v1032
[2026-08-27 16:31:16,198][openttl.online.tta_runner][INFO] - TTA sync LoRA -> SGLang name=tta_v1033 path=outputs/online_tta/online_tta_adapters/tta_v1033
[2026-08-27 16:31:17,898][openttl.online.tta_runner][INFO] - TTA sync LoRA -> SGLang name=tta_v1034 path=outputs/online_tta/online_tta_adapters/tta_v1034
[2026-08-27 16:31:19,628][openttl.online.tta_runner][INFO] - TTA sync LoRA -> SGLang name=tta_v1035 path=outputs/online_tta/online_tta_adapters/tta_v1035
[2026-08-27 16:31:21,226][openttl.online.tta_runner][INFO] - TTA sync LoRA -> SGLang name=tta_v1036 path=outputs/online_tta/online_tta_adapters/tta_v1036
[2026-08-27 16:31:22,924][openttl.online.tta_runner][INFO] - TTA sync LoRA -> SGLang name=tta_v1037 path=outputs/online_tta/online_tta_adapters/tta_v1037
[2026-08-27 16:31:24,657][openttl.online.tta_runner][INFO] - TTA sync LoRA -> SGLang name=tta_v1038 path=outputs/online_tta/online_tta_adapters/tta_v1038
[2026-08-27 16:31:26,374][openttl.online.tta_runner][INFO] - TTA sync LoRA -> SGLang name=tta_v1039 path=outputs/online_tta/online_tta_adapters/tta_v1039
[2026-08-27 16:31:28,226][openttl.online.tta_runner][INFO] - TTA sync LoRA -> SGLang name=tta_v1040 path=outputs/online_tta/online_tta_adapters/tta_v1040
[1040/4329] acc=0.7471 pred=D gold=B loss=4.592901314026676e-05 (1.7s/sample)
[2026-08-27 16:31:29,961][openttl.online.tta_runner][INFO] - TTA sync LoRA -> SGLang name=tta_v1041 path=outputs/online_tta/online_tta_adapters/tta_v1041
[2026-08-27 16:31:31,699][openttl.online.tta_runner][INFO] - TTA sync LoRA -> SGLang name=tta_v1042 path=outputs/online_tta/online_tta_adapters/tta_v1042
[2026-08-27 16:31:33,486][openttl.online.tta_runner][INFO] - TTA sync LoRA -> SGLang name=tta_v1043 path=outputs/online_tta/online_tta_adapters/tta_v1043
[2026-08-27 16:31:35,110][openttl.online.tta_runner][INFO] - TTA sync LoRA -> SGLang name=tta_v1044 path=outputs/online_tta/online_tta_adapters/tta_v1044
[2026-08-27 16:31:36,765][openttl.online.tta_runner][INFO] - TTA sync LoRA -> SGLang name=tta_v1045 path=outputs/online_tta/online_tta_adapters/tta_v1045
[2026-08-27 16:31:38,586][openttl.online.tta_runner][INFO] - TTA sync LoRA -> SGLang name=tta_v1046 path=outputs/online_tta/online_tta_adapters/tta_v1046
[2026-08-27 16:31:40,387][openttl.online.tta_runner][INFO] - TTA sync LoRA -> SGLang name=tta_v1047 path=outputs/online_tta/online_tta_adapters/tta_v1047
[2026-08-27 16:31:42,142][openttl.online.tta_runner][INFO] - TTA sync LoRA -> SGLang name=tta_v1048 path=outputs/online_tta/online_tta_adapters/tta_v1048
[2026-08-27 16:31:43,935][openttl.online.tta_runner][INFO] - TTA sync LoRA -> SGLang name=tta_v1049 path=outputs/online_tta/online_tta_adapters/tta_v1049
[2026-08-27 16:31:45,583][openttl.online.tta_runner][INFO] - TTA sync LoRA -> SGLang name=tta_v1050 path=outputs/online_tta/online_tta_adapters/tta_v1050
[2026-08-27 16:31:47,316][openttl.online.tta_runner][INFO] - TTA sync LoRA -> SGLang name=tta_v1051 path=outputs/online_tta/online_tta_adapters/tta_v1051
[2026-08-27 16:31:49,054][openttl.online.tta_runner][INFO] - TTA sync LoRA -> SGLang name=tta_v1052 path=outputs/online_tta/online_tta_adapters/tta_v1052
[2026-08-27 16:31:50,825][openttl.online.tta_runner][INFO] - TTA sync LoRA -> SGLang name=tta_v1053 path=outputs/online_tta/online_tta_adapters/tta_v1053
[2026-08-27 16:31:52,611][openttl.online.tta_runner][INFO] - TTA sync LoRA -> SGLang name=tta_v1054 path=outputs/online_tta/online_tta_adapters/tta_v1054
[2026-08-27 16:31:54,392][openttl.online.tta_runner][INFO] - TTA sync LoRA -> SGLang name=tta_v1055 path=outputs/online_tta/online_tta_adapters/tta_v1055
[2026-08-27 16:31:56,165][openttl.online.tta_runner][INFO] - TTA sync LoRA -> SGLang name=tta_v1056 path=outputs/online_tta/online_tta_adapters/tta_v1056
[2026-08-27 16:31:57,904][openttl.online.tta_runner][INFO] - TTA sync LoRA -> SGLang name=tta_v1057 path=outputs/online_tta/online_tta_adapters/tta_v1057
[2026-08-27 16:31:59,599][openttl.online.tta_runner][INFO] - TTA sync LoRA -> SGLang name=tta_v1058 path=outputs/online_tta/online_tta_adapters/tta_v1058
[2026-08-27 16:32:01,442][openttl.online.tta_runner][INFO] - TTA sync LoRA -> SGLang name=tta_v1059 path=outputs/online_tta/online_tta_adapters/tta_v1059
[2026-08-27 16:32:03,248][openttl.online.tta_runner][INFO] - TTA sync LoRA -> SGLang name=tta_v1060 path=outputs/online_tta/online_tta_adapters/tta_v1060
[1060/4329] acc=0.7377 pred=D gold=C loss=3.990932600572705e-05 (1.7s/sample)
[2026-08-27 16:32:04,991][openttl.online.tta_runner][INFO] - TTA sync LoRA -> SGLang name=tta_v1061 path=outputs/online_tta/online_tta_adapters/tta_v1061
[2026-08-27 16:32:06,732][openttl.online.tta_runner][INFO] - TTA sync LoRA -> SGLang name=tta_v1062 path=outputs/online_tta/online_tta_adapters/tta_v1062
[2026-08-27 16:32:08,559][openttl.online.tta_runner][INFO] - TTA sync LoRA -> SGLang name=tta_v1063 path=outputs/online_tta/online_tta_adapters/tta_v1063
[2026-08-27 16:32:10,277][openttl.online.tta_runner][INFO] - TTA sync LoRA -> SGLang name=tta_v1064 path=outputs/online_tta/online_tta_adapters/tta_v1064
[2026-08-27 16:32:12,144][openttl.online.tta_runner][INFO] - TTA sync LoRA -> SGLang name=tta_v1065 path=outputs/online_tta/online_tta_adapters/tta_v1065
[2026-08-27 16:32:13,859][openttl.online.tta_runner][INFO] - TTA sync LoRA -> SGLang name=tta_v1066 path=outputs/online_tta/online_tta_adapters/tta_v1066
[2026-08-27 16:32:15,583][openttl.online.tta_runner][INFO] - TTA sync LoRA -> SGLang name=tta_v1067 path=outputs/online_tta/online_tta_adapters/tta_v1067
[2026-08-27 16:32:17,289][openttl.online.tta_runner][INFO] - TTA sync LoRA -> SGLang name=tta_v1068 path=outputs/online_tta/online_tta_adapters/tta_v1068
[2026-08-27 16:32:19,012][openttl.online.tta_runner][INFO] - TTA sync LoRA -> SGLang name=tta_v1069 path=outputs/online_tta/online_tta_adapters/tta_v1069
[2026-08-27 16:32:20,723][openttl.online.tta_runner][INFO] - TTA sync LoRA -> SGLang name=tta_v1070 path=outputs/online_tta/online_tta_adapters/tta_v1070
[2026-08-27 16:32:22,438][openttl.online.tta_runner][INFO] - TTA sync LoRA -> SGLang name=tta_v1071 path=outputs/online_tta/online_tta_adapters/tta_v1071
[2026-08-27 16:32:24,158][openttl.online.tta_runner][INFO] - TTA sync LoRA -> SGLang name=tta_v1072 path=outputs/online_tta/online_tta_adapters/tta_v1072
[2026-08-27 16:32:25,940][openttl.online.tta_runner][INFO] - TTA sync LoRA -> SGLang name=tta_v1073 path=outputs/online_tta/online_tta_adapters/tta_v1073
[2026-08-27 16:32:27,660][openttl.online.tta_runner][INFO] - TTA sync LoRA -> SGLang name=tta_v1074 path=outputs/online_tta/online_tta_adapters/tta_v1074
[2026-08-27 16:32:29,380][openttl.online.tta_runner][INFO] - TTA sync LoRA -> SGLang name=tta_v1075 path=outputs/online_tta/online_tta_adapters/tta_v1075
[2026-08-27 16:32:31,115][openttl.online.tta_runner][INFO] - TTA sync LoRA -> SGLang name=tta_v1076 path=outputs/online_tta/online_tta_adapters/tta_v1076
[2026-08-27 16:32:32,909][openttl.online.tta_runner][INFO] - TTA sync LoRA -> SGLang name=tta_v1077 path=outputs/online_tta/online_tta_adapters/tta_v1077
[2026-08-27 16:32:34,617][openttl.online.tta_runner][INFO] - TTA sync LoRA -> SGLang name=tta_v1078 path=outputs/online_tta/online_tta_adapters/tta_v1078
[2026-08-27 16:32:36,348][openttl.online.tta_runner][INFO] - TTA sync LoRA -> SGLang name=tta_v1079 path=outputs/online_tta/online_tta_adapters/tta_v1079
[2026-08-27 16:32:38,120][openttl.online.tta_runner][INFO] - TTA sync LoRA -> SGLang name=tta_v1080 path=outputs/online_tta/online_tta_adapters/tta_v1080
[1080/4329] acc=0.7315 pred=D gold=D loss=5.1318478654138744e-05 (1.7s/sample)
[2026-08-27 16:32:39,963][openttl.online.tta_runner][INFO] - TTA sync LoRA -> SGLang name=tta_v1081 path=outputs/online_tta/online_tta_adapters/tta_v1081
[2026-08-27 16:32:41,766][openttl.online.tta_runner][INFO] - TTA sync LoRA -> SGLang name=tta_v1082 path=outputs/online_tta/online_tta_adapters/tta_v1082
[2026-08-27 16:32:43,586][openttl.online.tta_runner][INFO] - TTA sync LoRA -> SGLang name=tta_v1083 path=outputs/online_tta/online_tta_adapters/tta_v1083
[2026-08-27 16:32:45,405][openttl.online.tta_runner][INFO] - TTA sync LoRA -> SGLang name=tta_v1084 path=outputs/online_tta/online_tta_adapters/tta_v1084
[2026-08-27 16:32:47,245][openttl.online.tta_runner][INFO] - TTA sync LoRA -> SGLang name=tta_v1085 path=outputs/online_tta/online_tta_adapters/tta_v1085
[2026-08-27 16:32:49,077][openttl.online.tta_runner][INFO] - TTA sync LoRA -> SGLang name=tta_v1086 path=outputs/online_tta/online_tta_adapters/tta_v1086
[2026-08-27 16:32:50,878][openttl.online.tta_runner][INFO] - TTA sync LoRA -> SGLang name=tta_v1087 path=outputs/online_tta/online_tta_adapters/tta_v1087
[2026-08-27 16:32:52,710][openttl.online.tta_runner][INFO] - TTA sync LoRA -> SGLang name=tta_v1088 path=outputs/online_tta/online_tta_adapters/tta_v1088
[2026-08-27 16:32:54,415][openttl.online.tta_runner][INFO] - TTA sync LoRA -> SGLang name=tta_v1089 path=outputs/online_tta/online_tta_adapters/tta_v1089
[2026-08-27 16:32:56,121][openttl.online.tta_runner][INFO] - TTA sync LoRA -> SGLang name=tta_v1090 path=outputs/online_tta/online_tta_adapters/tta_v1090
[2026-08-27 16:32:57,804][openttl.online.tta_runner][INFO] - TTA sync LoRA -> SGLang name=tta_v1091 path=outputs/online_tta/online_tta_adapters/tta_v1091
[2026-08-27 16:32:59,494][openttl.online.tta_runner][INFO] - TTA sync LoRA -> SGLang name=tta_v1092 path=outputs/online_tta/online_tta_adapters/tta_v1092
[2026-08-27 16:33:01,206][openttl.online.tta_runner][INFO] - TTA sync LoRA -> SGLang name=tta_v1093 path=outputs/online_tta/online_tta_adapters/tta_v1093
[2026-08-27 16:33:02,896][openttl.online.tta_runner][INFO] - TTA sync LoRA -> SGLang name=tta_v1094 path=outputs/online_tta/online_tta_adapters/tta_v1094
[2026-08-27 16:33:04,624][openttl.online.tta_runner][INFO] - TTA sync LoRA -> SGLang name=tta_v1095 path=outputs/online_tta/online_tta_adapters/tta_v1095
[2026-08-27 16:33:06,316][openttl.online.tta_runner][INFO] - TTA sync LoRA -> SGLang name=tta_v1096 path=outputs/online_tta/online_tta_adapters/tta_v1096
[2026-08-27 16:33:08,105][openttl.online.tta_runner][INFO] - TTA sync LoRA -> SGLang name=tta_v1097 path=outputs/online_tta/online_tta_adapters/tta_v1097
[2026-08-27 16:33:09,912][openttl.online.tta_runner][INFO] - TTA sync LoRA -> SGLang name=tta_v1098 path=outputs/online_tta/online_tta_adapters/tta_v1098
[2026-08-27 16:33:11,649][openttl.online.tta_runner][INFO] - TTA sync LoRA -> SGLang name=tta_v1099 path=outputs/online_tta/online_tta_adapters/tta_v1099
[2026-08-27 16:33:13,412][openttl.online.tta_runner][INFO] - TTA sync LoRA -> SGLang name=tta_v1100 path=outputs/online_tta/online_tta_adapters/tta_v1100
[1100/4329] acc=0.7255 pred=D gold=C loss=3.989740434917621e-05 (1.7s/sample)
[2026-08-27 16:33:15,270][openttl.online.tta_runner][INFO] - TTA sync LoRA -> SGLang name=tta_v1101 path=outputs/online_tta/online_tta_adapters/tta_v1101
[2026-08-27 16:33:17,047][openttl.online.tta_runner][INFO] - TTA sync LoRA -> SGLang name=tta_v1102 path=outputs/online_tta/online_tta_adapters/tta_v1102
[2026-08-27 16:33:18,825][openttl.online.tta_runner][INFO] - TTA sync LoRA -> SGLang name=tta_v1103 path=outputs/online_tta/online_tta_adapters/tta_v1103
[2026-08-27 16:33:20,586][openttl.online.tta_runner][INFO] - TTA sync LoRA -> SGLang name=tta_v1104 path=outputs/online_tta/online_tta_adapters/tta_v1104
[2026-08-27 16:33:22,372][openttl.online.tta_runner][INFO] - TTA sync LoRA -> SGLang name=tta_v1105 path=outputs/online_tta/online_tta_adapters/tta_v1105
[2026-08-27 16:33:24,253][openttl.online.tta_runner][INFO] - TTA sync LoRA -> SGLang name=tta_v1106 path=outputs/online_tta/online_tta_adapters/tta_v1106
[2026-08-27 16:33:26,228][openttl.online.tta_runner][INFO] - TTA sync LoRA -> SGLang name=tta_v1107 path=outputs/online_tta/online_tta_adapters/tta_v1107
[2026-08-27 16:33:28,238][openttl.online.tta_runner][INFO] - TTA sync LoRA -> SGLang name=tta_v1108 path=outputs/online_tta/online_tta_adapters/tta_v1108
[2026-08-27 16:33:30,199][openttl.online.tta_runner][INFO] - TTA sync LoRA -> SGLang name=tta_v1109 path=outputs/online_tta/online_tta_adapters/tta_v1109
[2026-08-27 16:33:32,078][openttl.online.tta_runner][INFO] - TTA sync LoRA -> SGLang name=tta_v1110 path=outputs/online_tta/online_tta_adapters/tta_v1110
[2026-08-27 16:33:33,858][openttl.online.tta_runner][INFO] - TTA sync LoRA -> SGLang name=tta_v1111 path=outputs/online_tta/online_tta_adapters/tta_v1111
[2026-08-27 16:33:35,730][openttl.online.tta_runner][INFO] - TTA sync LoRA -> SGLang name=tta_v1112 path=outputs/online_tta/online_tta_adapters/tta_v1112
[2026-08-27 16:33:37,628][openttl.online.tta_runner][INFO] - TTA sync LoRA -> SGLang name=tta_v1113 path=outputs/online_tta/online_tta_adapters/tta_v1113
[2026-08-27 16:33:39,558][openttl.online.tta_runner][INFO] - TTA sync LoRA -> SGLang name=tta_v1114 path=outputs/online_tta/online_tta_adapters/tta_v1114
[2026-08-27 16:33:41,437][openttl.online.tta_runner][INFO] - TTA sync LoRA -> SGLang name=tta_v1115 path=outputs/online_tta/online_tta_adapters/tta_v1115
[2026-08-27 16:33:43,336][openttl.online.tta_runner][INFO] - TTA sync LoRA -> SGLang name=tta_v1116 path=outputs/online_tta/online_tta_adapters/tta_v1116
[2026-08-27 16:33:45,150][openttl.online.tta_runner][INFO] - TTA sync LoRA -> SGLang name=tta_v1117 path=outputs/online_tta/online_tta_adapters/tta_v1117
[2026-08-27 16:33:47,022][openttl.online.tta_runner][INFO] - TTA sync LoRA -> SGLang name=tta_v1118 path=outputs/online_tta/online_tta_adapters/tta_v1118
[2026-08-27 16:33:48,910][openttl.online.tta_runner][INFO] - TTA sync LoRA -> SGLang name=tta_v1119 path=outputs/online_tta/online_tta_adapters/tta_v1119
[2026-08-27 16:33:50,823][openttl.online.tta_runner][INFO] - TTA sync LoRA -> SGLang name=tta_v1120 path=outputs/online_tta/online_tta_adapters/tta_v1120
[1120/4329] acc=0.7143 pred=D gold=A loss=1.724892354104668e-05 (1.7s/sample)
[2026-08-27 16:33:52,796][openttl.online.tta_runner][INFO] - TTA sync LoRA -> SGLang name=tta_v1121 path=outputs/online_tta/online_tta_adapters/tta_v1121
[2026-08-27 16:33:54,715][openttl.online.tta_runner][INFO] - TTA sync LoRA -> SGLang name=tta_v1122 path=outputs/online_tta/online_tta_adapters/tta_v1122
[2026-08-27 16:33:56,578][openttl.online.tta_runner][INFO] - TTA sync LoRA -> SGLang name=tta_v1123 path=outputs/online_tta/online_tta_adapters/tta_v1123
[2026-08-27 16:33:58,455][openttl.online.tta_runner][INFO] - TTA sync LoRA -> SGLang name=tta_v1124 path=outputs/online_tta/online_tta_adapters/tta_v1124
[2026-08-27 16:34:00,334][openttl.online.tta_runner][INFO] - TTA sync LoRA -> SGLang name=tta_v1125 path=outputs/online_tta/online_tta_adapters/tta_v1125
[2026-08-27 16:34:02,246][openttl.online.tta_runner][INFO] - TTA sync LoRA -> SGLang name=tta_v1126 path=outputs/online_tta/online_tta_adapters/tta_v1126
[2026-08-27 16:34:04,146][openttl.online.tta_runner][INFO] - TTA sync LoRA -> SGLang name=tta_v1127 path=outputs/online_tta/online_tta_adapters/tta_v1127
[2026-08-27 16:34:05,931][openttl.online.tta_runner][INFO] - TTA sync LoRA -> SGLang name=tta_v1128 path=outputs/online_tta/online_tta_adapters/tta_v1128
[2026-08-27 16:34:07,741][openttl.online.tta_runner][INFO] - TTA sync LoRA -> SGLang name=tta_v1129 path=outputs/online_tta/online_tta_adapters/tta_v1129
[2026-08-27 16:34:09,657][openttl.online.tta_runner][INFO] - TTA sync LoRA -> SGLang name=tta_v1130 path=outputs/online_tta/online_tta_adapters/tta_v1130
[2026-08-27 16:34:11,578][openttl.online.tta_runner][INFO] - TTA sync LoRA -> SGLang name=tta_v1131 path=outputs/online_tta/online_tta_adapters/tta_v1131
[2026-08-27 16:34:13,317][openttl.online.tta_runner][INFO] - TTA sync LoRA -> SGLang name=tta_v1132 path=outputs/online_tta/online_tta_adapters/tta_v1132
[2026-08-27 16:34:15,067][openttl.online.tta_runner][INFO] - TTA sync LoRA -> SGLang name=tta_v1133 path=outputs/online_tta/online_tta_adapters/tta_v1133
[2026-08-27 16:34:16,695][openttl.online.tta_runner][INFO] - TTA sync LoRA -> SGLang name=tta_v1134 path=outputs/online_tta/online_tta_adapters/tta_v1134
[2026-08-27 16:34:18,385][openttl.online.tta_runner][INFO] - TTA sync LoRA -> SGLang name=tta_v1135 path=outputs/online_tta/online_tta_adapters/tta_v1135
[2026-08-27 16:34:20,063][openttl.online.tta_runner][INFO] - TTA sync LoRA -> SGLang name=tta_v1136 path=outputs/online_tta/online_tta_adapters/tta_v1136
[2026-08-27 16:34:21,796][openttl.online.tta_runner][INFO] - TTA sync LoRA -> SGLang name=tta_v1137 path=outputs/online_tta/online_tta_adapters/tta_v1137
[2026-08-27 16:34:23,663][openttl.online.tta_runner][INFO] - TTA sync LoRA -> SGLang name=tta_v1138 path=outputs/online_tta/online_tta_adapters/tta_v1138
[2026-08-27 16:34:25,381][openttl.online.tta_runner][INFO] - TTA sync LoRA -> SGLang name=tta_v1139 path=outputs/online_tta/online_tta_adapters/tta_v1139
[2026-08-27 16:34:26,989][openttl.online.tta_runner][INFO] - TTA sync LoRA -> SGLang name=tta_v1140 path=outputs/online_tta/online_tta_adapters/tta_v1140
[1140/4329] acc=0.7018 pred=D gold=A loss=2.4753360776230693e-05 (1.7s/sample)
[2026-08-27 16:34:28,682][openttl.online.tta_runner][INFO] - TTA sync LoRA -> SGLang name=tta_v1141 path=outputs/online_tta/online_tta_adapters/tta_v1141
[2026-08-27 16:34:30,325][openttl.online.tta_runner][INFO] - TTA sync LoRA -> SGLang name=tta_v1142 path=outputs/online_tta/online_tta_adapters/tta_v1142
[2026-08-27 16:34:32,105][openttl.online.tta_runner][INFO] - TTA sync LoRA -> SGLang name=tta_v1143 path=outputs/online_tta/online_tta_adapters/tta_v1143
[2026-08-27 16:34:33,814][openttl.online.tta_runner][INFO] - TTA sync LoRA -> SGLang name=tta_v1144 path=outputs/online_tta/online_tta_adapters/tta_v1144
[2026-08-27 16:34:35,453][openttl.online.tta_runner][INFO] - TTA sync LoRA -> SGLang name=tta_v1145 path=outputs/online_tta/online_tta_adapters/tta_v1145
[2026-08-27 16:34:37,081][openttl.online.tta_runner][INFO] - TTA sync LoRA -> SGLang name=tta_v1146 path=outputs/online_tta/online_tta_adapters/tta_v1146
[2026-08-27 16:34:38,725][openttl.online.tta_runner][INFO] - TTA sync LoRA -> SGLang name=tta_v1147 path=outputs/online_tta/online_tta_adapters/tta_v1147
[2026-08-27 16:34:40,449][openttl.online.tta_runner][INFO] - TTA sync LoRA -> SGLang name=tta_v1148 path=outputs/online_tta/online_tta_adapters/tta_v1148
[2026-08-27 16:34:42,083][openttl.online.tta_runner][INFO] - TTA sync LoRA -> SGLang name=tta_v1149 path=outputs/online_tta/online_tta_adapters/tta_v1149
[2026-08-27 16:34:43,730][openttl.online.tta_runner][INFO] - TTA sync LoRA -> SGLang name=tta_v1150 path=outputs/online_tta/online_tta_adapters/tta_v1150
[2026-08-27 16:34:45,326][openttl.online.tta_runner][INFO] - TTA sync LoRA -> SGLang name=tta_v1151 path=outputs/online_tta/online_tta_adapters/tta_v1151
[2026-08-27 16:34:46,917][openttl.online.tta_runner][INFO] - TTA sync LoRA -> SGLang name=tta_v1152 path=outputs/online_tta/online_tta_adapters/tta_v1152
[2026-08-27 16:34:48,533][openttl.online.tta_runner][INFO] - TTA sync LoRA -> SGLang name=tta_v1153 path=outputs/online_tta/online_tta_adapters/tta_v1153
[2026-08-27 16:34:50,177][openttl.online.tta_runner][INFO] - TTA sync LoRA -> SGLang name=tta_v1154 path=outputs/online_tta/online_tta_adapters/tta_v1154
[2026-08-27 16:34:51,786][openttl.online.tta_runner][INFO] - TTA sync LoRA -> SGLang name=tta_v1155 path=outputs/online_tta/online_tta_adapters/tta_v1155
[2026-08-27 16:34:53,382][openttl.online.tta_runner][INFO] - TTA sync LoRA -> SGLang name=tta_v1156 path=outputs/online_tta/online_tta_adapters/tta_v1156
[2026-08-27 16:34:55,140][openttl.online.tta_runner][INFO] - TTA sync LoRA -> SGLang name=tta_v1157 path=outputs/online_tta/online_tta_adapters/tta_v1157
[2026-08-27 16:34:56,915][openttl.online.tta_runner][INFO] - TTA sync LoRA -> SGLang name=tta_v1158 path=outputs/online_tta/online_tta_adapters/tta_v1158
[2026-08-27 16:34:58,574][openttl.online.tta_runner][INFO] - TTA sync LoRA -> SGLang name=tta_v1159 path=outputs/online_tta/online_tta_adapters/tta_v1159
[2026-08-27 16:35:00,472][openttl.online.tta_runner][INFO] - TTA sync LoRA -> SGLang name=tta_v1160 path=outputs/online_tta/online_tta_adapters/tta_v1160
[1160/4329] acc=0.6948 pred=D gold=A loss=2.002164001169149e-05 (1.7s/sample)
[2026-08-27 16:35:02,098][openttl.online.tta_runner][INFO] - TTA sync LoRA -> SGLang name=tta_v1161 path=outputs/online_tta/online_tta_adapters/tta_v1161
[2026-08-27 16:35:03,723][openttl.online.tta_runner][INFO] - TTA sync LoRA -> SGLang name=tta_v1162 path=outputs/online_tta/online_tta_adapters/tta_v1162
[2026-08-27 16:35:05,550][openttl.online.tta_runner][INFO] - TTA sync LoRA -> SGLang name=tta_v1163 path=outputs/online_tta/online_tta_adapters/tta_v1163
[2026-08-27 16:35:07,266][openttl.online.tta_runner][INFO] - TTA sync LoRA -> SGLang name=tta_v1164 path=outputs/online_tta/online_tta_adapters/tta_v1164
[2026-08-27 16:35:09,095][openttl.online.tta_runner][INFO] - TTA sync LoRA -> SGLang name=tta_v1165 path=outputs/online_tta/online_tta_adapters/tta_v1165
[2026-08-27 16:35:10,866][openttl.online.tta_runner][INFO] - TTA sync LoRA -> SGLang name=tta_v1166 path=outputs/online_tta/online_tta_adapters/tta_v1166
[2026-08-27 16:35:12,626][openttl.online.tta_runner][INFO] - TTA sync LoRA -> SGLang name=tta_v1167 path=outputs/online_tta/online_tta_adapters/tta_v1167
[2026-08-27 16:35:14,381][openttl.online.tta_runner][INFO] - TTA sync LoRA -> SGLang name=tta_v1168 path=outputs/online_tta/online_tta_adapters/tta_v1168
[2026-08-27 16:35:16,146][openttl.online.tta_runner][INFO] - TTA sync LoRA -> SGLang name=tta_v1169 path=outputs/online_tta/online_tta_adapters/tta_v1169
[2026-08-27 16:35:17,915][openttl.online.tta_runner][INFO] - TTA sync LoRA -> SGLang name=tta_v1170 path=outputs/online_tta/online_tta_adapters/tta_v1170
[2026-08-27 16:35:19,516][openttl.online.tta_runner][INFO] - TTA sync LoRA -> SGLang name=tta_v1171 path=outputs/online_tta/online_tta_adapters/tta_v1171
[2026-08-27 16:35:21,098][openttl.online.tta_runner][INFO] - TTA sync LoRA -> SGLang name=tta_v1172 path=outputs/online_tta/online_tta_adapters/tta_v1172
[2026-08-27 16:35:22,797][openttl.online.tta_runner][INFO] - TTA sync LoRA -> SGLang name=tta_v1173 path=outputs/online_tta/online_tta_adapters/tta_v1173
[2026-08-27 16:35:24,367][openttl.online.tta_runner][INFO] - TTA sync LoRA -> SGLang name=tta_v1174 path=outputs/online_tta/online_tta_adapters/tta_v1174
[2026-08-27 16:35:25,961][openttl.online.tta_runner][INFO] - TTA sync LoRA -> SGLang name=tta_v1175 path=outputs/online_tta/online_tta_adapters/tta_v1175
[2026-08-27 16:35:27,535][openttl.online.tta_runner][INFO] - TTA sync LoRA -> SGLang name=tta_v1176 path=outputs/online_tta/online_tta_adapters/tta_v1176
[2026-08-27 16:35:29,010][openttl.online.tta_runner][INFO] - TTA sync LoRA -> SGLang name=tta_v1177 path=outputs/online_tta/online_tta_adapters/tta_v1177
[2026-08-27 16:35:30,585][openttl.online.tta_runner][INFO] - TTA sync LoRA -> SGLang name=tta_v1178 path=outputs/online_tta/online_tta_adapters/tta_v1178
[2026-08-27 16:35:32,183][openttl.online.tta_runner][INFO] - TTA sync LoRA -> SGLang name=tta_v1179 path=outputs/online_tta/online_tta_adapters/tta_v1179
[2026-08-27 16:35:33,954][openttl.online.tta_runner][INFO] - TTA sync LoRA -> SGLang name=tta_v1180 path=outputs/online_tta/online_tta_adapters/tta_v1180
[1180/4329] acc=0.6890 pred=B gold=B loss=3.0384722776943818e-05 (1.7s/sample)
[2026-08-27 16:35:35,721][openttl.online.tta_runner][INFO] - TTA sync LoRA -> SGLang name=tta_v1181 path=outputs/online_tta/online_tta_adapters/tta_v1181
[2026-08-27 16:35:37,299][openttl.online.tta_runner][INFO] - TTA sync LoRA -> SGLang name=tta_v1182 path=outputs/online_tta/online_tta_adapters/tta_v1182
[2026-08-27 16:35:38,992][openttl.online.tta_runner][INFO] - TTA sync LoRA -> SGLang name=tta_v1183 path=outputs/online_tta/online_tta_adapters/tta_v1183
[2026-08-27 16:35:40,743][openttl.online.tta_runner][INFO] - TTA sync LoRA -> SGLang name=tta_v1184 path=outputs/online_tta/online_tta_adapters/tta_v1184
[2026-08-27 16:35:42,359][openttl.online.tta_runner][INFO] - TTA sync LoRA -> SGLang name=tta_v1185 path=outputs/online_tta/online_tta_adapters/tta_v1185
[2026-08-27 16:35:43,946][openttl.online.tta_runner][INFO] - TTA sync LoRA -> SGLang name=tta_v1186 path=outputs/online_tta/online_tta_adapters/tta_v1186
[2026-08-27 16:35:45,648][openttl.online.tta_runner][INFO] - TTA sync LoRA -> SGLang name=tta_v1187 path=outputs/online_tta/online_tta_adapters/tta_v1187
[2026-08-27 16:35:47,249][openttl.online.tta_runner][INFO] - TTA sync LoRA -> SGLang name=tta_v1188 path=outputs/online_tta/online_tta_adapters/tta_v1188
[2026-08-27 16:35:48,838][openttl.online.tta_runner][INFO] - TTA sync LoRA -> SGLang name=tta_v1189 path=outputs/online_tta/online_tta_adapters/tta_v1189
[2026-08-27 16:35:50,422][openttl.online.tta_runner][INFO] - TTA sync LoRA -> SGLang name=tta_v1190 path=outputs/online_tta/online_tta_adapters/tta_v1190
[2026-08-27 16:35:52,132][openttl.online.tta_runner][INFO] - TTA sync LoRA -> SGLang name=tta_v1191 path=outputs/online_tta/online_tta_adapters/tta_v1191
[2026-08-27 16:35:53,787][openttl.online.tta_runner][INFO] - TTA sync LoRA -> SGLang name=tta_v1192 path=outputs/online_tta/online_tta_adapters/tta_v1192
[2026-08-27 16:35:55,463][openttl.online.tta_runner][INFO] - TTA sync LoRA -> SGLang name=tta_v1193 path=outputs/online_tta/online_tta_adapters/tta_v1193
[2026-08-27 16:35:57,062][openttl.online.tta_runner][INFO] - TTA sync LoRA -> SGLang name=tta_v1194 path=outputs/online_tta/online_tta_adapters/tta_v1194
[2026-08-27 16:35:58,829][openttl.online.tta_runner][INFO] - TTA sync LoRA -> SGLang name=tta_v1195 path=outputs/online_tta/online_tta_adapters/tta_v1195
[2026-08-27 16:36:00,537][openttl.online.tta_runner][INFO] - TTA sync LoRA -> SGLang name=tta_v1196 path=outputs/online_tta/online_tta_adapters/tta_v1196
[2026-08-27 16:36:02,176][openttl.online.tta_runner][INFO] - TTA sync LoRA -> SGLang name=tta_v1197 path=outputs/online_tta/online_tta_adapters/tta_v1197
[2026-08-27 16:36:03,937][openttl.online.tta_runner][INFO] - TTA sync LoRA -> SGLang name=tta_v1198 path=outputs/online_tta/online_tta_adapters/tta_v1198
[2026-08-27 16:36:05,615][openttl.online.tta_runner][INFO] - TTA sync LoRA -> SGLang name=tta_v1199 path=outputs/online_tta/online_tta_adapters/tta_v1199
[2026-08-27 16:36:07,275][openttl.online.tta_runner][INFO] - TTA sync LoRA -> SGLang name=tta_v1200 path=outputs/online_tta/online_tta_adapters/tta_v1200
[1200/4329] acc=0.6867 pred=B gold=B loss=2.0165280147921294e-05 (1.7s/sample)
[2026-08-27 16:36:08,920][openttl.online.tta_runner][INFO] - TTA sync LoRA -> SGLang name=tta_v1201 path=outputs/online_tta/online_tta_adapters/tta_v1201
[2026-08-27 16:36:10,737][openttl.online.tta_runner][INFO] - TTA sync LoRA -> SGLang name=tta_v1202 path=outputs/online_tta/online_tta_adapters/tta_v1202
[2026-08-27 16:36:12,502][openttl.online.tta_runner][INFO] - TTA sync LoRA -> SGLang name=tta_v1203 path=outputs/online_tta/online_tta_adapters/tta_v1203
[2026-08-27 16:36:14,261][openttl.online.tta_runner][INFO] - TTA sync LoRA -> SGLang name=tta_v1204 path=outputs/online_tta/online_tta_adapters/tta_v1204
[2026-08-27 16:36:16,008][openttl.online.tta_runner][INFO] - TTA sync LoRA -> SGLang name=tta_v1205 path=outputs/online_tta/online_tta_adapters/tta_v1205
[2026-08-27 16:36:17,821][openttl.online.tta_runner][INFO] - TTA sync LoRA -> SGLang name=tta_v1206 path=outputs/online_tta/online_tta_adapters/tta_v1206
[2026-08-27 16:36:19,586][openttl.online.tta_runner][INFO] - TTA sync LoRA -> SGLang name=tta_v1207 path=outputs/online_tta/online_tta_adapters/tta_v1207
[2026-08-27 16:36:21,306][openttl.online.tta_runner][INFO] - TTA sync LoRA -> SGLang name=tta_v1208 path=outputs/online_tta/online_tta_adapters/tta_v1208
[2026-08-27 16:36:23,015][openttl.online.tta_runner][INFO] - TTA sync LoRA -> SGLang name=tta_v1209 path=outputs/online_tta/online_tta_adapters/tta_v1209
[2026-08-27 16:36:24,758][openttl.online.tta_runner][INFO] - TTA sync LoRA -> SGLang name=tta_v1210 path=outputs/online_tta/online_tta_adapters/tta_v1210
[2026-08-27 16:36:26,494][openttl.online.tta_runner][INFO] - TTA sync LoRA -> SGLang name=tta_v1211 path=outputs/online_tta/online_tta_adapters/tta_v1211
[2026-08-27 16:36:28,207][openttl.online.tta_runner][INFO] - TTA sync LoRA -> SGLang name=tta_v1212 path=outputs/online_tta/online_tta_adapters/tta_v1212
[2026-08-27 16:36:29,938][openttl.online.tta_runner][INFO] - TTA sync LoRA -> SGLang name=tta_v1213 path=outputs/online_tta/online_tta_adapters/tta_v1213
[2026-08-27 16:36:31,635][openttl.online.tta_runner][INFO] - TTA sync LoRA -> SGLang name=tta_v1214 path=outputs/online_tta/online_tta_adapters/tta_v1214
[2026-08-27 16:36:33,421][openttl.online.tta_runner][INFO] - TTA sync LoRA -> SGLang name=tta_v1215 path=outputs/online_tta/online_tta_adapters/tta_v1215
[2026-08-27 16:36:35,240][openttl.online.tta_runner][INFO] - TTA sync LoRA -> SGLang name=tta_v1216 path=outputs/online_tta/online_tta_adapters/tta_v1216
[2026-08-27 16:36:36,861][openttl.online.tta_runner][INFO] - TTA sync LoRA -> SGLang name=tta_v1217 path=outputs/online_tta/online_tta_adapters/tta_v1217
[2026-08-27 16:36:38,509][openttl.online.tta_runner][INFO] - TTA sync LoRA -> SGLang name=tta_v1218 path=outputs/online_tta/online_tta_adapters/tta_v1218
[2026-08-27 16:36:40,239][openttl.online.tta_runner][INFO] - TTA sync LoRA -> SGLang name=tta_v1219 path=outputs/online_tta/online_tta_adapters/tta_v1219
[2026-08-27 16:36:41,926][openttl.online.tta_runner][INFO] - TTA sync LoRA -> SGLang name=tta_v1220 path=outputs/online_tta/online_tta_adapters/tta_v1220
[1220/4329] acc=0.6844 pred=B gold=B loss=2.4383865820709616e-05 (1.7s/sample)
[2026-08-27 16:36:43,628][openttl.online.tta_runner][INFO] - TTA sync LoRA -> SGLang name=tta_v1221 path=outputs/online_tta/online_tta_adapters/tta_v1221
[2026-08-27 16:36:45,356][openttl.online.tta_runner][INFO] - TTA sync LoRA -> SGLang name=tta_v1222 path=outputs/online_tta/online_tta_adapters/tta_v1222
[2026-08-27 16:36:46,946][openttl.online.tta_runner][INFO] - TTA sync LoRA -> SGLang name=tta_v1223 path=outputs/online_tta/online_tta_adapters/tta_v1223
[2026-08-27 16:36:48,585][openttl.online.tta_runner][INFO] - TTA sync LoRA -> SGLang name=tta_v1224 path=outputs/online_tta/online_tta_adapters/tta_v1224
[2026-08-27 16:36:50,201][openttl.online.tta_runner][INFO] - TTA sync LoRA -> SGLang name=tta_v1225 path=outputs/online_tta/online_tta_adapters/tta_v1225
[2026-08-27 16:36:51,816][openttl.online.tta_runner][INFO] - TTA sync LoRA -> SGLang name=tta_v1226 path=outputs/online_tta/online_tta_adapters/tta_v1226
[2026-08-27 16:36:53,426][openttl.online.tta_runner][INFO] - TTA sync LoRA -> SGLang name=tta_v1227 path=outputs/online_tta/online_tta_adapters/tta_v1227
[2026-08-27 16:36:55,072][openttl.online.tta_runner][INFO] - TTA sync LoRA -> SGLang name=tta_v1228 path=outputs/online_tta/online_tta_adapters/tta_v1228
[2026-08-27 16:36:56,747][openttl.online.tta_runner][INFO] - TTA sync LoRA -> SGLang name=tta_v1229 path=outputs/online_tta/online_tta_adapters/tta_v1229
[2026-08-27 16:36:58,362][openttl.online.tta_runner][INFO] - TTA sync LoRA -> SGLang name=tta_v1230 path=outputs/online_tta/online_tta_adapters/tta_v1230
[2026-08-27 16:37:00,028][openttl.online.tta_runner][INFO] - TTA sync LoRA -> SGLang name=tta_v1231 path=outputs/online_tta/online_tta_adapters/tta_v1231
[2026-08-27 16:37:01,651][openttl.online.tta_runner][INFO] - TTA sync LoRA -> SGLang name=tta_v1232 path=outputs/online_tta/online_tta_adapters/tta_v1232
[2026-08-27 16:37:03,280][openttl.online.tta_runner][INFO] - TTA sync LoRA -> SGLang name=tta_v1233 path=outputs/online_tta/online_tta_adapters/tta_v1233
[2026-08-27 16:37:04,877][openttl.online.tta_runner][INFO] - TTA sync LoRA -> SGLang name=tta_v1234 path=outputs/online_tta/online_tta_adapters/tta_v1234
[2026-08-27 16:37:06,490][openttl.online.tta_runner][INFO] - TTA sync LoRA -> SGLang name=tta_v1235 path=outputs/online_tta/online_tta_adapters/tta_v1235
[2026-08-27 16:37:08,088][openttl.online.tta_runner][INFO] - TTA sync LoRA -> SGLang name=tta_v1236 path=outputs/online_tta/online_tta_adapters/tta_v1236
[2026-08-27 16:37:09,694][openttl.online.tta_runner][INFO] - TTA sync LoRA -> SGLang name=tta_v1237 path=outputs/online_tta/online_tta_adapters/tta_v1237
[2026-08-27 16:37:11,297][openttl.online.tta_runner][INFO] - TTA sync LoRA -> SGLang name=tta_v1238 path=outputs/online_tta/online_tta_adapters/tta_v1238
[2026-08-27 16:37:12,884][openttl.online.tta_runner][INFO] - TTA sync LoRA -> SGLang name=tta_v1239 path=outputs/online_tta/online_tta_adapters/tta_v1239
[2026-08-27 16:37:14,482][openttl.online.tta_runner][INFO] - TTA sync LoRA -> SGLang name=tta_v1240 path=outputs/online_tta/online_tta_adapters/tta_v1240
[1240/4329] acc=0.6823 pred=B gold=B loss=1.4723636013513897e-05 (1.7s/sample)
[2026-08-27 16:37:16,091][openttl.online.tta_runner][INFO] - TTA sync LoRA -> SGLang name=tta_v1241 path=outputs/online_tta/online_tta_adapters/tta_v1241
[2026-08-27 16:37:17,711][openttl.online.tta_runner][INFO] - TTA sync LoRA -> SGLang name=tta_v1242 path=outputs/online_tta/online_tta_adapters/tta_v1242
[2026-08-27 16:37:19,311][openttl.online.tta_runner][INFO] - TTA sync LoRA -> SGLang name=tta_v1243 path=outputs/online_tta/online_tta_adapters/tta_v1243
[2026-08-27 16:37:20,887][openttl.online.tta_runner][INFO] - TTA sync LoRA -> SGLang name=tta_v1244 path=outputs/online_tta/online_tta_adapters/tta_v1244
[2026-08-27 16:37:22,497][openttl.online.tta_runner][INFO] - TTA sync LoRA -> SGLang name=tta_v1245 path=outputs/online_tta/online_tta_adapters/tta_v1245
[2026-08-27 16:37:24,117][openttl.online.tta_runner][INFO] - TTA sync LoRA -> SGLang name=tta_v1246 path=outputs/online_tta/online_tta_adapters/tta_v1246
[2026-08-27 16:37:25,743][openttl.online.tta_runner][INFO] - TTA sync LoRA -> SGLang name=tta_v1247 path=outputs/online_tta/online_tta_adapters/tta_v1247
[2026-08-27 16:37:27,334][openttl.online.tta_runner][INFO] - TTA sync LoRA -> SGLang name=tta_v1248 path=outputs/online_tta/online_tta_adapters/tta_v1248
[2026-08-27 16:37:28,997][openttl.online.tta_runner][INFO] - TTA sync LoRA -> SGLang name=tta_v1249 path=outputs/online_tta/online_tta_adapters/tta_v1249
[2026-08-27 16:37:30,609][openttl.online.tta_runner][INFO] - TTA sync LoRA -> SGLang name=tta_v1250 path=outputs/online_tta/online_tta_adapters/tta_v1250
[2026-08-27 16:37:32,202][openttl.online.tta_runner][INFO] - TTA sync LoRA -> SGLang name=tta_v1251 path=outputs/online_tta/online_tta_adapters/tta_v1251
[2026-08-27 16:37:33,803][openttl.online.tta_runner][INFO] - TTA sync LoRA -> SGLang name=tta_v1252 path=outputs/online_tta/online_tta_adapters/tta_v1252
[2026-08-27 16:37:35,448][openttl.online.tta_runner][INFO] - TTA sync LoRA -> SGLang name=tta_v1253 path=outputs/online_tta/online_tta_adapters/tta_v1253
[2026-08-27 16:37:37,323][openttl.online.tta_runner][INFO] - TTA sync LoRA -> SGLang name=tta_v1254 path=outputs/online_tta/online_tta_adapters/tta_v1254
[2026-08-27 16:37:39,110][openttl.online.tta_runner][INFO] - TTA sync LoRA -> SGLang name=tta_v1255 path=outputs/online_tta/online_tta_adapters/tta_v1255
[2026-08-27 16:37:40,981][openttl.online.tta_runner][INFO] - TTA sync LoRA -> SGLang name=tta_v1256 path=outputs/online_tta/online_tta_adapters/tta_v1256
[2026-08-27 16:37:42,805][openttl.online.tta_runner][INFO] - TTA sync LoRA -> SGLang name=tta_v1257 path=outputs/online_tta/online_tta_adapters/tta_v1257
[2026-08-27 16:37:44,419][openttl.online.tta_runner][INFO] - TTA sync LoRA -> SGLang name=tta_v1258 path=outputs/online_tta/online_tta_adapters/tta_v1258
[2026-08-27 16:37:46,021][openttl.online.tta_runner][INFO] - TTA sync LoRA -> SGLang name=tta_v1259 path=outputs/online_tta/online_tta_adapters/tta_v1259
[2026-08-27 16:37:47,638][openttl.online.tta_runner][INFO] - TTA sync LoRA -> SGLang name=tta_v1260 path=outputs/online_tta/online_tta_adapters/tta_v1260
[1260/4329] acc=0.6810 pred=C gold=A loss=0.0005958485417068005 (1.7s/sample)
[2026-08-27 16:37:49,256][openttl.online.tta_runner][INFO] - TTA sync LoRA -> SGLang name=tta_v1261 path=outputs/online_tta/online_tta_adapters/tta_v1261
[2026-08-27 16:37:50,865][openttl.online.tta_runner][INFO] - TTA sync LoRA -> SGLang name=tta_v1262 path=outputs/online_tta/online_tta_adapters/tta_v1262
[2026-08-27 16:37:52,463][openttl.online.tta_runner][INFO] - TTA sync LoRA -> SGLang name=tta_v1263 path=outputs/online_tta/online_tta_adapters/tta_v1263
[2026-08-27 16:37:54,092][openttl.online.tta_runner][INFO] - TTA sync LoRA -> SGLang name=tta_v1264 path=outputs/online_tta/online_tta_adapters/tta_v1264
[2026-08-27 16:37:55,723][openttl.online.tta_runner][INFO] - TTA sync LoRA -> SGLang name=tta_v1265 path=outputs/online_tta/online_tta_adapters/tta_v1265
[2026-08-27 16:37:57,387][openttl.online.tta_runner][INFO] - TTA sync LoRA -> SGLang name=tta_v1266 path=outputs/online_tta/online_tta_adapters/tta_v1266
[2026-08-27 16:37:59,200][openttl.online.tta_runner][INFO] - TTA sync LoRA -> SGLang name=tta_v1267 path=outputs/online_tta/online_tta_adapters/tta_v1267
[2026-08-27 16:38:00,912][openttl.online.tta_runner][INFO] - TTA sync LoRA -> SGLang name=tta_v1268 path=outputs/online_tta/online_tta_adapters/tta_v1268
[2026-08-27 16:38:02,578][openttl.online.tta_runner][INFO] - TTA sync LoRA -> SGLang name=tta_v1269 path=outputs/online_tta/online_tta_adapters/tta_v1269
[2026-08-27 16:38:04,221][openttl.online.tta_runner][INFO] - TTA sync LoRA -> SGLang name=tta_v1270 path=outputs/online_tta/online_tta_adapters/tta_v1270
[2026-08-27 16:38:05,858][openttl.online.tta_runner][INFO] - TTA sync LoRA -> SGLang name=tta_v1271 path=outputs/online_tta/online_tta_adapters/tta_v1271
[2026-08-27 16:38:07,543][openttl.online.tta_runner][INFO] - TTA sync LoRA -> SGLang name=tta_v1272 path=outputs/online_tta/online_tta_adapters/tta_v1272
[2026-08-27 16:38:09,172][openttl.online.tta_runner][INFO] - TTA sync LoRA -> SGLang name=tta_v1273 path=outputs/online_tta/online_tta_adapters/tta_v1273
[2026-08-27 16:38:10,792][openttl.online.tta_runner][INFO] - TTA sync LoRA -> SGLang name=tta_v1274 path=outputs/online_tta/online_tta_adapters/tta_v1274
[2026-08-27 16:38:12,399][openttl.online.tta_runner][INFO] - TTA sync LoRA -> SGLang name=tta_v1275 path=outputs/online_tta/online_tta_adapters/tta_v1275
[2026-08-27 16:38:14,025][openttl.online.tta_runner][INFO] - TTA sync LoRA -> SGLang name=tta_v1276 path=outputs/online_tta/online_tta_adapters/tta_v1276
[2026-08-27 16:38:15,772][openttl.online.tta_runner][INFO] - TTA sync LoRA -> SGLang name=tta_v1277 path=outputs/online_tta/online_tta_adapters/tta_v1277
[2026-08-27 16:38:17,422][openttl.online.tta_runner][INFO] - TTA sync LoRA -> SGLang name=tta_v1278 path=outputs/online_tta/online_tta_adapters/tta_v1278
[2026-08-27 16:38:19,048][openttl.online.tta_runner][INFO] - TTA sync LoRA -> SGLang name=tta_v1279 path=outputs/online_tta/online_tta_adapters/tta_v1279
[2026-08-27 16:38:20,831][openttl.online.tta_runner][INFO] - TTA sync LoRA -> SGLang name=tta_v1280 path=outputs/online_tta/online_tta_adapters/tta_v1280
[1280/4329] acc=0.6773 pred=B gold=B loss=1.2501043784141075e-05 (1.7s/sample)
[2026-08-27 16:38:22,538][openttl.online.tta_runner][INFO] - TTA sync LoRA -> SGLang name=tta_v1281 path=outputs/online_tta/online_tta_adapters/tta_v1281
[2026-08-27 16:38:24,238][openttl.online.tta_runner][INFO] - TTA sync LoRA -> SGLang name=tta_v1282 path=outputs/online_tta/online_tta_adapters/tta_v1282
[2026-08-27 16:38:25,938][openttl.online.tta_runner][INFO] - TTA sync LoRA -> SGLang name=tta_v1283 path=outputs/online_tta/online_tta_adapters/tta_v1283
[2026-08-27 16:38:27,719][openttl.online.tta_runner][INFO] - TTA sync LoRA -> SGLang name=tta_v1284 path=outputs/online_tta/online_tta_adapters/tta_v1284
[2026-08-27 16:38:29,455][openttl.online.tta_runner][INFO] - TTA sync LoRA -> SGLang name=tta_v1285 path=outputs/online_tta/online_tta_adapters/tta_v1285
[2026-08-27 16:38:31,207][openttl.online.tta_runner][INFO] - TTA sync LoRA -> SGLang name=tta_v1286 path=outputs/online_tta/online_tta_adapters/tta_v1286
[2026-08-27 16:38:32,815][openttl.online.tta_runner][INFO] - TTA sync LoRA -> SGLang name=tta_v1287 path=outputs/online_tta/online_tta_adapters/tta_v1287
[2026-08-27 16:38:34,560][openttl.online.tta_runner][INFO] - TTA sync LoRA -> SGLang name=tta_v1288 path=outputs/online_tta/online_tta_adapters/tta_v1288
[2026-08-27 16:38:36,316][openttl.online.tta_runner][INFO] - TTA sync LoRA -> SGLang name=tta_v1289 path=outputs/online_tta/online_tta_adapters/tta_v1289
[2026-08-27 16:38:38,113][openttl.online.tta_runner][INFO] - TTA sync LoRA -> SGLang name=tta_v1290 path=outputs/online_tta/online_tta_adapters/tta_v1290
[2026-08-27 16:38:39,987][openttl.online.tta_runner][INFO] - TTA sync LoRA -> SGLang name=tta_v1291 path=outputs/online_tta/online_tta_adapters/tta_v1291
[2026-08-27 16:38:41,790][openttl.online.tta_runner][INFO] - TTA sync LoRA -> SGLang name=tta_v1292 path=outputs/online_tta/online_tta_adapters/tta_v1292
[2026-08-27 16:38:43,559][openttl.online.tta_runner][INFO] - TTA sync LoRA -> SGLang name=tta_v1293 path=outputs/online_tta/online_tta_adapters/tta_v1293
[2026-08-27 16:38:45,423][openttl.online.tta_runner][INFO] - TTA sync LoRA -> SGLang name=tta_v1294 path=outputs/online_tta/online_tta_adapters/tta_v1294
[2026-08-27 16:38:46,978][openttl.online.tta_runner][INFO] - TTA sync LoRA -> SGLang name=tta_v1295 path=outputs/online_tta/online_tta_adapters/tta_v1295
[2026-08-27 16:38:48,897][openttl.online.tta_runner][INFO] - TTA sync LoRA -> SGLang name=tta_v1296 path=outputs/online_tta/online_tta_adapters/tta_v1296
[2026-08-27 16:38:50,592][openttl.online.tta_runner][INFO] - TTA sync LoRA -> SGLang name=tta_v1297 path=outputs/online_tta/online_tta_adapters/tta_v1297
[2026-08-27 16:38:52,293][openttl.online.tta_runner][INFO] - TTA sync LoRA -> SGLang name=tta_v1298 path=outputs/online_tta/online_tta_adapters/tta_v1298
[2026-08-27 16:38:54,013][openttl.online.tta_runner][INFO] - TTA sync LoRA -> SGLang name=tta_v1299 path=outputs/online_tta/online_tta_adapters/tta_v1299
[2026-08-27 16:38:55,721][openttl.online.tta_runner][INFO] - TTA sync LoRA -> SGLang name=tta_v1300 path=outputs/online_tta/online_tta_adapters/tta_v1300
[1300/4329] acc=0.6746 pred=B gold=B loss=1.3590169146482367e-05 (1.7s/sample)
[2026-08-27 16:38:57,602][openttl.online.tta_runner][INFO] - TTA sync LoRA -> SGLang name=tta_v1301 path=outputs/online_tta/online_tta_adapters/tta_v1301
[2026-08-27 16:38:59,335][openttl.online.tta_runner][INFO] - TTA sync LoRA -> SGLang name=tta_v1302 path=outputs/online_tta/online_tta_adapters/tta_v1302
[2026-08-27 16:39:01,429][openttl.online.tta_runner][INFO] - TTA sync LoRA -> SGLang name=tta_v1303 path=outputs/online_tta/online_tta_adapters/tta_v1303
[2026-08-27 16:39:03,115][openttl.online.tta_runner][INFO] - TTA sync LoRA -> SGLang name=tta_v1304 path=outputs/online_tta/online_tta_adapters/tta_v1304
[2026-08-27 16:39:04,891][openttl.online.tta_runner][INFO] - TTA sync LoRA -> SGLang name=tta_v1305 path=outputs/online_tta/online_tta_adapters/tta_v1305
[2026-08-27 16:39:06,588][openttl.online.tta_runner][INFO] - TTA sync LoRA -> SGLang name=tta_v1306 path=outputs/online_tta/online_tta_adapters/tta_v1306
[2026-08-27 16:39:08,310][openttl.online.tta_runner][INFO] - TTA sync LoRA -> SGLang name=tta_v1307 path=outputs/online_tta/online_tta_adapters/tta_v1307
[2026-08-27 16:39:10,020][openttl.online.tta_runner][INFO] - TTA sync LoRA -> SGLang name=tta_v1308 path=outputs/online_tta/online_tta_adapters/tta_v1308
[2026-08-27 16:39:11,765][openttl.online.tta_runner][INFO] - TTA sync LoRA -> SGLang name=tta_v1309 path=outputs/online_tta/online_tta_adapters/tta_v1309
[2026-08-27 16:39:13,363][openttl.online.tta_runner][INFO] - TTA sync LoRA -> SGLang name=tta_v1310 path=outputs/online_tta/online_tta_adapters/tta_v1310
[2026-08-27 16:39:14,930][openttl.online.tta_runner][INFO] - TTA sync LoRA -> SGLang name=tta_v1311 path=outputs/online_tta/online_tta_adapters/tta_v1311
[2026-08-27 16:39:16,522][openttl.online.tta_runner][INFO] - TTA sync LoRA -> SGLang name=tta_v1312 path=outputs/online_tta/online_tta_adapters/tta_v1312
[2026-08-27 16:39:18,040][openttl.online.tta_runner][INFO] - TTA sync LoRA -> SGLang name=tta_v1313 path=outputs/online_tta/online_tta_adapters/tta_v1313
[2026-08-27 16:39:19,625][openttl.online.tta_runner][INFO] - TTA sync LoRA -> SGLang name=tta_v1314 path=outputs/online_tta/online_tta_adapters/tta_v1314
[2026-08-27 16:39:21,230][openttl.online.tta_runner][INFO] - TTA sync LoRA -> SGLang name=tta_v1315 path=outputs/online_tta/online_tta_adapters/tta_v1315
[2026-08-27 16:39:22,825][openttl.online.tta_runner][INFO] - TTA sync LoRA -> SGLang name=tta_v1316 path=outputs/online_tta/online_tta_adapters/tta_v1316
[2026-08-27 16:39:24,321][openttl.online.tta_runner][INFO] - TTA sync LoRA -> SGLang name=tta_v1317 path=outputs/online_tta/online_tta_adapters/tta_v1317
[2026-08-27 16:39:25,946][openttl.online.tta_runner][INFO] - TTA sync LoRA -> SGLang name=tta_v1318 path=outputs/online_tta/online_tta_adapters/tta_v1318
[2026-08-27 16:39:27,544][openttl.online.tta_runner][INFO] - TTA sync LoRA -> SGLang name=tta_v1319 path=outputs/online_tta/online_tta_adapters/tta_v1319
[2026-08-27 16:39:29,300][openttl.online.tta_runner][INFO] - TTA sync LoRA -> SGLang name=tta_v1320 path=outputs/online_tta/online_tta_adapters/tta_v1320
[1320/4329] acc=0.6705 pred=D gold=B loss=1.2502655408752616e-05 (1.7s/sample)
[2026-08-27 16:39:31,145][openttl.online.tta_runner][INFO] - TTA sync LoRA -> SGLang name=tta_v1321 path=outputs/online_tta/online_tta_adapters/tta_v1321
[2026-08-27 16:39:32,860][openttl.online.tta_runner][INFO] - TTA sync LoRA -> SGLang name=tta_v1322 path=outputs/online_tta/online_tta_adapters/tta_v1322
[2026-08-27 16:39:34,573][openttl.online.tta_runner][INFO] - TTA sync LoRA -> SGLang name=tta_v1323 path=outputs/online_tta/online_tta_adapters/tta_v1323
[2026-08-27 16:39:36,270][openttl.online.tta_runner][INFO] - TTA sync LoRA -> SGLang name=tta_v1324 path=outputs/online_tta/online_tta_adapters/tta_v1324
[2026-08-27 16:39:37,886][openttl.online.tta_runner][INFO] - TTA sync LoRA -> SGLang name=tta_v1325 path=outputs/online_tta/online_tta_adapters/tta_v1325
[2026-08-27 16:39:39,523][openttl.online.tta_runner][INFO] - TTA sync LoRA -> SGLang name=tta_v1326 path=outputs/online_tta/online_tta_adapters/tta_v1326
[2026-08-27 16:39:41,154][openttl.online.tta_runner][INFO] - TTA sync LoRA -> SGLang name=tta_v1327 path=outputs/online_tta/online_tta_adapters/tta_v1327
[2026-08-27 16:39:42,890][openttl.online.tta_runner][INFO] - TTA sync LoRA -> SGLang name=tta_v1328 path=outputs/online_tta/online_tta_adapters/tta_v1328
[2026-08-27 16:39:44,494][openttl.online.tta_runner][INFO] - TTA sync LoRA -> SGLang name=tta_v1329 path=outputs/online_tta/online_tta_adapters/tta_v1329
[2026-08-27 16:39:46,317][openttl.online.tta_runner][INFO] - TTA sync LoRA -> SGLang name=tta_v1330 path=outputs/online_tta/online_tta_adapters/tta_v1330
[2026-08-27 16:39:48,052][openttl.online.tta_runner][INFO] - TTA sync LoRA -> SGLang name=tta_v1331 path=outputs/online_tta/online_tta_adapters/tta_v1331
[2026-08-27 16:39:49,696][openttl.online.tta_runner][INFO] - TTA sync LoRA -> SGLang name=tta_v1332 path=outputs/online_tta/online_tta_adapters/tta_v1332
[2026-08-27 16:39:51,435][openttl.online.tta_runner][INFO] - TTA sync LoRA -> SGLang name=tta_v1333 path=outputs/online_tta/online_tta_adapters/tta_v1333
[2026-08-27 16:39:53,183][openttl.online.tta_runner][INFO] - TTA sync LoRA -> SGLang name=tta_v1334 path=outputs/online_tta/online_tta_adapters/tta_v1334
[2026-08-27 16:39:54,801][openttl.online.tta_runner][INFO] - TTA sync LoRA -> SGLang name=tta_v1335 path=outputs/online_tta/online_tta_adapters/tta_v1335
[2026-08-27 16:39:56,453][openttl.online.tta_runner][INFO] - TTA sync LoRA -> SGLang name=tta_v1336 path=outputs/online_tta/online_tta_adapters/tta_v1336
[2026-08-27 16:39:58,112][openttl.online.tta_runner][INFO] - TTA sync LoRA -> SGLang name=tta_v1337 path=outputs/online_tta/online_tta_adapters/tta_v1337
[2026-08-27 16:39:59,767][openttl.online.tta_runner][INFO] - TTA sync LoRA -> SGLang name=tta_v1338 path=outputs/online_tta/online_tta_adapters/tta_v1338
[2026-08-27 16:40:01,406][openttl.online.tta_runner][INFO] - TTA sync LoRA -> SGLang name=tta_v1339 path=outputs/online_tta/online_tta_adapters/tta_v1339
[2026-08-27 16:40:03,066][openttl.online.tta_runner][INFO] - TTA sync LoRA -> SGLang name=tta_v1340 path=outputs/online_tta/online_tta_adapters/tta_v1340
[1340/4329] acc=0.6642 pred=B gold=C loss=1.5885752873145975e-05 (1.7s/sample)
[2026-08-27 16:40:04,720][openttl.online.tta_runner][INFO] - TTA sync LoRA -> SGLang name=tta_v1341 path=outputs/online_tta/online_tta_adapters/tta_v1341
[2026-08-27 16:40:06,400][openttl.online.tta_runner][INFO] - TTA sync LoRA -> SGLang name=tta_v1342 path=outputs/online_tta/online_tta_adapters/tta_v1342
[2026-08-27 16:40:08,055][openttl.online.tta_runner][INFO] - TTA sync LoRA -> SGLang name=tta_v1343 path=outputs/online_tta/online_tta_adapters/tta_v1343
[2026-08-27 16:40:09,723][openttl.online.tta_runner][INFO] - TTA sync LoRA -> SGLang name=tta_v1344 path=outputs/online_tta/online_tta_adapters/tta_v1344
[2026-08-27 16:40:11,367][openttl.online.tta_runner][INFO] - TTA sync LoRA -> SGLang name=tta_v1345 path=outputs/online_tta/online_tta_adapters/tta_v1345
[2026-08-27 16:40:12,985][openttl.online.tta_runner][INFO] - TTA sync LoRA -> SGLang name=tta_v1346 path=outputs/online_tta/online_tta_adapters/tta_v1346
[2026-08-27 16:40:14,761][openttl.online.tta_runner][INFO] - TTA sync LoRA -> SGLang name=tta_v1347 path=outputs/online_tta/online_tta_adapters/tta_v1347
[2026-08-27 16:40:16,472][openttl.online.tta_runner][INFO] - TTA sync LoRA -> SGLang name=tta_v1348 path=outputs/online_tta/online_tta_adapters/tta_v1348
[2026-08-27 16:40:18,125][openttl.online.tta_runner][INFO] - TTA sync LoRA -> SGLang name=tta_v1349 path=outputs/online_tta/online_tta_adapters/tta_v1349
[2026-08-27 16:40:19,757][openttl.online.tta_runner][INFO] - TTA sync LoRA -> SGLang name=tta_v1350 path=outputs/online_tta/online_tta_adapters/tta_v1350
[2026-08-27 16:40:21,485][openttl.online.tta_runner][INFO] - TTA sync LoRA -> SGLang name=tta_v1351 path=outputs/online_tta/online_tta_adapters/tta_v1351
[2026-08-27 16:40:23,209][openttl.online.tta_runner][INFO] - TTA sync LoRA -> SGLang name=tta_v1352 path=outputs/online_tta/online_tta_adapters/tta_v1352
[2026-08-27 16:40:25,032][openttl.online.tta_runner][INFO] - TTA sync LoRA -> SGLang name=tta_v1353 path=outputs/online_tta/online_tta_adapters/tta_v1353
[2026-08-27 16:40:26,584][openttl.online.tta_runner][INFO] - TTA sync LoRA -> SGLang name=tta_v1354 path=outputs/online_tta/online_tta_adapters/tta_v1354
[2026-08-27 16:40:28,377][openttl.online.tta_runner][INFO] - TTA sync LoRA -> SGLang name=tta_v1355 path=outputs/online_tta/online_tta_adapters/tta_v1355
[2026-08-27 16:40:30,108][openttl.online.tta_runner][INFO] - TTA sync LoRA -> SGLang name=tta_v1356 path=outputs/online_tta/online_tta_adapters/tta_v1356
[2026-08-27 16:40:31,896][openttl.online.tta_runner][INFO] - TTA sync LoRA -> SGLang name=tta_v1357 path=outputs/online_tta/online_tta_adapters/tta_v1357
[2026-08-27 16:40:33,619][openttl.online.tta_runner][INFO] - TTA sync LoRA -> SGLang name=tta_v1358 path=outputs/online_tta/online_tta_adapters/tta_v1358
[2026-08-27 16:40:35,331][openttl.online.tta_runner][INFO] - TTA sync LoRA -> SGLang name=tta_v1359 path=outputs/online_tta/online_tta_adapters/tta_v1359
[2026-08-27 16:40:37,063][openttl.online.tta_runner][INFO] - TTA sync LoRA -> SGLang name=tta_v1360 path=outputs/online_tta/online_tta_adapters/tta_v1360
[1360/4329] acc=0.6566 pred=D gold=C loss=1.595637877471745e-05 (1.7s/sample)
[2026-08-27 16:40:38,787][openttl.online.tta_runner][INFO] - TTA sync LoRA -> SGLang name=tta_v1361 path=outputs/online_tta/online_tta_adapters/tta_v1361
[2026-08-27 16:40:40,528][openttl.online.tta_runner][INFO] - TTA sync LoRA -> SGLang name=tta_v1362 path=outputs/online_tta/online_tta_adapters/tta_v1362
[2026-08-27 16:40:42,252][openttl.online.tta_runner][INFO] - TTA sync LoRA -> SGLang name=tta_v1363 path=outputs/online_tta/online_tta_adapters/tta_v1363
[2026-08-27 16:40:44,064][openttl.online.tta_runner][INFO] - TTA sync LoRA -> SGLang name=tta_v1364 path=outputs/online_tta/online_tta_adapters/tta_v1364
[2026-08-27 16:40:45,901][openttl.online.tta_runner][INFO] - TTA sync LoRA -> SGLang name=tta_v1365 path=outputs/online_tta/online_tta_adapters/tta_v1365
[2026-08-27 16:40:47,615][openttl.online.tta_runner][INFO] - TTA sync LoRA -> SGLang name=tta_v1366 path=outputs/online_tta/online_tta_adapters/tta_v1366
[2026-08-27 16:40:49,420][openttl.online.tta_runner][INFO] - TTA sync LoRA -> SGLang name=tta_v1367 path=outputs/online_tta/online_tta_adapters/tta_v1367
[2026-08-27 16:40:51,107][openttl.online.tta_runner][INFO] - TTA sync LoRA -> SGLang name=tta_v1368 path=outputs/online_tta/online_tta_adapters/tta_v1368
[2026-08-27 16:40:52,893][openttl.online.tta_runner][INFO] - TTA sync LoRA -> SGLang name=tta_v1369 path=outputs/online_tta/online_tta_adapters/tta_v1369
[2026-08-27 16:40:54,699][openttl.online.tta_runner][INFO] - TTA sync LoRA -> SGLang name=tta_v1370 path=outputs/online_tta/online_tta_adapters/tta_v1370
[2026-08-27 16:40:56,290][openttl.online.tta_runner][INFO] - TTA sync LoRA -> SGLang name=tta_v1371 path=outputs/online_tta/online_tta_adapters/tta_v1371
[2026-08-27 16:40:58,100][openttl.online.tta_runner][INFO] - TTA sync LoRA -> SGLang name=tta_v1372 path=outputs/online_tta/online_tta_adapters/tta_v1372
[2026-08-27 16:40:59,827][openttl.online.tta_runner][INFO] - TTA sync LoRA -> SGLang name=tta_v1373 path=outputs/online_tta/online_tta_adapters/tta_v1373
[2026-08-27 16:41:01,572][openttl.online.tta_runner][INFO] - TTA sync LoRA -> SGLang name=tta_v1374 path=outputs/online_tta/online_tta_adapters/tta_v1374
[2026-08-27 16:41:03,289][openttl.online.tta_runner][INFO] - TTA sync LoRA -> SGLang name=tta_v1375 path=outputs/online_tta/online_tta_adapters/tta_v1375
[2026-08-27 16:41:05,028][openttl.online.tta_runner][INFO] - TTA sync LoRA -> SGLang name=tta_v1376 path=outputs/online_tta/online_tta_adapters/tta_v1376
[2026-08-27 16:41:06,785][openttl.online.tta_runner][INFO] - TTA sync LoRA -> SGLang name=tta_v1377 path=outputs/online_tta/online_tta_adapters/tta_v1377
[2026-08-27 16:41:08,576][openttl.online.tta_runner][INFO] - TTA sync LoRA -> SGLang name=tta_v1378 path=outputs/online_tta/online_tta_adapters/tta_v1378
[2026-08-27 16:41:10,280][openttl.online.tta_runner][INFO] - TTA sync LoRA -> SGLang name=tta_v1379 path=outputs/online_tta/online_tta_adapters/tta_v1379
[2026-08-27 16:41:12,003][openttl.online.tta_runner][INFO] - TTA sync LoRA -> SGLang name=tta_v1380 path=outputs/online_tta/online_tta_adapters/tta_v1380
[1380/4329] acc=0.6478 pred=D gold=B loss=1.173548025690252e-05 (1.7s/sample)
[2026-08-27 16:41:13,807][openttl.online.tta_runner][INFO] - TTA sync LoRA -> SGLang name=tta_v1381 path=outputs/online_tta/online_tta_adapters/tta_v1381
[2026-08-27 16:41:15,662][openttl.online.tta_runner][INFO] - TTA sync LoRA -> SGLang name=tta_v1382 path=outputs/online_tta/online_tta_adapters/tta_v1382
[2026-08-27 16:41:17,404][openttl.online.tta_runner][INFO] - TTA sync LoRA -> SGLang name=tta_v1383 path=outputs/online_tta/online_tta_adapters/tta_v1383
[2026-08-27 16:41:19,163][openttl.online.tta_runner][INFO] - TTA sync LoRA -> SGLang name=tta_v1384 path=outputs/online_tta/online_tta_adapters/tta_v1384
[2026-08-27 16:41:20,926][openttl.online.tta_runner][INFO] - TTA sync LoRA -> SGLang name=tta_v1385 path=outputs/online_tta/online_tta_adapters/tta_v1385
[2026-08-27 16:41:22,724][openttl.online.tta_runner][INFO] - TTA sync LoRA -> SGLang name=tta_v1386 path=outputs/online_tta/online_tta_adapters/tta_v1386
[2026-08-27 16:41:24,510][openttl.online.tta_runner][INFO] - TTA sync LoRA -> SGLang name=tta_v1387 path=outputs/online_tta/online_tta_adapters/tta_v1387
[2026-08-27 16:41:26,282][openttl.online.tta_runner][INFO] - TTA sync LoRA -> SGLang name=tta_v1388 path=outputs/online_tta/online_tta_adapters/tta_v1388
[2026-08-27 16:41:27,955][openttl.online.tta_runner][INFO] - TTA sync LoRA -> SGLang name=tta_v1389 path=outputs/online_tta/online_tta_adapters/tta_v1389
[2026-08-27 16:41:29,693][openttl.online.tta_runner][INFO] - TTA sync LoRA -> SGLang name=tta_v1390 path=outputs/online_tta/online_tta_adapters/tta_v1390
[2026-08-27 16:41:31,415][openttl.online.tta_runner][INFO] - TTA sync LoRA -> SGLang name=tta_v1391 path=outputs/online_tta/online_tta_adapters/tta_v1391
[2026-08-27 16:41:33,143][openttl.online.tta_runner][INFO] - TTA sync LoRA -> SGLang name=tta_v1392 path=outputs/online_tta/online_tta_adapters/tta_v1392
[2026-08-27 16:41:34,885][openttl.online.tta_runner][INFO] - TTA sync LoRA -> SGLang name=tta_v1393 path=outputs/online_tta/online_tta_adapters/tta_v1393
[2026-08-27 16:41:36,706][openttl.online.tta_runner][INFO] - TTA sync LoRA -> SGLang name=tta_v1394 path=outputs/online_tta/online_tta_adapters/tta_v1394
[2026-08-27 16:41:38,469][openttl.online.tta_runner][INFO] - TTA sync LoRA -> SGLang name=tta_v1395 path=outputs/online_tta/online_tta_adapters/tta_v1395
[2026-08-27 16:41:40,285][openttl.online.tta_runner][INFO] - TTA sync LoRA -> SGLang name=tta_v1396 path=outputs/online_tta/online_tta_adapters/tta_v1396
[2026-08-27 16:41:42,020][openttl.online.tta_runner][INFO] - TTA sync LoRA -> SGLang name=tta_v1397 path=outputs/online_tta/online_tta_adapters/tta_v1397
[2026-08-27 16:41:43,760][openttl.online.tta_runner][INFO] - TTA sync LoRA -> SGLang name=tta_v1398 path=outputs/online_tta/online_tta_adapters/tta_v1398
[2026-08-27 16:41:45,586][openttl.online.tta_runner][INFO] - TTA sync LoRA -> SGLang name=tta_v1399 path=outputs/online_tta/online_tta_adapters/tta_v1399
[2026-08-27 16:41:47,381][openttl.online.tta_runner][INFO] - TTA sync LoRA -> SGLang name=tta_v1400 path=outputs/online_tta/online_tta_adapters/tta_v1400
[1400/4329] acc=0.6436 pred=D gold=D loss=9.27811379369814e-06 (1.7s/sample)
[2026-08-27 16:41:49,100][openttl.online.tta_runner][INFO] - TTA sync LoRA -> SGLang name=tta_v1401 path=outputs/online_tta/online_tta_adapters/tta_v1401
[2026-08-27 16:41:50,906][openttl.online.tta_runner][INFO] - TTA sync LoRA -> SGLang name=tta_v1402 path=outputs/online_tta/online_tta_adapters/tta_v1402
[2026-08-27 16:41:52,553][openttl.online.tta_runner][INFO] - TTA sync LoRA -> SGLang name=tta_v1403 path=outputs/online_tta/online_tta_adapters/tta_v1403
[2026-08-27 16:41:54,317][openttl.online.tta_runner][INFO] - TTA sync LoRA -> SGLang name=tta_v1404 path=outputs/online_tta/online_tta_adapters/tta_v1404
[2026-08-27 16:41:56,037][openttl.online.tta_runner][INFO] - TTA sync LoRA -> SGLang name=tta_v1405 path=outputs/online_tta/online_tta_adapters/tta_v1405
[2026-08-27 16:41:57,792][openttl.online.tta_runner][INFO] - TTA sync LoRA -> SGLang name=tta_v1406 path=outputs/online_tta/online_tta_adapters/tta_v1406
[2026-08-27 16:41:59,440][openttl.online.tta_runner][INFO] - TTA sync LoRA -> SGLang name=tta_v1407 path=outputs/online_tta/online_tta_adapters/tta_v1407
[2026-08-27 16:42:01,192][openttl.online.tta_runner][INFO] - TTA sync LoRA -> SGLang name=tta_v1408 path=outputs/online_tta/online_tta_adapters/tta_v1408
[2026-08-27 16:42:02,924][openttl.online.tta_runner][INFO] - TTA sync LoRA -> SGLang name=tta_v1409 path=outputs/online_tta/online_tta_adapters/tta_v1409
[2026-08-27 16:42:04,658][openttl.online.tta_runner][INFO] - TTA sync LoRA -> SGLang name=tta_v1410 path=outputs/online_tta/online_tta_adapters/tta_v1410
[2026-08-27 16:42:06,311][openttl.online.tta_runner][INFO] - TTA sync LoRA -> SGLang name=tta_v1411 path=outputs/online_tta/online_tta_adapters/tta_v1411
[2026-08-27 16:42:07,990][openttl.online.tta_runner][INFO] - TTA sync LoRA -> SGLang name=tta_v1412 path=outputs/online_tta/online_tta_adapters/tta_v1412
[2026-08-27 16:42:09,637][openttl.online.tta_runner][INFO] - TTA sync LoRA -> SGLang name=tta_v1413 path=outputs/online_tta/online_tta_adapters/tta_v1413
[2026-08-27 16:42:11,353][openttl.online.tta_runner][INFO] - TTA sync LoRA -> SGLang name=tta_v1414 path=outputs/online_tta/online_tta_adapters/tta_v1414
[2026-08-27 16:42:13,075][openttl.online.tta_runner][INFO] - TTA sync LoRA -> SGLang name=tta_v1415 path=outputs/online_tta/online_tta_adapters/tta_v1415
[2026-08-27 16:42:14,874][openttl.online.tta_runner][INFO] - TTA sync LoRA -> SGLang name=tta_v1416 path=outputs/online_tta/online_tta_adapters/tta_v1416
[2026-08-27 16:42:16,603][openttl.online.tta_runner][INFO] - TTA sync LoRA -> SGLang name=tta_v1417 path=outputs/online_tta/online_tta_adapters/tta_v1417
[2026-08-27 16:42:18,334][openttl.online.tta_runner][INFO] - TTA sync LoRA -> SGLang name=tta_v1418 path=outputs/online_tta/online_tta_adapters/tta_v1418
[2026-08-27 16:42:20,004][openttl.online.tta_runner][INFO] - TTA sync LoRA -> SGLang name=tta_v1419 path=outputs/online_tta/online_tta_adapters/tta_v1419
[2026-08-27 16:42:21,673][openttl.online.tta_runner][INFO] - TTA sync LoRA -> SGLang name=tta_v1420 path=outputs/online_tta/online_tta_adapters/tta_v1420
[1420/4329] acc=0.6359 pred=D gold=C loss=1.2576319932122715e-05 (1.7s/sample)
[2026-08-27 16:42:23,389][openttl.online.tta_runner][INFO] - TTA sync LoRA -> SGLang name=tta_v1421 path=outputs/online_tta/online_tta_adapters/tta_v1421
[2026-08-27 16:42:25,136][openttl.online.tta_runner][INFO] - TTA sync LoRA -> SGLang name=tta_v1422 path=outputs/online_tta/online_tta_adapters/tta_v1422
[2026-08-27 16:42:27,003][openttl.online.tta_runner][INFO] - TTA sync LoRA -> SGLang name=tta_v1423 path=outputs/online_tta/online_tta_adapters/tta_v1423
[2026-08-27 16:42:28,727][openttl.online.tta_runner][INFO] - TTA sync LoRA -> SGLang name=tta_v1424 path=outputs/online_tta/online_tta_adapters/tta_v1424
[2026-08-27 16:42:30,468][openttl.online.tta_runner][INFO] - TTA sync LoRA -> SGLang name=tta_v1425 path=outputs/online_tta/online_tta_adapters/tta_v1425
[2026-08-27 16:42:32,148][openttl.online.tta_runner][INFO] - TTA sync LoRA -> SGLang name=tta_v1426 path=outputs/online_tta/online_tta_adapters/tta_v1426
[2026-08-27 16:42:33,886][openttl.online.tta_runner][INFO] - TTA sync LoRA -> SGLang name=tta_v1427 path=outputs/online_tta/online_tta_adapters/tta_v1427
[2026-08-27 16:42:35,626][openttl.online.tta_runner][INFO] - TTA sync LoRA -> SGLang name=tta_v1428 path=outputs/online_tta/online_tta_adapters/tta_v1428
[2026-08-27 16:42:37,385][openttl.online.tta_runner][INFO] - TTA sync LoRA -> SGLang name=tta_v1429 path=outputs/online_tta/online_tta_adapters/tta_v1429
[2026-08-27 16:42:39,146][openttl.online.tta_runner][INFO] - TTA sync LoRA -> SGLang name=tta_v1430 path=outputs/online_tta/online_tta_adapters/tta_v1430
[2026-08-27 16:42:40,872][openttl.online.tta_runner][INFO] - TTA sync LoRA -> SGLang name=tta_v1431 path=outputs/online_tta/online_tta_adapters/tta_v1431
[2026-08-27 16:42:42,639][openttl.online.tta_runner][INFO] - TTA sync LoRA -> SGLang name=tta_v1432 path=outputs/online_tta/online_tta_adapters/tta_v1432
[2026-08-27 16:42:44,409][openttl.online.tta_runner][INFO] - TTA sync LoRA -> SGLang name=tta_v1433 path=outputs/online_tta/online_tta_adapters/tta_v1433
[2026-08-27 16:42:46,196][openttl.online.tta_runner][INFO] - TTA sync LoRA -> SGLang name=tta_v1434 path=outputs/online_tta/online_tta_adapters/tta_v1434
[2026-08-27 16:42:48,005][openttl.online.tta_runner][INFO] - TTA sync LoRA -> SGLang name=tta_v1435 path=outputs/online_tta/online_tta_adapters/tta_v1435
[2026-08-27 16:42:49,745][openttl.online.tta_runner][INFO] - TTA sync LoRA -> SGLang name=tta_v1436 path=outputs/online_tta/online_tta_adapters/tta_v1436
[2026-08-27 16:42:51,488][openttl.online.tta_runner][INFO] - TTA sync LoRA -> SGLang name=tta_v1437 path=outputs/online_tta/online_tta_adapters/tta_v1437
[2026-08-27 16:42:53,230][openttl.online.tta_runner][INFO] - TTA sync LoRA -> SGLang name=tta_v1438 path=outputs/online_tta/online_tta_adapters/tta_v1438
[2026-08-27 16:42:55,003][openttl.online.tta_runner][INFO] - TTA sync LoRA -> SGLang name=tta_v1439 path=outputs/online_tta/online_tta_adapters/tta_v1439
[2026-08-27 16:42:56,755][openttl.online.tta_runner][INFO] - TTA sync LoRA -> SGLang name=tta_v1440 path=outputs/online_tta/online_tta_adapters/tta_v1440
[1440/4329] acc=0.6285 pred=D gold=A loss=1.0260617273161188e-05 (1.7s/sample)
[2026-08-27 16:42:58,516][openttl.online.tta_runner][INFO] - TTA sync LoRA -> SGLang name=tta_v1441 path=outputs/online_tta/online_tta_adapters/tta_v1441
[2026-08-27 16:43:00,190][openttl.online.tta_runner][INFO] - TTA sync LoRA -> SGLang name=tta_v1442 path=outputs/online_tta/online_tta_adapters/tta_v1442
[2026-08-27 16:43:01,881][openttl.online.tta_runner][INFO] - TTA sync LoRA -> SGLang name=tta_v1443 path=outputs/online_tta/online_tta_adapters/tta_v1443
[2026-08-27 16:43:03,563][openttl.online.tta_runner][INFO] - TTA sync LoRA -> SGLang name=tta_v1444 path=outputs/online_tta/online_tta_adapters/tta_v1444
[2026-08-27 16:43:05,379][openttl.online.tta_runner][INFO] - TTA sync LoRA -> SGLang name=tta_v1445 path=outputs/online_tta/online_tta_adapters/tta_v1445
[2026-08-27 16:43:07,106][openttl.online.tta_runner][INFO] - TTA sync LoRA -> SGLang name=tta_v1446 path=outputs/online_tta/online_tta_adapters/tta_v1446
[2026-08-27 16:43:08,861][openttl.online.tta_runner][INFO] - TTA sync LoRA -> SGLang name=tta_v1447 path=outputs/online_tta/online_tta_adapters/tta_v1447
[2026-08-27 16:43:10,589][openttl.online.tta_runner][INFO] - TTA sync LoRA -> SGLang name=tta_v1448 path=outputs/online_tta/online_tta_adapters/tta_v1448
[2026-08-27 16:43:12,305][openttl.online.tta_runner][INFO] - TTA sync LoRA -> SGLang name=tta_v1449 path=outputs/online_tta/online_tta_adapters/tta_v1449
[2026-08-27 16:43:14,022][openttl.online.tta_runner][INFO] - TTA sync LoRA -> SGLang name=tta_v1450 path=outputs/online_tta/online_tta_adapters/tta_v1450
[2026-08-27 16:43:15,739][openttl.online.tta_runner][INFO] - TTA sync LoRA -> SGLang name=tta_v1451 path=outputs/online_tta/online_tta_adapters/tta_v1451
[2026-08-27 16:43:17,419][openttl.online.tta_runner][INFO] - TTA sync LoRA -> SGLang name=tta_v1452 path=outputs/online_tta/online_tta_adapters/tta_v1452
[2026-08-27 16:43:19,148][openttl.online.tta_runner][INFO] - TTA sync LoRA -> SGLang name=tta_v1453 path=outputs/online_tta/online_tta_adapters/tta_v1453
[2026-08-27 16:43:20,712][openttl.online.tta_runner][INFO] - TTA sync LoRA -> SGLang name=tta_v1454 path=outputs/online_tta/online_tta_adapters/tta_v1454
[2026-08-27 16:43:22,385][openttl.online.tta_runner][INFO] - TTA sync LoRA -> SGLang name=tta_v1455 path=outputs/online_tta/online_tta_adapters/tta_v1455
[2026-08-27 16:43:24,106][openttl.online.tta_runner][INFO] - TTA sync LoRA -> SGLang name=tta_v1456 path=outputs/online_tta/online_tta_adapters/tta_v1456
[2026-08-27 16:43:25,824][openttl.online.tta_runner][INFO] - TTA sync LoRA -> SGLang name=tta_v1457 path=outputs/online_tta/online_tta_adapters/tta_v1457
[2026-08-27 16:43:27,557][openttl.online.tta_runner][INFO] - TTA sync LoRA -> SGLang name=tta_v1458 path=outputs/online_tta/online_tta_adapters/tta_v1458
[2026-08-27 16:43:29,282][openttl.online.tta_runner][INFO] - TTA sync LoRA -> SGLang name=tta_v1459 path=outputs/online_tta/online_tta_adapters/tta_v1459
[2026-08-27 16:43:31,054][openttl.online.tta_runner][INFO] - TTA sync LoRA -> SGLang name=tta_v1460 path=outputs/online_tta/online_tta_adapters/tta_v1460
[1460/4329] acc=0.6253 pred=D gold=D loss=8.609305041318294e-06 (1.7s/sample)
[2026-08-27 16:43:32,769][openttl.online.tta_runner][INFO] - TTA sync LoRA -> SGLang name=tta_v1461 path=outputs/online_tta/online_tta_adapters/tta_v1461
[2026-08-27 16:43:34,482][openttl.online.tta_runner][INFO] - TTA sync LoRA -> SGLang name=tta_v1462 path=outputs/online_tta/online_tta_adapters/tta_v1462
[2026-08-27 16:43:36,225][openttl.online.tta_runner][INFO] - TTA sync LoRA -> SGLang name=tta_v1463 path=outputs/online_tta/online_tta_adapters/tta_v1463
[2026-08-27 16:43:37,918][openttl.online.tta_runner][INFO] - TTA sync LoRA -> SGLang name=tta_v1464 path=outputs/online_tta/online_tta_adapters/tta_v1464
[2026-08-27 16:43:39,673][openttl.online.tta_runner][INFO] - TTA sync LoRA -> SGLang name=tta_v1465 path=outputs/online_tta/online_tta_adapters/tta_v1465
[2026-08-27 16:43:41,408][openttl.online.tta_runner][INFO] - TTA sync LoRA -> SGLang name=tta_v1466 path=outputs/online_tta/online_tta_adapters/tta_v1466
[2026-08-27 16:43:43,136][openttl.online.tta_runner][INFO] - TTA sync LoRA -> SGLang name=tta_v1467 path=outputs/online_tta/online_tta_adapters/tta_v1467
[2026-08-27 16:43:44,938][openttl.online.tta_runner][INFO] - TTA sync LoRA -> SGLang name=tta_v1468 path=outputs/online_tta/online_tta_adapters/tta_v1468
[2026-08-27 16:43:46,698][openttl.online.tta_runner][INFO] - TTA sync LoRA -> SGLang name=tta_v1469 path=outputs/online_tta/online_tta_adapters/tta_v1469
[2026-08-27 16:43:48,402][openttl.online.tta_runner][INFO] - TTA sync LoRA -> SGLang name=tta_v1470 path=outputs/online_tta/online_tta_adapters/tta_v1470
[2026-08-27 16:43:50,132][openttl.online.tta_runner][INFO] - TTA sync LoRA -> SGLang name=tta_v1471 path=outputs/online_tta/online_tta_adapters/tta_v1471
[2026-08-27 16:43:51,884][openttl.online.tta_runner][INFO] - TTA sync LoRA -> SGLang name=tta_v1472 path=outputs/online_tta/online_tta_adapters/tta_v1472
[2026-08-27 16:43:53,696][openttl.online.tta_runner][INFO] - TTA sync LoRA -> SGLang name=tta_v1473 path=outputs/online_tta/online_tta_adapters/tta_v1473
[2026-08-27 16:43:55,445][openttl.online.tta_runner][INFO] - TTA sync LoRA -> SGLang name=tta_v1474 path=outputs/online_tta/online_tta_adapters/tta_v1474
[2026-08-27 16:43:57,209][openttl.online.tta_runner][INFO] - TTA sync LoRA -> SGLang name=tta_v1475 path=outputs/online_tta/online_tta_adapters/tta_v1475
[2026-08-27 16:43:58,940][openttl.online.tta_runner][INFO] - TTA sync LoRA -> SGLang name=tta_v1476 path=outputs/online_tta/online_tta_adapters/tta_v1476
[2026-08-27 16:44:00,658][openttl.online.tta_runner][INFO] - TTA sync LoRA -> SGLang name=tta_v1477 path=outputs/online_tta/online_tta_adapters/tta_v1477
[2026-08-27 16:44:02,379][openttl.online.tta_runner][INFO] - TTA sync LoRA -> SGLang name=tta_v1478 path=outputs/online_tta/online_tta_adapters/tta_v1478
[2026-08-27 16:44:04,084][openttl.online.tta_runner][INFO] - TTA sync LoRA -> SGLang name=tta_v1479 path=outputs/online_tta/online_tta_adapters/tta_v1479
[2026-08-27 16:44:05,832][openttl.online.tta_runner][INFO] - TTA sync LoRA -> SGLang name=tta_v1480 path=outputs/online_tta/online_tta_adapters/tta_v1480
[1480/4329] acc=0.6203 pred=D gold=B loss=7.28055101717473e-06 (1.7s/sample)
[2026-08-27 16:44:07,636][openttl.online.tta_runner][INFO] - TTA sync LoRA -> SGLang name=tta_v1481 path=outputs/online_tta/online_tta_adapters/tta_v1481
[2026-08-27 16:44:09,398][openttl.online.tta_runner][INFO] - TTA sync LoRA -> SGLang name=tta_v1482 path=outputs/online_tta/online_tta_adapters/tta_v1482
[2026-08-27 16:44:11,148][openttl.online.tta_runner][INFO] - TTA sync LoRA -> SGLang name=tta_v1483 path=outputs/online_tta/online_tta_adapters/tta_v1483
[2026-08-27 16:44:12,945][openttl.online.tta_runner][INFO] - TTA sync LoRA -> SGLang name=tta_v1484 path=outputs/online_tta/online_tta_adapters/tta_v1484
[2026-08-27 16:44:14,713][openttl.online.tta_runner][INFO] - TTA sync LoRA -> SGLang name=tta_v1485 path=outputs/online_tta/online_tta_adapters/tta_v1485
[2026-08-27 16:44:16,464][openttl.online.tta_runner][INFO] - TTA sync LoRA -> SGLang name=tta_v1486 path=outputs/online_tta/online_tta_adapters/tta_v1486
[2026-08-27 16:44:18,228][openttl.online.tta_runner][INFO] - TTA sync LoRA -> SGLang name=tta_v1487 path=outputs/online_tta/online_tta_adapters/tta_v1487
[2026-08-27 16:44:20,024][openttl.online.tta_runner][INFO] - TTA sync LoRA -> SGLang name=tta_v1488 path=outputs/online_tta/online_tta_adapters/tta_v1488
[2026-08-27 16:44:21,763][openttl.online.tta_runner][INFO] - TTA sync LoRA -> SGLang name=tta_v1489 path=outputs/online_tta/online_tta_adapters/tta_v1489
[2026-08-27 16:44:23,485][openttl.online.tta_runner][INFO] - TTA sync LoRA -> SGLang name=tta_v1490 path=outputs/online_tta/online_tta_adapters/tta_v1490
[2026-08-27 16:44:25,238][openttl.online.tta_runner][INFO] - TTA sync LoRA -> SGLang name=tta_v1491 path=outputs/online_tta/online_tta_adapters/tta_v1491
[2026-08-27 16:44:27,097][openttl.online.tta_runner][INFO] - TTA sync LoRA -> SGLang name=tta_v1492 path=outputs/online_tta/online_tta_adapters/tta_v1492
[2026-08-27 16:44:28,895][openttl.online.tta_runner][INFO] - TTA sync LoRA -> SGLang name=tta_v1493 path=outputs/online_tta/online_tta_adapters/tta_v1493
[2026-08-27 16:44:30,602][openttl.online.tta_runner][INFO] - TTA sync LoRA -> SGLang name=tta_v1494 path=outputs/online_tta/online_tta_adapters/tta_v1494
[2026-08-27 16:44:32,338][openttl.online.tta_runner][INFO] - TTA sync LoRA -> SGLang name=tta_v1495 path=outputs/online_tta/online_tta_adapters/tta_v1495
[2026-08-27 16:44:34,035][openttl.online.tta_runner][INFO] - TTA sync LoRA -> SGLang name=tta_v1496 path=outputs/online_tta/online_tta_adapters/tta_v1496
[2026-08-27 16:44:35,786][openttl.online.tta_runner][INFO] - TTA sync LoRA -> SGLang name=tta_v1497 path=outputs/online_tta/online_tta_adapters/tta_v1497
[2026-08-27 16:44:37,579][openttl.online.tta_runner][INFO] - TTA sync LoRA -> SGLang name=tta_v1498 path=outputs/online_tta/online_tta_adapters/tta_v1498
[2026-08-27 16:44:39,414][openttl.online.tta_runner][INFO] - TTA sync LoRA -> SGLang name=tta_v1499 path=outputs/online_tta/online_tta_adapters/tta_v1499
[2026-08-27 16:44:41,161][openttl.online.tta_runner][INFO] - TTA sync LoRA -> SGLang name=tta_v1500 path=outputs/online_tta/online_tta_adapters/tta_v1500
[1500/4329] acc=0.6140 pred=D gold=B loss=1.5109382729860954e-05 (1.7s/sample)
[2026-08-27 16:44:42,944][openttl.online.tta_runner][INFO] - TTA sync LoRA -> SGLang name=tta_v1501 path=outputs/online_tta/online_tta_adapters/tta_v1501
[2026-08-27 16:44:44,687][openttl.online.tta_runner][INFO] - TTA sync LoRA -> SGLang name=tta_v1502 path=outputs/online_tta/online_tta_adapters/tta_v1502
[2026-08-27 16:44:46,439][openttl.online.tta_runner][INFO] - TTA sync LoRA -> SGLang name=tta_v1503 path=outputs/online_tta/online_tta_adapters/tta_v1503
[2026-08-27 16:44:48,211][openttl.online.tta_runner][INFO] - TTA sync LoRA -> SGLang name=tta_v1504 path=outputs/online_tta/online_tta_adapters/tta_v1504
[2026-08-27 16:44:49,962][openttl.online.tta_runner][INFO] - TTA sync LoRA -> SGLang name=tta_v1505 path=outputs/online_tta/online_tta_adapters/tta_v1505
[2026-08-27 16:44:51,707][openttl.online.tta_runner][INFO] - TTA sync LoRA -> SGLang name=tta_v1506 path=outputs/online_tta/online_tta_adapters/tta_v1506
[2026-08-27 16:44:53,465][openttl.online.tta_runner][INFO] - TTA sync LoRA -> SGLang name=tta_v1507 path=outputs/online_tta/online_tta_adapters/tta_v1507
[2026-08-27 16:44:55,300][openttl.online.tta_runner][INFO] - TTA sync LoRA -> SGLang name=tta_v1508 path=outputs/online_tta/online_tta_adapters/tta_v1508
[2026-08-27 16:44:57,081][openttl.online.tta_runner][INFO] - TTA sync LoRA -> SGLang name=tta_v1509 path=outputs/online_tta/online_tta_adapters/tta_v1509
[2026-08-27 16:44:58,775][openttl.online.tta_runner][INFO] - TTA sync LoRA -> SGLang name=tta_v1510 path=outputs/online_tta/online_tta_adapters/tta_v1510
[2026-08-27 16:45:00,451][openttl.online.tta_runner][INFO] - TTA sync LoRA -> SGLang name=tta_v1511 path=outputs/online_tta/online_tta_adapters/tta_v1511
[2026-08-27 16:45:02,156][openttl.online.tta_runner][INFO] - TTA sync LoRA -> SGLang name=tta_v1512 path=outputs/online_tta/online_tta_adapters/tta_v1512
[2026-08-27 16:45:03,854][openttl.online.tta_runner][INFO] - TTA sync LoRA -> SGLang name=tta_v1513 path=outputs/online_tta/online_tta_adapters/tta_v1513
[2026-08-27 16:45:05,446][openttl.online.tta_runner][INFO] - TTA sync LoRA -> SGLang name=tta_v1514 path=outputs/online_tta/online_tta_adapters/tta_v1514
[2026-08-27 16:45:07,121][openttl.online.tta_runner][INFO] - TTA sync LoRA -> SGLang name=tta_v1515 path=outputs/online_tta/online_tta_adapters/tta_v1515
[2026-08-27 16:45:08,729][openttl.online.tta_runner][INFO] - TTA sync LoRA -> SGLang name=tta_v1516 path=outputs/online_tta/online_tta_adapters/tta_v1516
[2026-08-27 16:45:10,436][openttl.online.tta_runner][INFO] - TTA sync LoRA -> SGLang name=tta_v1517 path=outputs/online_tta/online_tta_adapters/tta_v1517
[2026-08-27 16:45:12,150][openttl.online.tta_runner][INFO] - TTA sync LoRA -> SGLang name=tta_v1518 path=outputs/online_tta/online_tta_adapters/tta_v1518
[2026-08-27 16:45:13,867][openttl.online.tta_runner][INFO] - TTA sync LoRA -> SGLang name=tta_v1519 path=outputs/online_tta/online_tta_adapters/tta_v1519
[2026-08-27 16:45:15,591][openttl.online.tta_runner][INFO] - TTA sync LoRA -> SGLang name=tta_v1520 path=outputs/online_tta/online_tta_adapters/tta_v1520
[1520/4329] acc=0.6086 pred=D gold=B loss=8.356838407053147e-06 (1.7s/sample)
[2026-08-27 16:45:17,319][openttl.online.tta_runner][INFO] - TTA sync LoRA -> SGLang name=tta_v1521 path=outputs/online_tta/online_tta_adapters/tta_v1521
[2026-08-27 16:45:19,009][openttl.online.tta_runner][INFO] - TTA sync LoRA -> SGLang name=tta_v1522 path=outputs/online_tta/online_tta_adapters/tta_v1522
[2026-08-27 16:45:20,658][openttl.online.tta_runner][INFO] - TTA sync LoRA -> SGLang name=tta_v1523 path=outputs/online_tta/online_tta_adapters/tta_v1523
[2026-08-27 16:45:22,372][openttl.online.tta_runner][INFO] - TTA sync LoRA -> SGLang name=tta_v1524 path=outputs/online_tta/online_tta_adapters/tta_v1524
[2026-08-27 16:45:24,099][openttl.online.tta_runner][INFO] - TTA sync LoRA -> SGLang name=tta_v1525 path=outputs/online_tta/online_tta_adapters/tta_v1525
[2026-08-27 16:45:25,858][openttl.online.tta_runner][INFO] - TTA sync LoRA -> SGLang name=tta_v1526 path=outputs/online_tta/online_tta_adapters/tta_v1526
[2026-08-27 16:45:27,531][openttl.online.tta_runner][INFO] - TTA sync LoRA -> SGLang name=tta_v1527 path=outputs/online_tta/online_tta_adapters/tta_v1527
[2026-08-27 16:45:29,266][openttl.online.tta_runner][INFO] - TTA sync LoRA -> SGLang name=tta_v1528 path=outputs/online_tta/online_tta_adapters/tta_v1528
[2026-08-27 16:45:30,979][openttl.online.tta_runner][INFO] - TTA sync LoRA -> SGLang name=tta_v1529 path=outputs/online_tta/online_tta_adapters/tta_v1529
[2026-08-27 16:45:32,712][openttl.online.tta_runner][INFO] - TTA sync LoRA -> SGLang name=tta_v1530 path=outputs/online_tta/online_tta_adapters/tta_v1530
[2026-08-27 16:45:34,453][openttl.online.tta_runner][INFO] - TTA sync LoRA -> SGLang name=tta_v1531 path=outputs/online_tta/online_tta_adapters/tta_v1531
[2026-08-27 16:45:36,225][openttl.online.tta_runner][INFO] - TTA sync LoRA -> SGLang name=tta_v1532 path=outputs/online_tta/online_tta_adapters/tta_v1532
[2026-08-27 16:45:38,009][openttl.online.tta_runner][INFO] - TTA sync LoRA -> SGLang name=tta_v1533 path=outputs/online_tta/online_tta_adapters/tta_v1533
[2026-08-27 16:45:39,774][openttl.online.tta_runner][INFO] - TTA sync LoRA -> SGLang name=tta_v1534 path=outputs/online_tta/online_tta_adapters/tta_v1534
[2026-08-27 16:45:41,773][openttl.online.tta_runner][INFO] - TTA sync LoRA -> SGLang name=tta_v1535 path=outputs/online_tta/online_tta_adapters/tta_v1535
[2026-08-27 16:45:43,752][openttl.online.tta_runner][INFO] - TTA sync LoRA -> SGLang name=tta_v1536 path=outputs/online_tta/online_tta_adapters/tta_v1536
[2026-08-27 16:45:45,737][openttl.online.tta_runner][INFO] - TTA sync LoRA -> SGLang name=tta_v1537 path=outputs/online_tta/online_tta_adapters/tta_v1537
[2026-08-27 16:45:47,402][openttl.online.tta_runner][INFO] - TTA sync LoRA -> SGLang name=tta_v1538 path=outputs/online_tta/online_tta_adapters/tta_v1538
[2026-08-27 16:45:48,983][openttl.online.tta_runner][INFO] - TTA sync LoRA -> SGLang name=tta_v1539 path=outputs/online_tta/online_tta_adapters/tta_v1539
[2026-08-27 16:45:50,707][openttl.online.tta_runner][INFO] - TTA sync LoRA -> SGLang name=tta_v1540 path=outputs/online_tta/online_tta_adapters/tta_v1540
[1540/4329] acc=0.6026 pred=D gold=C loss=7.601306606375147e-06 (1.7s/sample)
[2026-08-27 16:45:52,389][openttl.online.tta_runner][INFO] - TTA sync LoRA -> SGLang name=tta_v1541 path=outputs/online_tta/online_tta_adapters/tta_v1541
[2026-08-27 16:45:54,125][openttl.online.tta_runner][INFO] - TTA sync LoRA -> SGLang name=tta_v1542 path=outputs/online_tta/online_tta_adapters/tta_v1542
[2026-08-27 16:45:55,699][openttl.online.tta_runner][INFO] - TTA sync LoRA -> SGLang name=tta_v1543 path=outputs/online_tta/online_tta_adapters/tta_v1543
[2026-08-27 16:45:57,361][openttl.online.tta_runner][INFO] - TTA sync LoRA -> SGLang name=tta_v1544 path=outputs/online_tta/online_tta_adapters/tta_v1544
[2026-08-27 16:45:58,936][openttl.online.tta_runner][INFO] - TTA sync LoRA -> SGLang name=tta_v1545 path=outputs/online_tta/online_tta_adapters/tta_v1545
[2026-08-27 16:46:00,524][openttl.online.tta_runner][INFO] - TTA sync LoRA -> SGLang name=tta_v1546 path=outputs/online_tta/online_tta_adapters/tta_v1546
[2026-08-27 16:46:02,084][openttl.online.tta_runner][INFO] - TTA sync LoRA -> SGLang name=tta_v1547 path=outputs/online_tta/online_tta_adapters/tta_v1547
[2026-08-27 16:46:03,664][openttl.online.tta_runner][INFO] - TTA sync LoRA -> SGLang name=tta_v1548 path=outputs/online_tta/online_tta_adapters/tta_v1548
[2026-08-27 16:46:05,315][openttl.online.tta_runner][INFO] - TTA sync LoRA -> SGLang name=tta_v1549 path=outputs/online_tta/online_tta_adapters/tta_v1549
[2026-08-27 16:46:07,202][openttl.online.tta_runner][INFO] - TTA sync LoRA -> SGLang name=tta_v1550 path=outputs/online_tta/online_tta_adapters/tta_v1550
[2026-08-27 16:46:09,169][openttl.online.tta_runner][INFO] - TTA sync LoRA -> SGLang name=tta_v1551 path=outputs/online_tta/online_tta_adapters/tta_v1551
[2026-08-27 16:46:11,093][openttl.online.tta_runner][INFO] - TTA sync LoRA -> SGLang name=tta_v1552 path=outputs/online_tta/online_tta_adapters/tta_v1552
[2026-08-27 16:46:12,828][openttl.online.tta_runner][INFO] - TTA sync LoRA -> SGLang name=tta_v1553 path=outputs/online_tta/online_tta_adapters/tta_v1553
[2026-08-27 16:46:14,731][openttl.online.tta_runner][INFO] - TTA sync LoRA -> SGLang name=tta_v1554 path=outputs/online_tta/online_tta_adapters/tta_v1554
[2026-08-27 16:46:16,548][openttl.online.tta_runner][INFO] - TTA sync LoRA -> SGLang name=tta_v1555 path=outputs/online_tta/online_tta_adapters/tta_v1555
[2026-08-27 16:46:18,291][openttl.online.tta_runner][INFO] - TTA sync LoRA -> SGLang name=tta_v1556 path=outputs/online_tta/online_tta_adapters/tta_v1556
[2026-08-27 16:46:20,077][openttl.online.tta_runner][INFO] - TTA sync LoRA -> SGLang name=tta_v1557 path=outputs/online_tta/online_tta_adapters/tta_v1557
[2026-08-27 16:46:21,917][openttl.online.tta_runner][INFO] - TTA sync LoRA -> SGLang name=tta_v1558 path=outputs/online_tta/online_tta_adapters/tta_v1558
[2026-08-27 16:46:23,837][openttl.online.tta_runner][INFO] - TTA sync LoRA -> SGLang name=tta_v1559 path=outputs/online_tta/online_tta_adapters/tta_v1559
[2026-08-27 16:46:25,915][openttl.online.tta_runner][INFO] - TTA sync LoRA -> SGLang name=tta_v1560 path=outputs/online_tta/online_tta_adapters/tta_v1560
[1560/4329] acc=0.5955 pred=D gold=B loss=0.0035932823084294796 (1.7s/sample)
[2026-08-27 16:46:27,498][openttl.online.tta_runner][INFO] - TTA sync LoRA -> SGLang name=tta_v1561 path=outputs/online_tta/online_tta_adapters/tta_v1561
[2026-08-27 16:46:29,012][openttl.online.tta_runner][INFO] - TTA sync LoRA -> SGLang name=tta_v1562 path=outputs/online_tta/online_tta_adapters/tta_v1562
[2026-08-27 16:46:30,513][openttl.online.tta_runner][INFO] - TTA sync LoRA -> SGLang name=tta_v1563 path=outputs/online_tta/online_tta_adapters/tta_v1563
[2026-08-27 16:46:31,989][openttl.online.tta_runner][INFO] - TTA sync LoRA -> SGLang name=tta_v1564 path=outputs/online_tta/online_tta_adapters/tta_v1564
[2026-08-27 16:46:33,767][openttl.online.tta_runner][INFO] - TTA sync LoRA -> SGLang name=tta_v1565 path=outputs/online_tta/online_tta_adapters/tta_v1565
[2026-08-27 16:46:35,342][openttl.online.tta_runner][INFO] - TTA sync LoRA -> SGLang name=tta_v1566 path=outputs/online_tta/online_tta_adapters/tta_v1566
[2026-08-27 16:46:36,894][openttl.online.tta_runner][INFO] - TTA sync LoRA -> SGLang name=tta_v1567 path=outputs/online_tta/online_tta_adapters/tta_v1567
[2026-08-27 16:46:38,397][openttl.online.tta_runner][INFO] - TTA sync LoRA -> SGLang name=tta_v1568 path=outputs/online_tta/online_tta_adapters/tta_v1568
[2026-08-27 16:46:40,144][openttl.online.tta_runner][INFO] - TTA sync LoRA -> SGLang name=tta_v1569 path=outputs/online_tta/online_tta_adapters/tta_v1569
[2026-08-27 16:46:41,797][openttl.online.tta_runner][INFO] - TTA sync LoRA -> SGLang name=tta_v1570 path=outputs/online_tta/online_tta_adapters/tta_v1570
[2026-08-27 16:46:43,552][openttl.online.tta_runner][INFO] - TTA sync LoRA -> SGLang name=tta_v1571 path=outputs/online_tta/online_tta_adapters/tta_v1571
[2026-08-27 16:46:45,244][openttl.online.tta_runner][INFO] - TTA sync LoRA -> SGLang name=tta_v1572 path=outputs/online_tta/online_tta_adapters/tta_v1572
[2026-08-27 16:46:46,826][openttl.online.tta_runner][INFO] - TTA sync LoRA -> SGLang name=tta_v1573 path=outputs/online_tta/online_tta_adapters/tta_v1573
[2026-08-27 16:46:48,407][openttl.online.tta_runner][INFO] - TTA sync LoRA -> SGLang name=tta_v1574 path=outputs/online_tta/online_tta_adapters/tta_v1574
[2026-08-27 16:46:50,115][openttl.online.tta_runner][INFO] - TTA sync LoRA -> SGLang name=tta_v1575 path=outputs/online_tta/online_tta_adapters/tta_v1575
[2026-08-27 16:46:51,826][openttl.online.tta_runner][INFO] - TTA sync LoRA -> SGLang name=tta_v1576 path=outputs/online_tta/online_tta_adapters/tta_v1576
[2026-08-27 16:46:53,324][openttl.online.tta_runner][INFO] - TTA sync LoRA -> SGLang name=tta_v1577 path=outputs/online_tta/online_tta_adapters/tta_v1577
[2026-08-27 16:46:55,061][openttl.online.tta_runner][INFO] - TTA sync LoRA -> SGLang name=tta_v1578 path=outputs/online_tta/online_tta_adapters/tta_v1578
[2026-08-27 16:46:56,848][openttl.online.tta_runner][INFO] - TTA sync LoRA -> SGLang name=tta_v1579 path=outputs/online_tta/online_tta_adapters/tta_v1579
[2026-08-27 16:46:58,519][openttl.online.tta_runner][INFO] - TTA sync LoRA -> SGLang name=tta_v1580 path=outputs/online_tta/online_tta_adapters/tta_v1580
[1580/4329] acc=0.5905 pred=D gold=C loss=8.769882697379217e-06 (1.7s/sample)
[2026-08-27 16:47:00,218][openttl.online.tta_runner][INFO] - TTA sync LoRA -> SGLang name=tta_v1581 path=outputs/online_tta/online_tta_adapters/tta_v1581
[2026-08-27 16:47:01,892][openttl.online.tta_runner][INFO] - TTA sync LoRA -> SGLang name=tta_v1582 path=outputs/online_tta/online_tta_adapters/tta_v1582
[2026-08-27 16:47:03,648][openttl.online.tta_runner][INFO] - TTA sync LoRA -> SGLang name=tta_v1583 path=outputs/online_tta/online_tta_adapters/tta_v1583
[2026-08-27 16:47:05,406][openttl.online.tta_runner][INFO] - TTA sync LoRA -> SGLang name=tta_v1584 path=outputs/online_tta/online_tta_adapters/tta_v1584
[2026-08-27 16:47:07,179][openttl.online.tta_runner][INFO] - TTA sync LoRA -> SGLang name=tta_v1585 path=outputs/online_tta/online_tta_adapters/tta_v1585
[2026-08-27 16:47:08,927][openttl.online.tta_runner][INFO] - TTA sync LoRA -> SGLang name=tta_v1586 path=outputs/online_tta/online_tta_adapters/tta_v1586
[2026-08-27 16:47:10,666][openttl.online.tta_runner][INFO] - TTA sync LoRA -> SGLang name=tta_v1587 path=outputs/online_tta/online_tta_adapters/tta_v1587
[2026-08-27 16:47:12,419][openttl.online.tta_runner][INFO] - TTA sync LoRA -> SGLang name=tta_v1588 path=outputs/online_tta/online_tta_adapters/tta_v1588
[2026-08-27 16:47:14,200][openttl.online.tta_runner][INFO] - TTA sync LoRA -> SGLang name=tta_v1589 path=outputs/online_tta/online_tta_adapters/tta_v1589
[2026-08-27 16:47:15,995][openttl.online.tta_runner][INFO] - TTA sync LoRA -> SGLang name=tta_v1590 path=outputs/online_tta/online_tta_adapters/tta_v1590
[2026-08-27 16:47:17,809][openttl.online.tta_runner][INFO] - TTA sync LoRA -> SGLang name=tta_v1591 path=outputs/online_tta/online_tta_adapters/tta_v1591
[2026-08-27 16:47:19,478][openttl.online.tta_runner][INFO] - TTA sync LoRA -> SGLang name=tta_v1592 path=outputs/online_tta/online_tta_adapters/tta_v1592
[2026-08-27 16:47:21,209][openttl.online.tta_runner][INFO] - TTA sync LoRA -> SGLang name=tta_v1593 path=outputs/online_tta/online_tta_adapters/tta_v1593
[2026-08-27 16:47:22,854][openttl.online.tta_runner][INFO] - TTA sync LoRA -> SGLang name=tta_v1594 path=outputs/online_tta/online_tta_adapters/tta_v1594
[2026-08-27 16:47:24,518][openttl.online.tta_runner][INFO] - TTA sync LoRA -> SGLang name=tta_v1595 path=outputs/online_tta/online_tta_adapters/tta_v1595
[2026-08-27 16:47:26,167][openttl.online.tta_runner][INFO] - TTA sync LoRA -> SGLang name=tta_v1596 path=outputs/online_tta/online_tta_adapters/tta_v1596
[2026-08-27 16:47:27,769][openttl.online.tta_runner][INFO] - TTA sync LoRA -> SGLang name=tta_v1597 path=outputs/online_tta/online_tta_adapters/tta_v1597
[2026-08-27 16:47:29,417][openttl.online.tta_runner][INFO] - TTA sync LoRA -> SGLang name=tta_v1598 path=outputs/online_tta/online_tta_adapters/tta_v1598
[2026-08-27 16:47:31,136][openttl.online.tta_runner][INFO] - TTA sync LoRA -> SGLang name=tta_v1599 path=outputs/online_tta/online_tta_adapters/tta_v1599
[2026-08-27 16:47:32,811][openttl.online.tta_runner][INFO] - TTA sync LoRA -> SGLang name=tta_v1600 path=outputs/online_tta/online_tta_adapters/tta_v1600
[1600/4329] acc=0.5863 pred=D gold=A loss=7.795163583068643e-06 (1.7s/sample)
[2026-08-27 16:47:34,455][openttl.online.tta_runner][INFO] - TTA sync LoRA -> SGLang name=tta_v1601 path=outputs/online_tta/online_tta_adapters/tta_v1601
[2026-08-27 16:47:36,097][openttl.online.tta_runner][INFO] - TTA sync LoRA -> SGLang name=tta_v1602 path=outputs/online_tta/online_tta_adapters/tta_v1602
[2026-08-27 16:47:37,647][openttl.online.tta_runner][INFO] - TTA sync LoRA -> SGLang name=tta_v1603 path=outputs/online_tta/online_tta_adapters/tta_v1603
[2026-08-27 16:47:39,318][openttl.online.tta_runner][INFO] - TTA sync LoRA -> SGLang name=tta_v1604 path=outputs/online_tta/online_tta_adapters/tta_v1604
[2026-08-27 16:47:40,986][openttl.online.tta_runner][INFO] - TTA sync LoRA -> SGLang name=tta_v1605 path=outputs/online_tta/online_tta_adapters/tta_v1605
[2026-08-27 16:47:42,628][openttl.online.tta_runner][INFO] - TTA sync LoRA -> SGLang name=tta_v1606 path=outputs/online_tta/online_tta_adapters/tta_v1606
[2026-08-27 16:47:44,286][openttl.online.tta_runner][INFO] - TTA sync LoRA -> SGLang name=tta_v1607 path=outputs/online_tta/online_tta_adapters/tta_v1607
[2026-08-27 16:47:45,935][openttl.online.tta_runner][INFO] - TTA sync LoRA -> SGLang name=tta_v1608 path=outputs/online_tta/online_tta_adapters/tta_v1608
[2026-08-27 16:47:47,593][openttl.online.tta_runner][INFO] - TTA sync LoRA -> SGLang name=tta_v1609 path=outputs/online_tta/online_tta_adapters/tta_v1609
[2026-08-27 16:47:49,157][openttl.online.tta_runner][INFO] - TTA sync LoRA -> SGLang name=tta_v1610 path=outputs/online_tta/online_tta_adapters/tta_v1610
[2026-08-27 16:47:50,719][openttl.online.tta_runner][INFO] - TTA sync LoRA -> SGLang name=tta_v1611 path=outputs/online_tta/online_tta_adapters/tta_v1611
[2026-08-27 16:47:52,274][openttl.online.tta_runner][INFO] - TTA sync LoRA -> SGLang name=tta_v1612 path=outputs/online_tta/online_tta_adapters/tta_v1612
[2026-08-27 16:47:53,856][openttl.online.tta_runner][INFO] - TTA sync LoRA -> SGLang name=tta_v1613 path=outputs/online_tta/online_tta_adapters/tta_v1613
[2026-08-27 16:47:55,405][openttl.online.tta_runner][INFO] - TTA sync LoRA -> SGLang name=tta_v1614 path=outputs/online_tta/online_tta_adapters/tta_v1614
[2026-08-27 16:47:56,978][openttl.online.tta_runner][INFO] - TTA sync LoRA -> SGLang name=tta_v1615 path=outputs/online_tta/online_tta_adapters/tta_v1615
[2026-08-27 16:47:58,467][openttl.online.tta_runner][INFO] - TTA sync LoRA -> SGLang name=tta_v1616 path=outputs/online_tta/online_tta_adapters/tta_v1616
[2026-08-27 16:48:00,120][openttl.online.tta_runner][INFO] - TTA sync LoRA -> SGLang name=tta_v1617 path=outputs/online_tta/online_tta_adapters/tta_v1617
[2026-08-27 16:48:01,832][openttl.online.tta_runner][INFO] - TTA sync LoRA -> SGLang name=tta_v1618 path=outputs/online_tta/online_tta_adapters/tta_v1618
[2026-08-27 16:48:03,590][openttl.online.tta_runner][INFO] - TTA sync LoRA -> SGLang name=tta_v1619 path=outputs/online_tta/online_tta_adapters/tta_v1619
[2026-08-27 16:48:05,322][openttl.online.tta_runner][INFO] - TTA sync LoRA -> SGLang name=tta_v1620 path=outputs/online_tta/online_tta_adapters/tta_v1620
[1620/4329] acc=0.5846 pred=D gold=B loss=1.1541995263542049e-05 (1.7s/sample)
[2026-08-27 16:48:07,005][openttl.online.tta_runner][INFO] - TTA sync LoRA -> SGLang name=tta_v1621 path=outputs/online_tta/online_tta_adapters/tta_v1621
[2026-08-27 16:48:08,765][openttl.online.tta_runner][INFO] - TTA sync LoRA -> SGLang name=tta_v1622 path=outputs/online_tta/online_tta_adapters/tta_v1622
[2026-08-27 16:48:10,492][openttl.online.tta_runner][INFO] - TTA sync LoRA -> SGLang name=tta_v1623 path=outputs/online_tta/online_tta_adapters/tta_v1623
[2026-08-27 16:48:12,211][openttl.online.tta_runner][INFO] - TTA sync LoRA -> SGLang name=tta_v1624 path=outputs/online_tta/online_tta_adapters/tta_v1624
[2026-08-27 16:48:13,867][openttl.online.tta_runner][INFO] - TTA sync LoRA -> SGLang name=tta_v1625 path=outputs/online_tta/online_tta_adapters/tta_v1625
[2026-08-27 16:48:15,518][openttl.online.tta_runner][INFO] - TTA sync LoRA -> SGLang name=tta_v1626 path=outputs/online_tta/online_tta_adapters/tta_v1626
[2026-08-27 16:48:17,247][openttl.online.tta_runner][INFO] - TTA sync LoRA -> SGLang name=tta_v1627 path=outputs/online_tta/online_tta_adapters/tta_v1627
[2026-08-27 16:48:19,051][openttl.online.tta_runner][INFO] - TTA sync LoRA -> SGLang name=tta_v1628 path=outputs/online_tta/online_tta_adapters/tta_v1628
[2026-08-27 16:48:20,772][openttl.online.tta_runner][INFO] - TTA sync LoRA -> SGLang name=tta_v1629 path=outputs/online_tta/online_tta_adapters/tta_v1629
[2026-08-27 16:48:22,471][openttl.online.tta_runner][INFO] - TTA sync LoRA -> SGLang name=tta_v1630 path=outputs/online_tta/online_tta_adapters/tta_v1630
[2026-08-27 16:48:24,193][openttl.online.tta_runner][INFO] - TTA sync LoRA -> SGLang name=tta_v1631 path=outputs/online_tta/online_tta_adapters/tta_v1631
[2026-08-27 16:48:25,941][openttl.online.tta_runner][INFO] - TTA sync LoRA -> SGLang name=tta_v1632 path=outputs/online_tta/online_tta_adapters/tta_v1632
[2026-08-27 16:48:27,616][openttl.online.tta_runner][INFO] - TTA sync LoRA -> SGLang name=tta_v1633 path=outputs/online_tta/online_tta_adapters/tta_v1633
[2026-08-27 16:48:29,283][openttl.online.tta_runner][INFO] - TTA sync LoRA -> SGLang name=tta_v1634 path=outputs/online_tta/online_tta_adapters/tta_v1634
[2026-08-27 16:48:31,016][openttl.online.tta_runner][INFO] - TTA sync LoRA -> SGLang name=tta_v1635 path=outputs/online_tta/online_tta_adapters/tta_v1635
[2026-08-27 16:48:32,865][openttl.online.tta_runner][INFO] - TTA sync LoRA -> SGLang name=tta_v1636 path=outputs/online_tta/online_tta_adapters/tta_v1636
[2026-08-27 16:48:34,619][openttl.online.tta_runner][INFO] - TTA sync LoRA -> SGLang name=tta_v1637 path=outputs/online_tta/online_tta_adapters/tta_v1637
[2026-08-27 16:48:36,290][openttl.online.tta_runner][INFO] - TTA sync LoRA -> SGLang name=tta_v1638 path=outputs/online_tta/online_tta_adapters/tta_v1638
[2026-08-27 16:48:37,976][openttl.online.tta_runner][INFO] - TTA sync LoRA -> SGLang name=tta_v1639 path=outputs/online_tta/online_tta_adapters/tta_v1639
[2026-08-27 16:48:39,641][openttl.online.tta_runner][INFO] - TTA sync LoRA -> SGLang name=tta_v1640 path=outputs/online_tta/online_tta_adapters/tta_v1640
[1640/4329] acc=0.5811 pred=D gold=A loss=5.600147233053576e-06 (1.7s/sample)
[2026-08-27 16:48:41,292][openttl.online.tta_runner][INFO] - TTA sync LoRA -> SGLang name=tta_v1641 path=outputs/online_tta/online_tta_adapters/tta_v1641
[2026-08-27 16:48:42,968][openttl.online.tta_runner][INFO] - TTA sync LoRA -> SGLang name=tta_v1642 path=outputs/online_tta/online_tta_adapters/tta_v1642
[2026-08-27 16:48:44,650][openttl.online.tta_runner][INFO] - TTA sync LoRA -> SGLang name=tta_v1643 path=outputs/online_tta/online_tta_adapters/tta_v1643
[2026-08-27 16:48:46,320][openttl.online.tta_runner][INFO] - TTA sync LoRA -> SGLang name=tta_v1644 path=outputs/online_tta/online_tta_adapters/tta_v1644
[2026-08-27 16:48:47,983][openttl.online.tta_runner][INFO] - TTA sync LoRA -> SGLang name=tta_v1645 path=outputs/online_tta/online_tta_adapters/tta_v1645
[2026-08-27 16:48:49,667][openttl.online.tta_runner][INFO] - TTA sync LoRA -> SGLang name=tta_v1646 path=outputs/online_tta/online_tta_adapters/tta_v1646
[2026-08-27 16:48:51,338][openttl.online.tta_runner][INFO] - TTA sync LoRA -> SGLang name=tta_v1647 path=outputs/online_tta/online_tta_adapters/tta_v1647
[2026-08-27 16:48:53,021][openttl.online.tta_runner][INFO] - TTA sync LoRA -> SGLang name=tta_v1648 path=outputs/online_tta/online_tta_adapters/tta_v1648
[2026-08-27 16:48:54,527][openttl.online.tta_runner][INFO] - TTA sync LoRA -> SGLang name=tta_v1649 path=outputs/online_tta/online_tta_adapters/tta_v1649
[2026-08-27 16:48:56,210][openttl.online.tta_runner][INFO] - TTA sync LoRA -> SGLang name=tta_v1650 path=outputs/online_tta/online_tta_adapters/tta_v1650
[2026-08-27 16:48:57,962][openttl.online.tta_runner][INFO] - TTA sync LoRA -> SGLang name=tta_v1651 path=outputs/online_tta/online_tta_adapters/tta_v1651
[2026-08-27 16:48:59,646][openttl.online.tta_runner][INFO] - TTA sync LoRA -> SGLang name=tta_v1652 path=outputs/online_tta/online_tta_adapters/tta_v1652
[2026-08-27 16:49:01,425][openttl.online.tta_runner][INFO] - TTA sync LoRA -> SGLang name=tta_v1653 path=outputs/online_tta/online_tta_adapters/tta_v1653
[2026-08-27 16:49:03,114][openttl.online.tta_runner][INFO] - TTA sync LoRA -> SGLang name=tta_v1654 path=outputs/online_tta/online_tta_adapters/tta_v1654
[2026-08-27 16:49:04,832][openttl.online.tta_runner][INFO] - TTA sync LoRA -> SGLang name=tta_v1655 path=outputs/online_tta/online_tta_adapters/tta_v1655
[2026-08-27 16:49:06,462][openttl.online.tta_runner][INFO] - TTA sync LoRA -> SGLang name=tta_v1656 path=outputs/online_tta/online_tta_adapters/tta_v1656
[2026-08-27 16:49:08,125][openttl.online.tta_runner][INFO] - TTA sync LoRA -> SGLang name=tta_v1657 path=outputs/online_tta/online_tta_adapters/tta_v1657
[2026-08-27 16:49:09,860][openttl.online.tta_runner][INFO] - TTA sync LoRA -> SGLang name=tta_v1658 path=outputs/online_tta/online_tta_adapters/tta_v1658
[2026-08-27 16:49:11,624][openttl.online.tta_runner][INFO] - TTA sync LoRA -> SGLang name=tta_v1659 path=outputs/online_tta/online_tta_adapters/tta_v1659
[2026-08-27 16:49:13,377][openttl.online.tta_runner][INFO] - TTA sync LoRA -> SGLang name=tta_v1660 path=outputs/online_tta/online_tta_adapters/tta_v1660
[1660/4329] acc=0.5777 pred=D gold=B loss=7.2628099587745965e-06 (1.7s/sample)
[2026-08-27 16:49:15,067][openttl.online.tta_runner][INFO] - TTA sync LoRA -> SGLang name=tta_v1661 path=outputs/online_tta/online_tta_adapters/tta_v1661
[2026-08-27 16:49:16,752][openttl.online.tta_runner][INFO] - TTA sync LoRA -> SGLang name=tta_v1662 path=outputs/online_tta/online_tta_adapters/tta_v1662
[2026-08-27 16:49:18,431][openttl.online.tta_runner][INFO] - TTA sync LoRA -> SGLang name=tta_v1663 path=outputs/online_tta/online_tta_adapters/tta_v1663
[2026-08-27 16:49:20,123][openttl.online.tta_runner][INFO] - TTA sync LoRA -> SGLang name=tta_v1664 path=outputs/online_tta/online_tta_adapters/tta_v1664
[2026-08-27 16:49:21,814][openttl.online.tta_runner][INFO] - TTA sync LoRA -> SGLang name=tta_v1665 path=outputs/online_tta/online_tta_adapters/tta_v1665
[2026-08-27 16:49:23,470][openttl.online.tta_runner][INFO] - TTA sync LoRA -> SGLang name=tta_v1666 path=outputs/online_tta/online_tta_adapters/tta_v1666
[2026-08-27 16:49:25,159][openttl.online.tta_runner][INFO] - TTA sync LoRA -> SGLang name=tta_v1667 path=outputs/online_tta/online_tta_adapters/tta_v1667
[2026-08-27 16:49:26,954][openttl.online.tta_runner][INFO] - TTA sync LoRA -> SGLang name=tta_v1668 path=outputs/online_tta/online_tta_adapters/tta_v1668
[2026-08-27 16:49:28,647][openttl.online.tta_runner][INFO] - TTA sync LoRA -> SGLang name=tta_v1669 path=outputs/online_tta/online_tta_adapters/tta_v1669
[2026-08-27 16:49:30,364][openttl.online.tta_runner][INFO] - TTA sync LoRA -> SGLang name=tta_v1670 path=outputs/online_tta/online_tta_adapters/tta_v1670
[2026-08-27 16:49:32,079][openttl.online.tta_runner][INFO] - TTA sync LoRA -> SGLang name=tta_v1671 path=outputs/online_tta/online_tta_adapters/tta_v1671
[2026-08-27 16:49:33,958][openttl.online.tta_runner][INFO] - TTA sync LoRA -> SGLang name=tta_v1672 path=outputs/online_tta/online_tta_adapters/tta_v1672
[2026-08-27 16:49:35,533][openttl.online.tta_runner][INFO] - TTA sync LoRA -> SGLang name=tta_v1673 path=outputs/online_tta/online_tta_adapters/tta_v1673
[2026-08-27 16:49:37,105][openttl.online.tta_runner][INFO] - TTA sync LoRA -> SGLang name=tta_v1674 path=outputs/online_tta/online_tta_adapters/tta_v1674
[2026-08-27 16:49:38,864][openttl.online.tta_runner][INFO] - TTA sync LoRA -> SGLang name=tta_v1675 path=outputs/online_tta/online_tta_adapters/tta_v1675
[2026-08-27 16:49:40,557][openttl.online.tta_runner][INFO] - TTA sync LoRA -> SGLang name=tta_v1676 path=outputs/online_tta/online_tta_adapters/tta_v1676
[2026-08-27 16:49:42,247][openttl.online.tta_runner][INFO] - TTA sync LoRA -> SGLang name=tta_v1677 path=outputs/online_tta/online_tta_adapters/tta_v1677
[2026-08-27 16:49:43,814][openttl.online.tta_runner][INFO] - TTA sync LoRA -> SGLang name=tta_v1678 path=outputs/online_tta/online_tta_adapters/tta_v1678
[2026-08-27 16:49:45,386][openttl.online.tta_runner][INFO] - TTA sync LoRA -> SGLang name=tta_v1679 path=outputs/online_tta/online_tta_adapters/tta_v1679
[2026-08-27 16:49:47,060][openttl.online.tta_runner][INFO] - TTA sync LoRA -> SGLang name=tta_v1680 path=outputs/online_tta/online_tta_adapters/tta_v1680
[1680/4329] acc=0.5720 pred=D gold=A loss=1.6499485354870558e-05 (1.7s/sample)
[2026-08-27 16:49:48,753][openttl.online.tta_runner][INFO] - TTA sync LoRA -> SGLang name=tta_v1681 path=outputs/online_tta/online_tta_adapters/tta_v1681
[2026-08-27 16:49:50,453][openttl.online.tta_runner][INFO] - TTA sync LoRA -> SGLang name=tta_v1682 path=outputs/online_tta/online_tta_adapters/tta_v1682
[2026-08-27 16:49:52,179][openttl.online.tta_runner][INFO] - TTA sync LoRA -> SGLang name=tta_v1683 path=outputs/online_tta/online_tta_adapters/tta_v1683
[2026-08-27 16:49:53,866][openttl.online.tta_runner][INFO] - TTA sync LoRA -> SGLang name=tta_v1684 path=outputs/online_tta/online_tta_adapters/tta_v1684
[2026-08-27 16:49:55,577][openttl.online.tta_runner][INFO] - TTA sync LoRA -> SGLang name=tta_v1685 path=outputs/online_tta/online_tta_adapters/tta_v1685
[2026-08-27 16:49:57,266][openttl.online.tta_runner][INFO] - TTA sync LoRA -> SGLang name=tta_v1686 path=outputs/online_tta/online_tta_adapters/tta_v1686
[2026-08-27 16:49:58,841][openttl.online.tta_runner][INFO] - TTA sync LoRA -> SGLang name=tta_v1687 path=outputs/online_tta/online_tta_adapters/tta_v1687
[2026-08-27 16:50:00,571][openttl.online.tta_runner][INFO] - TTA sync LoRA -> SGLang name=tta_v1688 path=outputs/online_tta/online_tta_adapters/tta_v1688
[2026-08-27 16:50:02,139][openttl.online.tta_runner][INFO] - TTA sync LoRA -> SGLang name=tta_v1689 path=outputs/online_tta/online_tta_adapters/tta_v1689
[2026-08-27 16:50:03,753][openttl.online.tta_runner][INFO] - TTA sync LoRA -> SGLang name=tta_v1690 path=outputs/online_tta/online_tta_adapters/tta_v1690
[2026-08-27 16:50:05,295][openttl.online.tta_runner][INFO] - TTA sync LoRA -> SGLang name=tta_v1691 path=outputs/online_tta/online_tta_adapters/tta_v1691
[2026-08-27 16:50:06,849][openttl.online.tta_runner][INFO] - TTA sync LoRA -> SGLang name=tta_v1692 path=outputs/online_tta/online_tta_adapters/tta_v1692
[2026-08-27 16:50:08,437][openttl.online.tta_runner][INFO] - TTA sync LoRA -> SGLang name=tta_v1693 path=outputs/online_tta/online_tta_adapters/tta_v1693
[2026-08-27 16:50:10,124][openttl.online.tta_runner][INFO] - TTA sync LoRA -> SGLang name=tta_v1694 path=outputs/online_tta/online_tta_adapters/tta_v1694
[2026-08-27 16:50:11,812][openttl.online.tta_runner][INFO] - TTA sync LoRA -> SGLang name=tta_v1695 path=outputs/online_tta/online_tta_adapters/tta_v1695
[2026-08-27 16:50:13,488][openttl.online.tta_runner][INFO] - TTA sync LoRA -> SGLang name=tta_v1696 path=outputs/online_tta/online_tta_adapters/tta_v1696
[2026-08-27 16:50:15,169][openttl.online.tta_runner][INFO] - TTA sync LoRA -> SGLang name=tta_v1697 path=outputs/online_tta/online_tta_adapters/tta_v1697
[2026-08-27 16:50:16,835][openttl.online.tta_runner][INFO] - TTA sync LoRA -> SGLang name=tta_v1698 path=outputs/online_tta/online_tta_adapters/tta_v1698
[2026-08-27 16:50:18,497][openttl.online.tta_runner][INFO] - TTA sync LoRA -> SGLang name=tta_v1699 path=outputs/online_tta/online_tta_adapters/tta_v1699
[2026-08-27 16:50:20,198][openttl.online.tta_runner][INFO] - TTA sync LoRA -> SGLang name=tta_v1700 path=outputs/online_tta/online_tta_adapters/tta_v1700
[1700/4329] acc=0.5706 pred=D gold=B loss=1.478580179536948e-05 (1.7s/sample)
[2026-08-27 16:50:21,863][openttl.online.tta_runner][INFO] - TTA sync LoRA -> SGLang name=tta_v1701 path=outputs/online_tta/online_tta_adapters/tta_v1701
[2026-08-27 16:50:23,523][openttl.online.tta_runner][INFO] - TTA sync LoRA -> SGLang name=tta_v1702 path=outputs/online_tta/online_tta_adapters/tta_v1702
[2026-08-27 16:50:25,204][openttl.online.tta_runner][INFO] - TTA sync LoRA -> SGLang name=tta_v1703 path=outputs/online_tta/online_tta_adapters/tta_v1703
[2026-08-27 16:50:26,887][openttl.online.tta_runner][INFO] - TTA sync LoRA -> SGLang name=tta_v1704 path=outputs/online_tta/online_tta_adapters/tta_v1704
[2026-08-27 16:50:28,563][openttl.online.tta_runner][INFO] - TTA sync LoRA -> SGLang name=tta_v1705 path=outputs/online_tta/online_tta_adapters/tta_v1705
[2026-08-27 16:50:30,234][openttl.online.tta_runner][INFO] - TTA sync LoRA -> SGLang name=tta_v1706 path=outputs/online_tta/online_tta_adapters/tta_v1706
[2026-08-27 16:50:31,873][openttl.online.tta_runner][INFO] - TTA sync LoRA -> SGLang name=tta_v1707 path=outputs/online_tta/online_tta_adapters/tta_v1707
[2026-08-27 16:50:33,520][openttl.online.tta_runner][INFO] - TTA sync LoRA -> SGLang name=tta_v1708 path=outputs/online_tta/online_tta_adapters/tta_v1708
[2026-08-27 16:50:35,210][openttl.online.tta_runner][INFO] - TTA sync LoRA -> SGLang name=tta_v1709 path=outputs/online_tta/online_tta_adapters/tta_v1709
[2026-08-27 16:50:36,899][openttl.online.tta_runner][INFO] - TTA sync LoRA -> SGLang name=tta_v1710 path=outputs/online_tta/online_tta_adapters/tta_v1710
[2026-08-27 16:50:38,615][openttl.online.tta_runner][INFO] - TTA sync LoRA -> SGLang name=tta_v1711 path=outputs/online_tta/online_tta_adapters/tta_v1711
[2026-08-27 16:50:40,276][openttl.online.tta_runner][INFO] - TTA sync LoRA -> SGLang name=tta_v1712 path=outputs/online_tta/online_tta_adapters/tta_v1712
[2026-08-27 16:50:41,944][openttl.online.tta_runner][INFO] - TTA sync LoRA -> SGLang name=tta_v1713 path=outputs/online_tta/online_tta_adapters/tta_v1713
[2026-08-27 16:50:43,597][openttl.online.tta_runner][INFO] - TTA sync LoRA -> SGLang name=tta_v1714 path=outputs/online_tta/online_tta_adapters/tta_v1714
[2026-08-27 16:50:45,243][openttl.online.tta_runner][INFO] - TTA sync LoRA -> SGLang name=tta_v1715 path=outputs/online_tta/online_tta_adapters/tta_v1715
[2026-08-27 16:50:46,806][openttl.online.tta_runner][INFO] - TTA sync LoRA -> SGLang name=tta_v1716 path=outputs/online_tta/online_tta_adapters/tta_v1716
[2026-08-27 16:50:48,403][openttl.online.tta_runner][INFO] - TTA sync LoRA -> SGLang name=tta_v1717 path=outputs/online_tta/online_tta_adapters/tta_v1717
[2026-08-27 16:50:49,914][openttl.online.tta_runner][INFO] - TTA sync LoRA -> SGLang name=tta_v1718 path=outputs/online_tta/online_tta_adapters/tta_v1718
[2026-08-27 16:50:51,427][openttl.online.tta_runner][INFO] - TTA sync LoRA -> SGLang name=tta_v1719 path=outputs/online_tta/online_tta_adapters/tta_v1719
[2026-08-27 16:50:52,951][openttl.online.tta_runner][INFO] - TTA sync LoRA -> SGLang name=tta_v1720 path=outputs/online_tta/online_tta_adapters/tta_v1720
[1720/4329] acc=0.5669 pred=D gold=C loss=1.298441111430293e-05 (1.7s/sample)
[2026-08-27 16:50:54,520][openttl.online.tta_runner][INFO] - TTA sync LoRA -> SGLang name=tta_v1721 path=outputs/online_tta/online_tta_adapters/tta_v1721
[2026-08-27 16:50:56,132][openttl.online.tta_runner][INFO] - TTA sync LoRA -> SGLang name=tta_v1722 path=outputs/online_tta/online_tta_adapters/tta_v1722
[2026-08-27 16:50:57,749][openttl.online.tta_runner][INFO] - TTA sync LoRA -> SGLang name=tta_v1723 path=outputs/online_tta/online_tta_adapters/tta_v1723
[2026-08-27 16:50:59,459][openttl.online.tta_runner][INFO] - TTA sync LoRA -> SGLang name=tta_v1724 path=outputs/online_tta/online_tta_adapters/tta_v1724
[2026-08-27 16:51:01,118][openttl.online.tta_runner][INFO] - TTA sync LoRA -> SGLang name=tta_v1725 path=outputs/online_tta/online_tta_adapters/tta_v1725
[2026-08-27 16:51:02,831][openttl.online.tta_runner][INFO] - TTA sync LoRA -> SGLang name=tta_v1726 path=outputs/online_tta/online_tta_adapters/tta_v1726
[2026-08-27 16:51:04,521][openttl.online.tta_runner][INFO] - TTA sync LoRA -> SGLang name=tta_v1727 path=outputs/online_tta/online_tta_adapters/tta_v1727
[2026-08-27 16:51:06,218][openttl.online.tta_runner][INFO] - TTA sync LoRA -> SGLang name=tta_v1728 path=outputs/online_tta/online_tta_adapters/tta_v1728
[2026-08-27 16:51:07,944][openttl.online.tta_runner][INFO] - TTA sync LoRA -> SGLang name=tta_v1729 path=outputs/online_tta/online_tta_adapters/tta_v1729
[2026-08-27 16:51:09,592][openttl.online.tta_runner][INFO] - TTA sync LoRA -> SGLang name=tta_v1730 path=outputs/online_tta/online_tta_adapters/tta_v1730
[2026-08-27 16:51:11,273][openttl.online.tta_runner][INFO] - TTA sync LoRA -> SGLang name=tta_v1731 path=outputs/online_tta/online_tta_adapters/tta_v1731
[2026-08-27 16:51:12,918][openttl.online.tta_runner][INFO] - TTA sync LoRA -> SGLang name=tta_v1732 path=outputs/online_tta/online_tta_adapters/tta_v1732
[2026-08-27 16:51:14,449][openttl.online.tta_runner][INFO] - TTA sync LoRA -> SGLang name=tta_v1733 path=outputs/online_tta/online_tta_adapters/tta_v1733
[2026-08-27 16:51:16,120][openttl.online.tta_runner][INFO] - TTA sync LoRA -> SGLang name=tta_v1734 path=outputs/online_tta/online_tta_adapters/tta_v1734
[2026-08-27 16:51:17,769][openttl.online.tta_runner][INFO] - TTA sync LoRA -> SGLang name=tta_v1735 path=outputs/online_tta/online_tta_adapters/tta_v1735
[2026-08-27 16:51:19,429][openttl.online.tta_runner][INFO] - TTA sync LoRA -> SGLang name=tta_v1736 path=outputs/online_tta/online_tta_adapters/tta_v1736
[2026-08-27 16:51:21,081][openttl.online.tta_runner][INFO] - TTA sync LoRA -> SGLang name=tta_v1737 path=outputs/online_tta/online_tta_adapters/tta_v1737
[2026-08-27 16:51:22,723][openttl.online.tta_runner][INFO] - TTA sync LoRA -> SGLang name=tta_v1738 path=outputs/online_tta/online_tta_adapters/tta_v1738
[2026-08-27 16:51:24,397][openttl.online.tta_runner][INFO] - TTA sync LoRA -> SGLang name=tta_v1739 path=outputs/online_tta/online_tta_adapters/tta_v1739
[2026-08-27 16:51:26,079][openttl.online.tta_runner][INFO] - TTA sync LoRA -> SGLang name=tta_v1740 path=outputs/online_tta/online_tta_adapters/tta_v1740
[1740/4329] acc=0.5632 pred=D gold=D loss=5.554079507419374e-06 (1.7s/sample)
[2026-08-27 16:51:27,733][openttl.online.tta_runner][INFO] - TTA sync LoRA -> SGLang name=tta_v1741 path=outputs/online_tta/online_tta_adapters/tta_v1741
[2026-08-27 16:51:29,312][openttl.online.tta_runner][INFO] - TTA sync LoRA -> SGLang name=tta_v1742 path=outputs/online_tta/online_tta_adapters/tta_v1742
[2026-08-27 16:51:31,054][openttl.online.tta_runner][INFO] - TTA sync LoRA -> SGLang name=tta_v1743 path=outputs/online_tta/online_tta_adapters/tta_v1743
[2026-08-27 16:51:32,777][openttl.online.tta_runner][INFO] - TTA sync LoRA -> SGLang name=tta_v1744 path=outputs/online_tta/online_tta_adapters/tta_v1744
[2026-08-27 16:51:34,536][openttl.online.tta_runner][INFO] - TTA sync LoRA -> SGLang name=tta_v1745 path=outputs/online_tta/online_tta_adapters/tta_v1745
[2026-08-27 16:51:36,297][openttl.online.tta_runner][INFO] - TTA sync LoRA -> SGLang name=tta_v1746 path=outputs/online_tta/online_tta_adapters/tta_v1746
[2026-08-27 16:51:37,989][openttl.online.tta_runner][INFO] - TTA sync LoRA -> SGLang name=tta_v1747 path=outputs/online_tta/online_tta_adapters/tta_v1747
[2026-08-27 16:51:39,733][openttl.online.tta_runner][INFO] - TTA sync LoRA -> SGLang name=tta_v1748 path=outputs/online_tta/online_tta_adapters/tta_v1748
[2026-08-27 16:51:41,472][openttl.online.tta_runner][INFO] - TTA sync LoRA -> SGLang name=tta_v1749 path=outputs/online_tta/online_tta_adapters/tta_v1749
[2026-08-27 16:51:43,218][openttl.online.tta_runner][INFO] - TTA sync LoRA -> SGLang name=tta_v1750 path=outputs/online_tta/online_tta_adapters/tta_v1750
[2026-08-27 16:51:44,971][openttl.online.tta_runner][INFO] - TTA sync LoRA -> SGLang name=tta_v1751 path=outputs/online_tta/online_tta_adapters/tta_v1751
[2026-08-27 16:51:46,558][openttl.online.tta_runner][INFO] - TTA sync LoRA -> SGLang name=tta_v1752 path=outputs/online_tta/online_tta_adapters/tta_v1752
[2026-08-27 16:51:48,135][openttl.online.tta_runner][INFO] - TTA sync LoRA -> SGLang name=tta_v1753 path=outputs/online_tta/online_tta_adapters/tta_v1753
[2026-08-27 16:51:49,697][openttl.online.tta_runner][INFO] - TTA sync LoRA -> SGLang name=tta_v1754 path=outputs/online_tta/online_tta_adapters/tta_v1754
[2026-08-27 16:51:51,254][openttl.online.tta_runner][INFO] - TTA sync LoRA -> SGLang name=tta_v1755 path=outputs/online_tta/online_tta_adapters/tta_v1755
[2026-08-27 16:51:52,832][openttl.online.tta_runner][INFO] - TTA sync LoRA -> SGLang name=tta_v1756 path=outputs/online_tta/online_tta_adapters/tta_v1756
[2026-08-27 16:51:54,437][openttl.online.tta_runner][INFO] - TTA sync LoRA -> SGLang name=tta_v1757 path=outputs/online_tta/online_tta_adapters/tta_v1757
[2026-08-27 16:51:56,070][openttl.online.tta_runner][INFO] - TTA sync LoRA -> SGLang name=tta_v1758 path=outputs/online_tta/online_tta_adapters/tta_v1758
[2026-08-27 16:51:57,736][openttl.online.tta_runner][INFO] - TTA sync LoRA -> SGLang name=tta_v1759 path=outputs/online_tta/online_tta_adapters/tta_v1759
[2026-08-27 16:51:59,378][openttl.online.tta_runner][INFO] - TTA sync LoRA -> SGLang name=tta_v1760 path=outputs/online_tta/online_tta_adapters/tta_v1760
[1760/4329] acc=0.5597 pred=D gold=D loss=7.130719950509956e-06 (1.7s/sample)
[2026-08-27 16:52:01,159][openttl.online.tta_runner][INFO] - TTA sync LoRA -> SGLang name=tta_v1761 path=outputs/online_tta/online_tta_adapters/tta_v1761
[2026-08-27 16:52:02,983][openttl.online.tta_runner][INFO] - TTA sync LoRA -> SGLang name=tta_v1762 path=outputs/online_tta/online_tta_adapters/tta_v1762
[2026-08-27 16:52:04,724][openttl.online.tta_runner][INFO] - TTA sync LoRA -> SGLang name=tta_v1763 path=outputs/online_tta/online_tta_adapters/tta_v1763
[2026-08-27 16:52:06,371][openttl.online.tta_runner][INFO] - TTA sync LoRA -> SGLang name=tta_v1764 path=outputs/online_tta/online_tta_adapters/tta_v1764
[2026-08-27 16:52:08,102][openttl.online.tta_runner][INFO] - TTA sync LoRA -> SGLang name=tta_v1765 path=outputs/online_tta/online_tta_adapters/tta_v1765
[2026-08-27 16:52:09,798][openttl.online.tta_runner][INFO] - TTA sync LoRA -> SGLang name=tta_v1766 path=outputs/online_tta/online_tta_adapters/tta_v1766
[2026-08-27 16:52:11,543][openttl.online.tta_runner][INFO] - TTA sync LoRA -> SGLang name=tta_v1767 path=outputs/online_tta/online_tta_adapters/tta_v1767
[2026-08-27 16:52:13,284][openttl.online.tta_runner][INFO] - TTA sync LoRA -> SGLang name=tta_v1768 path=outputs/online_tta/online_tta_adapters/tta_v1768
[2026-08-27 16:52:15,028][openttl.online.tta_runner][INFO] - TTA sync LoRA -> SGLang name=tta_v1769 path=outputs/online_tta/online_tta_adapters/tta_v1769
[2026-08-27 16:52:16,762][openttl.online.tta_runner][INFO] - TTA sync LoRA -> SGLang name=tta_v1770 path=outputs/online_tta/online_tta_adapters/tta_v1770
[2026-08-27 16:52:18,520][openttl.online.tta_runner][INFO] - TTA sync LoRA -> SGLang name=tta_v1771 path=outputs/online_tta/online_tta_adapters/tta_v1771
[2026-08-27 16:52:20,284][openttl.online.tta_runner][INFO] - TTA sync LoRA -> SGLang name=tta_v1772 path=outputs/online_tta/online_tta_adapters/tta_v1772
[2026-08-27 16:52:21,947][openttl.online.tta_runner][INFO] - TTA sync LoRA -> SGLang name=tta_v1773 path=outputs/online_tta/online_tta_adapters/tta_v1773
[2026-08-27 16:52:23,698][openttl.online.tta_runner][INFO] - TTA sync LoRA -> SGLang name=tta_v1774 path=outputs/online_tta/online_tta_adapters/tta_v1774
[2026-08-27 16:52:25,428][openttl.online.tta_runner][INFO] - TTA sync LoRA -> SGLang name=tta_v1775 path=outputs/online_tta/online_tta_adapters/tta_v1775
[2026-08-27 16:52:27,077][openttl.online.tta_runner][INFO] - TTA sync LoRA -> SGLang name=tta_v1776 path=outputs/online_tta/online_tta_adapters/tta_v1776
[2026-08-27 16:52:28,737][openttl.online.tta_runner][INFO] - TTA sync LoRA -> SGLang name=tta_v1777 path=outputs/online_tta/online_tta_adapters/tta_v1777
[2026-08-27 16:52:30,381][openttl.online.tta_runner][INFO] - TTA sync LoRA -> SGLang name=tta_v1778 path=outputs/online_tta/online_tta_adapters/tta_v1778
[2026-08-27 16:52:32,027][openttl.online.tta_runner][INFO] - TTA sync LoRA -> SGLang name=tta_v1779 path=outputs/online_tta/online_tta_adapters/tta_v1779
[2026-08-27 16:52:33,758][openttl.online.tta_runner][INFO] - TTA sync LoRA -> SGLang name=tta_v1780 path=outputs/online_tta/online_tta_adapters/tta_v1780
[1780/4329] acc=0.5562 pred=D gold=D loss=6.27558802079875e-06 (1.7s/sample)
[2026-08-27 16:52:35,490][openttl.online.tta_runner][INFO] - TTA sync LoRA -> SGLang name=tta_v1781 path=outputs/online_tta/online_tta_adapters/tta_v1781
[2026-08-27 16:52:37,255][openttl.online.tta_runner][INFO] - TTA sync LoRA -> SGLang name=tta_v1782 path=outputs/online_tta/online_tta_adapters/tta_v1782
[2026-08-27 16:52:39,024][openttl.online.tta_runner][INFO] - TTA sync LoRA -> SGLang name=tta_v1783 path=outputs/online_tta/online_tta_adapters/tta_v1783
[2026-08-27 16:52:40,732][openttl.online.tta_runner][INFO] - TTA sync LoRA -> SGLang name=tta_v1784 path=outputs/online_tta/online_tta_adapters/tta_v1784
[2026-08-27 16:52:42,469][openttl.online.tta_runner][INFO] - TTA sync LoRA -> SGLang name=tta_v1785 path=outputs/online_tta/online_tta_adapters/tta_v1785
[2026-08-27 16:52:44,250][openttl.online.tta_runner][INFO] - TTA sync LoRA -> SGLang name=tta_v1786 path=outputs/online_tta/online_tta_adapters/tta_v1786
[2026-08-27 16:52:45,905][openttl.online.tta_runner][INFO] - TTA sync LoRA -> SGLang name=tta_v1787 path=outputs/online_tta/online_tta_adapters/tta_v1787
[2026-08-27 16:52:47,559][openttl.online.tta_runner][INFO] - TTA sync LoRA -> SGLang name=tta_v1788 path=outputs/online_tta/online_tta_adapters/tta_v1788
[2026-08-27 16:52:49,317][openttl.online.tta_runner][INFO] - TTA sync LoRA -> SGLang name=tta_v1789 path=outputs/online_tta/online_tta_adapters/tta_v1789
[2026-08-27 16:52:50,983][openttl.online.tta_runner][INFO] - TTA sync LoRA -> SGLang name=tta_v1790 path=outputs/online_tta/online_tta_adapters/tta_v1790
[2026-08-27 16:52:52,611][openttl.online.tta_runner][INFO] - TTA sync LoRA -> SGLang name=tta_v1791 path=outputs/online_tta/online_tta_adapters/tta_v1791
[2026-08-27 16:52:54,306][openttl.online.tta_runner][INFO] - TTA sync LoRA -> SGLang name=tta_v1792 path=outputs/online_tta/online_tta_adapters/tta_v1792
[2026-08-27 16:52:56,034][openttl.online.tta_runner][INFO] - TTA sync LoRA -> SGLang name=tta_v1793 path=outputs/online_tta/online_tta_adapters/tta_v1793
[2026-08-27 16:52:57,726][openttl.online.tta_runner][INFO] - TTA sync LoRA -> SGLang name=tta_v1794 path=outputs/online_tta/online_tta_adapters/tta_v1794
[2026-08-27 16:52:59,406][openttl.online.tta_runner][INFO] - TTA sync LoRA -> SGLang name=tta_v1795 path=outputs/online_tta/online_tta_adapters/tta_v1795
[2026-08-27 16:53:01,057][openttl.online.tta_runner][INFO] - TTA sync LoRA -> SGLang name=tta_v1796 path=outputs/online_tta/online_tta_adapters/tta_v1796
[2026-08-27 16:53:02,740][openttl.online.tta_runner][INFO] - TTA sync LoRA -> SGLang name=tta_v1797 path=outputs/online_tta/online_tta_adapters/tta_v1797
[2026-08-27 16:53:04,429][openttl.online.tta_runner][INFO] - TTA sync LoRA -> SGLang name=tta_v1798 path=outputs/online_tta/online_tta_adapters/tta_v1798
[2026-08-27 16:53:06,143][openttl.online.tta_runner][INFO] - TTA sync LoRA -> SGLang name=tta_v1799 path=outputs/online_tta/online_tta_adapters/tta_v1799
[2026-08-27 16:53:07,817][openttl.online.tta_runner][INFO] - TTA sync LoRA -> SGLang name=tta_v1800 path=outputs/online_tta/online_tta_adapters/tta_v1800
[1800/4329] acc=0.5522 pred=D gold=B loss=6.620001840929035e-06 (1.7s/sample)
[2026-08-27 16:53:09,473][openttl.online.tta_runner][INFO] - TTA sync LoRA -> SGLang name=tta_v1801 path=outputs/online_tta/online_tta_adapters/tta_v1801
[2026-08-27 16:53:11,049][openttl.online.tta_runner][INFO] - TTA sync LoRA -> SGLang name=tta_v1802 path=outputs/online_tta/online_tta_adapters/tta_v1802
[2026-08-27 16:53:12,524][openttl.online.tta_runner][INFO] - TTA sync LoRA -> SGLang name=tta_v1803 path=outputs/online_tta/online_tta_adapters/tta_v1803
[2026-08-27 16:53:14,184][openttl.online.tta_runner][INFO] - TTA sync LoRA -> SGLang name=tta_v1804 path=outputs/online_tta/online_tta_adapters/tta_v1804
[2026-08-27 16:53:15,842][openttl.online.tta_runner][INFO] - TTA sync LoRA -> SGLang name=tta_v1805 path=outputs/online_tta/online_tta_adapters/tta_v1805
[2026-08-27 16:53:17,500][openttl.online.tta_runner][INFO] - TTA sync LoRA -> SGLang name=tta_v1806 path=outputs/online_tta/online_tta_adapters/tta_v1806
[2026-08-27 16:53:19,178][openttl.online.tta_runner][INFO] - TTA sync LoRA -> SGLang name=tta_v1807 path=outputs/online_tta/online_tta_adapters/tta_v1807
[2026-08-27 16:53:20,852][openttl.online.tta_runner][INFO] - TTA sync LoRA -> SGLang name=tta_v1808 path=outputs/online_tta/online_tta_adapters/tta_v1808
[2026-08-27 16:53:22,592][openttl.online.tta_runner][INFO] - TTA sync LoRA -> SGLang name=tta_v1809 path=outputs/online_tta/online_tta_adapters/tta_v1809
[2026-08-27 16:53:24,338][openttl.online.tta_runner][INFO] - TTA sync LoRA -> SGLang name=tta_v1810 path=outputs/online_tta/online_tta_adapters/tta_v1810
[2026-08-27 16:53:26,060][openttl.online.tta_runner][INFO] - TTA sync LoRA -> SGLang name=tta_v1811 path=outputs/online_tta/online_tta_adapters/tta_v1811
[2026-08-27 16:53:27,698][openttl.online.tta_runner][INFO] - TTA sync LoRA -> SGLang name=tta_v1812 path=outputs/online_tta/online_tta_adapters/tta_v1812
[2026-08-27 16:53:29,422][openttl.online.tta_runner][INFO] - TTA sync LoRA -> SGLang name=tta_v1813 path=outputs/online_tta/online_tta_adapters/tta_v1813
[2026-08-27 16:53:31,252][openttl.online.tta_runner][INFO] - TTA sync LoRA -> SGLang name=tta_v1814 path=outputs/online_tta/online_tta_adapters/tta_v1814
[2026-08-27 16:53:32,915][openttl.online.tta_runner][INFO] - TTA sync LoRA -> SGLang name=tta_v1815 path=outputs/online_tta/online_tta_adapters/tta_v1815
[2026-08-27 16:53:34,631][openttl.online.tta_runner][INFO] - TTA sync LoRA -> SGLang name=tta_v1816 path=outputs/online_tta/online_tta_adapters/tta_v1816
[2026-08-27 16:53:36,398][openttl.online.tta_runner][INFO] - TTA sync LoRA -> SGLang name=tta_v1817 path=outputs/online_tta/online_tta_adapters/tta_v1817
[2026-08-27 16:53:38,111][openttl.online.tta_runner][INFO] - TTA sync LoRA -> SGLang name=tta_v1818 path=outputs/online_tta/online_tta_adapters/tta_v1818
[2026-08-27 16:53:39,783][openttl.online.tta_runner][INFO] - TTA sync LoRA -> SGLang name=tta_v1819 path=outputs/online_tta/online_tta_adapters/tta_v1819
[2026-08-27 16:53:41,518][openttl.online.tta_runner][INFO] - TTA sync LoRA -> SGLang name=tta_v1820 path=outputs/online_tta/online_tta_adapters/tta_v1820
[1820/4329] acc=0.5495 pred=D gold=A loss=6.2779581639915705e-06 (1.7s/sample)
[2026-08-27 16:53:43,175][openttl.online.tta_runner][INFO] - TTA sync LoRA -> SGLang name=tta_v1821 path=outputs/online_tta/online_tta_adapters/tta_v1821
[2026-08-27 16:53:44,974][openttl.online.tta_runner][INFO] - TTA sync LoRA -> SGLang name=tta_v1822 path=outputs/online_tta/online_tta_adapters/tta_v1822
[2026-08-27 16:53:46,706][openttl.online.tta_runner][INFO] - TTA sync LoRA -> SGLang name=tta_v1823 path=outputs/online_tta/online_tta_adapters/tta_v1823
[2026-08-27 16:53:48,554][openttl.online.tta_runner][INFO] - TTA sync LoRA -> SGLang name=tta_v1824 path=outputs/online_tta/online_tta_adapters/tta_v1824
[2026-08-27 16:53:50,146][openttl.online.tta_runner][INFO] - TTA sync LoRA -> SGLang name=tta_v1825 path=outputs/online_tta/online_tta_adapters/tta_v1825
[2026-08-27 16:53:51,824][openttl.online.tta_runner][INFO] - TTA sync LoRA -> SGLang name=tta_v1826 path=outputs/online_tta/online_tta_adapters/tta_v1826
[2026-08-27 16:53:53,570][openttl.online.tta_runner][INFO] - TTA sync LoRA -> SGLang name=tta_v1827 path=outputs/online_tta/online_tta_adapters/tta_v1827
[2026-08-27 16:53:55,325][openttl.online.tta_runner][INFO] - TTA sync LoRA -> SGLang name=tta_v1828 path=outputs/online_tta/online_tta_adapters/tta_v1828
[2026-08-27 16:53:56,996][openttl.online.tta_runner][INFO] - TTA sync LoRA -> SGLang name=tta_v1829 path=outputs/online_tta/online_tta_adapters/tta_v1829
[2026-08-27 16:53:58,691][openttl.online.tta_runner][INFO] - TTA sync LoRA -> SGLang name=tta_v1830 path=outputs/online_tta/online_tta_adapters/tta_v1830
[2026-08-27 16:54:00,360][openttl.online.tta_runner][INFO] - TTA sync LoRA -> SGLang name=tta_v1831 path=outputs/online_tta/online_tta_adapters/tta_v1831
[2026-08-27 16:54:02,024][openttl.online.tta_runner][INFO] - TTA sync LoRA -> SGLang name=tta_v1832 path=outputs/online_tta/online_tta_adapters/tta_v1832
[2026-08-27 16:54:03,695][openttl.online.tta_runner][INFO] - TTA sync LoRA -> SGLang name=tta_v1833 path=outputs/online_tta/online_tta_adapters/tta_v1833
[2026-08-27 16:54:05,353][openttl.online.tta_runner][INFO] - TTA sync LoRA -> SGLang name=tta_v1834 path=outputs/online_tta/online_tta_adapters/tta_v1834
[2026-08-27 16:54:06,999][openttl.online.tta_runner][INFO] - TTA sync LoRA -> SGLang name=tta_v1835 path=outputs/online_tta/online_tta_adapters/tta_v1835
[2026-08-27 16:54:08,656][openttl.online.tta_runner][INFO] - TTA sync LoRA -> SGLang name=tta_v1836 path=outputs/online_tta/online_tta_adapters/tta_v1836
[2026-08-27 16:54:10,417][openttl.online.tta_runner][INFO] - TTA sync LoRA -> SGLang name=tta_v1837 path=outputs/online_tta/online_tta_adapters/tta_v1837
[2026-08-27 16:54:12,110][openttl.online.tta_runner][INFO] - TTA sync LoRA -> SGLang name=tta_v1838 path=outputs/online_tta/online_tta_adapters/tta_v1838
[2026-08-27 16:54:13,815][openttl.online.tta_runner][INFO] - TTA sync LoRA -> SGLang name=tta_v1839 path=outputs/online_tta/online_tta_adapters/tta_v1839
[2026-08-27 16:54:15,471][openttl.online.tta_runner][INFO] - TTA sync LoRA -> SGLang name=tta_v1840 path=outputs/online_tta/online_tta_adapters/tta_v1840
[1840/4329] acc=0.5484 pred=D gold=C loss=4.360480306786485e-05 (1.7s/sample)
[2026-08-27 16:54:17,159][openttl.online.tta_runner][INFO] - TTA sync LoRA -> SGLang name=tta_v1841 path=outputs/online_tta/online_tta_adapters/tta_v1841
[2026-08-27 16:54:18,840][openttl.online.tta_runner][INFO] - TTA sync LoRA -> SGLang name=tta_v1842 path=outputs/online_tta/online_tta_adapters/tta_v1842
[2026-08-27 16:54:20,482][openttl.online.tta_runner][INFO] - TTA sync LoRA -> SGLang name=tta_v1843 path=outputs/online_tta/online_tta_adapters/tta_v1843
[2026-08-27 16:54:22,147][openttl.online.tta_runner][INFO] - TTA sync LoRA -> SGLang name=tta_v1844 path=outputs/online_tta/online_tta_adapters/tta_v1844
[2026-08-27 16:54:23,861][openttl.online.tta_runner][INFO] - TTA sync LoRA -> SGLang name=tta_v1845 path=outputs/online_tta/online_tta_adapters/tta_v1845
[2026-08-27 16:54:25,518][openttl.online.tta_runner][INFO] - TTA sync LoRA -> SGLang name=tta_v1846 path=outputs/online_tta/online_tta_adapters/tta_v1846
[2026-08-27 16:54:27,219][openttl.online.tta_runner][INFO] - TTA sync LoRA -> SGLang name=tta_v1847 path=outputs/online_tta/online_tta_adapters/tta_v1847
[2026-08-27 16:54:28,912][openttl.online.tta_runner][INFO] - TTA sync LoRA -> SGLang name=tta_v1848 path=outputs/online_tta/online_tta_adapters/tta_v1848
[2026-08-27 16:54:30,561][openttl.online.tta_runner][INFO] - TTA sync LoRA -> SGLang name=tta_v1849 path=outputs/online_tta/online_tta_adapters/tta_v1849
[2026-08-27 16:54:32,251][openttl.online.tta_runner][INFO] - TTA sync LoRA -> SGLang name=tta_v1850 path=outputs/online_tta/online_tta_adapters/tta_v1850
[2026-08-27 16:54:33,939][openttl.online.tta_runner][INFO] - TTA sync LoRA -> SGLang name=tta_v1851 path=outputs/online_tta/online_tta_adapters/tta_v1851
[2026-08-27 16:54:35,601][openttl.online.tta_runner][INFO] - TTA sync LoRA -> SGLang name=tta_v1852 path=outputs/online_tta/online_tta_adapters/tta_v1852
[2026-08-27 16:54:37,285][openttl.online.tta_runner][INFO] - TTA sync LoRA -> SGLang name=tta_v1853 path=outputs/online_tta/online_tta_adapters/tta_v1853
[2026-08-27 16:54:39,025][openttl.online.tta_runner][INFO] - TTA sync LoRA -> SGLang name=tta_v1854 path=outputs/online_tta/online_tta_adapters/tta_v1854
[2026-08-27 16:54:40,708][openttl.online.tta_runner][INFO] - TTA sync LoRA -> SGLang name=tta_v1855 path=outputs/online_tta/online_tta_adapters/tta_v1855
[2026-08-27 16:54:42,253][openttl.online.tta_runner][INFO] - TTA sync LoRA -> SGLang name=tta_v1856 path=outputs/online_tta/online_tta_adapters/tta_v1856
[2026-08-27 16:54:43,802][openttl.online.tta_runner][INFO] - TTA sync LoRA -> SGLang name=tta_v1857 path=outputs/online_tta/online_tta_adapters/tta_v1857
[2026-08-27 16:54:45,494][openttl.online.tta_runner][INFO] - TTA sync LoRA -> SGLang name=tta_v1858 path=outputs/online_tta/online_tta_adapters/tta_v1858
[2026-08-27 16:54:47,163][openttl.online.tta_runner][INFO] - TTA sync LoRA -> SGLang name=tta_v1859 path=outputs/online_tta/online_tta_adapters/tta_v1859
[2026-08-27 16:54:48,826][openttl.online.tta_runner][INFO] - TTA sync LoRA -> SGLang name=tta_v1860 path=outputs/online_tta/online_tta_adapters/tta_v1860
[1860/4329] acc=0.5446 pred=D gold=B loss=5.3418352763401344e-06 (1.7s/sample)
[2026-08-27 16:54:50,494][openttl.online.tta_runner][INFO] - TTA sync LoRA -> SGLang name=tta_v1861 path=outputs/online_tta/online_tta_adapters/tta_v1861
[2026-08-27 16:54:52,161][openttl.online.tta_runner][INFO] - TTA sync LoRA -> SGLang name=tta_v1862 path=outputs/online_tta/online_tta_adapters/tta_v1862
[2026-08-27 16:54:53,805][openttl.online.tta_runner][INFO] - TTA sync LoRA -> SGLang name=tta_v1863 path=outputs/online_tta/online_tta_adapters/tta_v1863
[2026-08-27 16:54:55,465][openttl.online.tta_runner][INFO] - TTA sync LoRA -> SGLang name=tta_v1864 path=outputs/online_tta/online_tta_adapters/tta_v1864
[2026-08-27 16:54:57,118][openttl.online.tta_runner][INFO] - TTA sync LoRA -> SGLang name=tta_v1865 path=outputs/online_tta/online_tta_adapters/tta_v1865
[2026-08-27 16:54:58,860][openttl.online.tta_runner][INFO] - TTA sync LoRA -> SGLang name=tta_v1866 path=outputs/online_tta/online_tta_adapters/tta_v1866
[2026-08-27 16:55:00,524][openttl.online.tta_runner][INFO] - TTA sync LoRA -> SGLang name=tta_v1867 path=outputs/online_tta/online_tta_adapters/tta_v1867
[2026-08-27 16:55:02,184][openttl.online.tta_runner][INFO] - TTA sync LoRA -> SGLang name=tta_v1868 path=outputs/online_tta/online_tta_adapters/tta_v1868
[2026-08-27 16:55:03,856][openttl.online.tta_runner][INFO] - TTA sync LoRA -> SGLang name=tta_v1869 path=outputs/online_tta/online_tta_adapters/tta_v1869
[2026-08-27 16:55:05,508][openttl.online.tta_runner][INFO] - TTA sync LoRA -> SGLang name=tta_v1870 path=outputs/online_tta/online_tta_adapters/tta_v1870
[2026-08-27 16:55:07,163][openttl.online.tta_runner][INFO] - TTA sync LoRA -> SGLang name=tta_v1871 path=outputs/online_tta/online_tta_adapters/tta_v1871
[2026-08-27 16:55:08,822][openttl.online.tta_runner][INFO] - TTA sync LoRA -> SGLang name=tta_v1872 path=outputs/online_tta/online_tta_adapters/tta_v1872
[2026-08-27 16:55:10,490][openttl.online.tta_runner][INFO] - TTA sync LoRA -> SGLang name=tta_v1873 path=outputs/online_tta/online_tta_adapters/tta_v1873
[2026-08-27 16:55:12,182][openttl.online.tta_runner][INFO] - TTA sync LoRA -> SGLang name=tta_v1874 path=outputs/online_tta/online_tta_adapters/tta_v1874
[2026-08-27 16:55:13,845][openttl.online.tta_runner][INFO] - TTA sync LoRA -> SGLang name=tta_v1875 path=outputs/online_tta/online_tta_adapters/tta_v1875
[2026-08-27 16:55:15,484][openttl.online.tta_runner][INFO] - TTA sync LoRA -> SGLang name=tta_v1876 path=outputs/online_tta/online_tta_adapters/tta_v1876
[2026-08-27 16:55:17,200][openttl.online.tta_runner][INFO] - TTA sync LoRA -> SGLang name=tta_v1877 path=outputs/online_tta/online_tta_adapters/tta_v1877
[2026-08-27 16:55:18,870][openttl.online.tta_runner][INFO] - TTA sync LoRA -> SGLang name=tta_v1878 path=outputs/online_tta/online_tta_adapters/tta_v1878
[2026-08-27 16:55:20,524][openttl.online.tta_runner][INFO] - TTA sync LoRA -> SGLang name=tta_v1879 path=outputs/online_tta/online_tta_adapters/tta_v1879
[2026-08-27 16:55:22,197][openttl.online.tta_runner][INFO] - TTA sync LoRA -> SGLang name=tta_v1880 path=outputs/online_tta/online_tta_adapters/tta_v1880
[1880/4329] acc=0.5420 pred=D gold=B loss=5.169415089767426e-06 (1.7s/sample)
[2026-08-27 16:55:23,847][openttl.online.tta_runner][INFO] - TTA sync LoRA -> SGLang name=tta_v1881 path=outputs/online_tta/online_tta_adapters/tta_v1881
[2026-08-27 16:55:25,518][openttl.online.tta_runner][INFO] - TTA sync LoRA -> SGLang name=tta_v1882 path=outputs/online_tta/online_tta_adapters/tta_v1882
[2026-08-27 16:55:27,191][openttl.online.tta_runner][INFO] - TTA sync LoRA -> SGLang name=tta_v1883 path=outputs/online_tta/online_tta_adapters/tta_v1883
[2026-08-27 16:55:28,850][openttl.online.tta_runner][INFO] - TTA sync LoRA -> SGLang name=tta_v1884 path=outputs/online_tta/online_tta_adapters/tta_v1884
[2026-08-27 16:55:30,519][openttl.online.tta_runner][INFO] - TTA sync LoRA -> SGLang name=tta_v1885 path=outputs/online_tta/online_tta_adapters/tta_v1885
[2026-08-27 16:55:32,225][openttl.online.tta_runner][INFO] - TTA sync LoRA -> SGLang name=tta_v1886 path=outputs/online_tta/online_tta_adapters/tta_v1886
[2026-08-27 16:55:33,822][openttl.online.tta_runner][INFO] - TTA sync LoRA -> SGLang name=tta_v1887 path=outputs/online_tta/online_tta_adapters/tta_v1887
[2026-08-27 16:55:35,485][openttl.online.tta_runner][INFO] - TTA sync LoRA -> SGLang name=tta_v1888 path=outputs/online_tta/online_tta_adapters/tta_v1888
[2026-08-27 16:55:37,146][openttl.online.tta_runner][INFO] - TTA sync LoRA -> SGLang name=tta_v1889 path=outputs/online_tta/online_tta_adapters/tta_v1889
[2026-08-27 16:55:38,831][openttl.online.tta_runner][INFO] - TTA sync LoRA -> SGLang name=tta_v1890 path=outputs/online_tta/online_tta_adapters/tta_v1890
[2026-08-27 16:55:40,477][openttl.online.tta_runner][INFO] - TTA sync LoRA -> SGLang name=tta_v1891 path=outputs/online_tta/online_tta_adapters/tta_v1891
[2026-08-27 16:55:42,235][openttl.online.tta_runner][INFO] - TTA sync LoRA -> SGLang name=tta_v1892 path=outputs/online_tta/online_tta_adapters/tta_v1892
[2026-08-27 16:55:44,000][openttl.online.tta_runner][INFO] - TTA sync LoRA -> SGLang name=tta_v1893 path=outputs/online_tta/online_tta_adapters/tta_v1893
[2026-08-27 16:55:45,534][openttl.online.tta_runner][INFO] - TTA sync LoRA -> SGLang name=tta_v1894 path=outputs/online_tta/online_tta_adapters/tta_v1894
[2026-08-27 16:55:47,311][openttl.online.tta_runner][INFO] - TTA sync LoRA -> SGLang name=tta_v1895 path=outputs/online_tta/online_tta_adapters/tta_v1895
[2026-08-27 16:55:49,072][openttl.online.tta_runner][INFO] - TTA sync LoRA -> SGLang name=tta_v1896 path=outputs/online_tta/online_tta_adapters/tta_v1896
[2026-08-27 16:55:50,723][openttl.online.tta_runner][INFO] - TTA sync LoRA -> SGLang name=tta_v1897 path=outputs/online_tta/online_tta_adapters/tta_v1897
[2026-08-27 16:55:52,461][openttl.online.tta_runner][INFO] - TTA sync LoRA -> SGLang name=tta_v1898 path=outputs/online_tta/online_tta_adapters/tta_v1898
[2026-08-27 16:55:54,258][openttl.online.tta_runner][INFO] - TTA sync LoRA -> SGLang name=tta_v1899 path=outputs/online_tta/online_tta_adapters/tta_v1899
[2026-08-27 16:55:55,942][openttl.online.tta_runner][INFO] - TTA sync LoRA -> SGLang name=tta_v1900 path=outputs/online_tta/online_tta_adapters/tta_v1900
[1900/4329] acc=0.5379 pred=D gold=A loss=4.5945430429128464e-06 (1.7s/sample)
[2026-08-27 16:55:57,703][openttl.online.tta_runner][INFO] - TTA sync LoRA -> SGLang name=tta_v1901 path=outputs/online_tta/online_tta_adapters/tta_v1901
[2026-08-27 16:55:59,487][openttl.online.tta_runner][INFO] - TTA sync LoRA -> SGLang name=tta_v1902 path=outputs/online_tta/online_tta_adapters/tta_v1902
[2026-08-27 16:56:01,052][openttl.online.tta_runner][INFO] - TTA sync LoRA -> SGLang name=tta_v1903 path=outputs/online_tta/online_tta_adapters/tta_v1903
[2026-08-27 16:56:02,710][openttl.online.tta_runner][INFO] - TTA sync LoRA -> SGLang name=tta_v1904 path=outputs/online_tta/online_tta_adapters/tta_v1904
[2026-08-27 16:56:04,378][openttl.online.tta_runner][INFO] - TTA sync LoRA -> SGLang name=tta_v1905 path=outputs/online_tta/online_tta_adapters/tta_v1905
[2026-08-27 16:56:06,124][openttl.online.tta_runner][INFO] - TTA sync LoRA -> SGLang name=tta_v1906 path=outputs/online_tta/online_tta_adapters/tta_v1906
[2026-08-27 16:56:07,920][openttl.online.tta_runner][INFO] - TTA sync LoRA -> SGLang name=tta_v1907 path=outputs/online_tta/online_tta_adapters/tta_v1907
[2026-08-27 16:56:09,619][openttl.online.tta_runner][INFO] - TTA sync LoRA -> SGLang name=tta_v1908 path=outputs/online_tta/online_tta_adapters/tta_v1908
[2026-08-27 16:56:11,379][openttl.online.tta_runner][INFO] - TTA sync LoRA -> SGLang name=tta_v1909 path=outputs/online_tta/online_tta_adapters/tta_v1909
[2026-08-27 16:56:13,053][openttl.online.tta_runner][INFO] - TTA sync LoRA -> SGLang name=tta_v1910 path=outputs/online_tta/online_tta_adapters/tta_v1910
[2026-08-27 16:56:14,770][openttl.online.tta_runner][INFO] - TTA sync LoRA -> SGLang name=tta_v1911 path=outputs/online_tta/online_tta_adapters/tta_v1911
[2026-08-27 16:56:16,517][openttl.online.tta_runner][INFO] - TTA sync LoRA -> SGLang name=tta_v1912 path=outputs/online_tta/online_tta_adapters/tta_v1912
[2026-08-27 16:56:18,152][openttl.online.tta_runner][INFO] - TTA sync LoRA -> SGLang name=tta_v1913 path=outputs/online_tta/online_tta_adapters/tta_v1913
[2026-08-27 16:56:19,908][openttl.online.tta_runner][INFO] - TTA sync LoRA -> SGLang name=tta_v1914 path=outputs/online_tta/online_tta_adapters/tta_v1914
[2026-08-27 16:56:21,561][openttl.online.tta_runner][INFO] - TTA sync LoRA -> SGLang name=tta_v1915 path=outputs/online_tta/online_tta_adapters/tta_v1915
[2026-08-27 16:56:23,339][openttl.online.tta_runner][INFO] - TTA sync LoRA -> SGLang name=tta_v1916 path=outputs/online_tta/online_tta_adapters/tta_v1916
[2026-08-27 16:56:24,850][openttl.online.tta_runner][INFO] - TTA sync LoRA -> SGLang name=tta_v1917 path=outputs/online_tta/online_tta_adapters/tta_v1917
[2026-08-27 16:56:26,340][openttl.online.tta_runner][INFO] - TTA sync LoRA -> SGLang name=tta_v1918 path=outputs/online_tta/online_tta_adapters/tta_v1918
[2026-08-27 16:56:27,838][openttl.online.tta_runner][INFO] - TTA sync LoRA -> SGLang name=tta_v1919 path=outputs/online_tta/online_tta_adapters/tta_v1919
[2026-08-27 16:56:29,424][openttl.online.tta_runner][INFO] - TTA sync LoRA -> SGLang name=tta_v1920 path=outputs/online_tta/online_tta_adapters/tta_v1920
[1920/4329] acc=0.5339 pred=D gold=D loss=6.273731742112432e-06 (1.7s/sample)
[2026-08-27 16:56:30,985][openttl.online.tta_runner][INFO] - TTA sync LoRA -> SGLang name=tta_v1921 path=outputs/online_tta/online_tta_adapters/tta_v1921
[2026-08-27 16:56:32,573][openttl.online.tta_runner][INFO] - TTA sync LoRA -> SGLang name=tta_v1922 path=outputs/online_tta/online_tta_adapters/tta_v1922
[2026-08-27 16:56:34,173][openttl.online.tta_runner][INFO] - TTA sync LoRA -> SGLang name=tta_v1923 path=outputs/online_tta/online_tta_adapters/tta_v1923
[2026-08-27 16:56:35,801][openttl.online.tta_runner][INFO] - TTA sync LoRA -> SGLang name=tta_v1924 path=outputs/online_tta/online_tta_adapters/tta_v1924
[2026-08-27 16:56:37,381][openttl.online.tta_runner][INFO] - TTA sync LoRA -> SGLang name=tta_v1925 path=outputs/online_tta/online_tta_adapters/tta_v1925
[2026-08-27 16:56:38,998][openttl.online.tta_runner][INFO] - TTA sync LoRA -> SGLang name=tta_v1926 path=outputs/online_tta/online_tta_adapters/tta_v1926
[2026-08-27 16:56:40,766][openttl.online.tta_runner][INFO] - TTA sync LoRA -> SGLang name=tta_v1927 path=outputs/online_tta/online_tta_adapters/tta_v1927
[2026-08-27 16:56:42,501][openttl.online.tta_runner][INFO] - TTA sync LoRA -> SGLang name=tta_v1928 path=outputs/online_tta/online_tta_adapters/tta_v1928
[2026-08-27 16:56:44,291][openttl.online.tta_runner][INFO] - TTA sync LoRA -> SGLang name=tta_v1929 path=outputs/online_tta/online_tta_adapters/tta_v1929
[2026-08-27 16:56:45,990][openttl.online.tta_runner][INFO] - TTA sync LoRA -> SGLang name=tta_v1930 path=outputs/online_tta/online_tta_adapters/tta_v1930
[2026-08-27 16:56:47,688][openttl.online.tta_runner][INFO] - TTA sync LoRA -> SGLang name=tta_v1931 path=outputs/online_tta/online_tta_adapters/tta_v1931
[2026-08-27 16:56:49,481][openttl.online.tta_runner][INFO] - TTA sync LoRA -> SGLang name=tta_v1932 path=outputs/online_tta/online_tta_adapters/tta_v1932
[2026-08-27 16:56:51,157][openttl.online.tta_runner][INFO] - TTA sync LoRA -> SGLang name=tta_v1933 path=outputs/online_tta/online_tta_adapters/tta_v1933
[2026-08-27 16:56:52,962][openttl.online.tta_runner][INFO] - TTA sync LoRA -> SGLang name=tta_v1934 path=outputs/online_tta/online_tta_adapters/tta_v1934
[2026-08-27 16:56:54,693][openttl.online.tta_runner][INFO] - TTA sync LoRA -> SGLang name=tta_v1935 path=outputs/online_tta/online_tta_adapters/tta_v1935
[2026-08-27 16:56:56,447][openttl.online.tta_runner][INFO] - TTA sync LoRA -> SGLang name=tta_v1936 path=outputs/online_tta/online_tta_adapters/tta_v1936
[2026-08-27 16:56:58,291][openttl.online.tta_runner][INFO] - TTA sync LoRA -> SGLang name=tta_v1937 path=outputs/online_tta/online_tta_adapters/tta_v1937
[2026-08-27 16:57:00,214][openttl.online.tta_runner][INFO] - TTA sync LoRA -> SGLang name=tta_v1938 path=outputs/online_tta/online_tta_adapters/tta_v1938
[2026-08-27 16:57:02,071][openttl.online.tta_runner][INFO] - TTA sync LoRA -> SGLang name=tta_v1939 path=outputs/online_tta/online_tta_adapters/tta_v1939
[2026-08-27 16:57:04,031][openttl.online.tta_runner][INFO] - TTA sync LoRA -> SGLang name=tta_v1940 path=outputs/online_tta/online_tta_adapters/tta_v1940
[1940/4329] acc=0.5320 pred=D gold=B loss=5.2414216042961925e-06 (1.7s/sample)
[2026-08-27 16:57:05,996][openttl.online.tta_runner][INFO] - TTA sync LoRA -> SGLang name=tta_v1941 path=outputs/online_tta/online_tta_adapters/tta_v1941
[2026-08-27 16:57:07,930][openttl.online.tta_runner][INFO] - TTA sync LoRA -> SGLang name=tta_v1942 path=outputs/online_tta/online_tta_adapters/tta_v1942
[2026-08-27 16:57:09,876][openttl.online.tta_runner][INFO] - TTA sync LoRA -> SGLang name=tta_v1943 path=outputs/online_tta/online_tta_adapters/tta_v1943
[2026-08-27 16:57:11,840][openttl.online.tta_runner][INFO] - TTA sync LoRA -> SGLang name=tta_v1944 path=outputs/online_tta/online_tta_adapters/tta_v1944
[2026-08-27 16:57:13,763][openttl.online.tta_runner][INFO] - TTA sync LoRA -> SGLang name=tta_v1945 path=outputs/online_tta/online_tta_adapters/tta_v1945
[2026-08-27 16:57:15,677][openttl.online.tta_runner][INFO] - TTA sync LoRA -> SGLang name=tta_v1946 path=outputs/online_tta/online_tta_adapters/tta_v1946
[2026-08-27 16:57:17,651][openttl.online.tta_runner][INFO] - TTA sync LoRA -> SGLang name=tta_v1947 path=outputs/online_tta/online_tta_adapters/tta_v1947
[2026-08-27 16:57:19,588][openttl.online.tta_runner][INFO] - TTA sync LoRA -> SGLang name=tta_v1948 path=outputs/online_tta/online_tta_adapters/tta_v1948
[2026-08-27 16:57:21,537][openttl.online.tta_runner][INFO] - TTA sync LoRA -> SGLang name=tta_v1949 path=outputs/online_tta/online_tta_adapters/tta_v1949
[2026-08-27 16:57:23,492][openttl.online.tta_runner][INFO] - TTA sync LoRA -> SGLang name=tta_v1950 path=outputs/online_tta/online_tta_adapters/tta_v1950
[2026-08-27 16:57:25,468][openttl.online.tta_runner][INFO] - TTA sync LoRA -> SGLang name=tta_v1951 path=outputs/online_tta/online_tta_adapters/tta_v1951
[2026-08-27 16:57:27,428][openttl.online.tta_runner][INFO] - TTA sync LoRA -> SGLang name=tta_v1952 path=outputs/online_tta/online_tta_adapters/tta_v1952
[2026-08-27 16:57:29,285][openttl.online.tta_runner][INFO] - TTA sync LoRA -> SGLang name=tta_v1953 path=outputs/online_tta/online_tta_adapters/tta_v1953
[2026-08-27 16:57:31,149][openttl.online.tta_runner][INFO] - TTA sync LoRA -> SGLang name=tta_v1954 path=outputs/online_tta/online_tta_adapters/tta_v1954
[2026-08-27 16:57:33,078][openttl.online.tta_runner][INFO] - TTA sync LoRA -> SGLang name=tta_v1955 path=outputs/online_tta/online_tta_adapters/tta_v1955
[2026-08-27 16:57:34,926][openttl.online.tta_runner][INFO] - TTA sync LoRA -> SGLang name=tta_v1956 path=outputs/online_tta/online_tta_adapters/tta_v1956
[2026-08-27 16:57:36,764][openttl.online.tta_runner][INFO] - TTA sync LoRA -> SGLang name=tta_v1957 path=outputs/online_tta/online_tta_adapters/tta_v1957
[2026-08-27 16:57:38,625][openttl.online.tta_runner][INFO] - TTA sync LoRA -> SGLang name=tta_v1958 path=outputs/online_tta/online_tta_adapters/tta_v1958
[2026-08-27 16:57:40,483][openttl.online.tta_runner][INFO] - TTA sync LoRA -> SGLang name=tta_v1959 path=outputs/online_tta/online_tta_adapters/tta_v1959
[2026-08-27 16:57:42,343][openttl.online.tta_runner][INFO] - TTA sync LoRA -> SGLang name=tta_v1960 path=outputs/online_tta/online_tta_adapters/tta_v1960
[1960/4329] acc=0.5311 pred=D gold=A loss=6.977111752348719e-06 (1.7s/sample)
[2026-08-27 16:57:44,178][openttl.online.tta_runner][INFO] - TTA sync LoRA -> SGLang name=tta_v1961 path=outputs/online_tta/online_tta_adapters/tta_v1961
[2026-08-27 16:57:45,991][openttl.online.tta_runner][INFO] - TTA sync LoRA -> SGLang name=tta_v1962 path=outputs/online_tta/online_tta_adapters/tta_v1962
[2026-08-27 16:57:47,813][openttl.online.tta_runner][INFO] - TTA sync LoRA -> SGLang name=tta_v1963 path=outputs/online_tta/online_tta_adapters/tta_v1963
[2026-08-27 16:57:49,667][openttl.online.tta_runner][INFO] - TTA sync LoRA -> SGLang name=tta_v1964 path=outputs/online_tta/online_tta_adapters/tta_v1964
[2026-08-27 16:57:51,532][openttl.online.tta_runner][INFO] - TTA sync LoRA -> SGLang name=tta_v1965 path=outputs/online_tta/online_tta_adapters/tta_v1965
[2026-08-27 16:57:53,383][openttl.online.tta_runner][INFO] - TTA sync LoRA -> SGLang name=tta_v1966 path=outputs/online_tta/online_tta_adapters/tta_v1966
[2026-08-27 16:57:55,198][openttl.online.tta_runner][INFO] - TTA sync LoRA -> SGLang name=tta_v1967 path=outputs/online_tta/online_tta_adapters/tta_v1967
[2026-08-27 16:57:57,086][openttl.online.tta_runner][INFO] - TTA sync LoRA -> SGLang name=tta_v1968 path=outputs/online_tta/online_tta_adapters/tta_v1968
[2026-08-27 16:57:58,948][openttl.online.tta_runner][INFO] - TTA sync LoRA -> SGLang name=tta_v1969 path=outputs/online_tta/online_tta_adapters/tta_v1969
[2026-08-27 16:58:00,773][openttl.online.tta_runner][INFO] - TTA sync LoRA -> SGLang name=tta_v1970 path=outputs/online_tta/online_tta_adapters/tta_v1970
[2026-08-27 16:58:02,597][openttl.online.tta_runner][INFO] - TTA sync LoRA -> SGLang name=tta_v1971 path=outputs/online_tta/online_tta_adapters/tta_v1971
[2026-08-27 16:58:04,425][openttl.online.tta_runner][INFO] - TTA sync LoRA -> SGLang name=tta_v1972 path=outputs/online_tta/online_tta_adapters/tta_v1972
[2026-08-27 16:58:06,362][openttl.online.tta_runner][INFO] - TTA sync LoRA -> SGLang name=tta_v1973 path=outputs/online_tta/online_tta_adapters/tta_v1973
[2026-08-27 16:58:08,315][openttl.online.tta_runner][INFO] - TTA sync LoRA -> SGLang name=tta_v1974 path=outputs/online_tta/online_tta_adapters/tta_v1974
[2026-08-27 16:58:10,240][openttl.online.tta_runner][INFO] - TTA sync LoRA -> SGLang name=tta_v1975 path=outputs/online_tta/online_tta_adapters/tta_v1975
[2026-08-27 16:58:12,039][openttl.online.tta_runner][INFO] - TTA sync LoRA -> SGLang name=tta_v1976 path=outputs/online_tta/online_tta_adapters/tta_v1976
[2026-08-27 16:58:13,765][openttl.online.tta_runner][INFO] - TTA sync LoRA -> SGLang name=tta_v1977 path=outputs/online_tta/online_tta_adapters/tta_v1977
[2026-08-27 16:58:15,511][openttl.online.tta_runner][INFO] - TTA sync LoRA -> SGLang name=tta_v1978 path=outputs/online_tta/online_tta_adapters/tta_v1978
[2026-08-27 16:58:17,361][openttl.online.tta_runner][INFO] - TTA sync LoRA -> SGLang name=tta_v1979 path=outputs/online_tta/online_tta_adapters/tta_v1979
[2026-08-27 16:58:19,333][openttl.online.tta_runner][INFO] - TTA sync LoRA -> SGLang name=tta_v1980 path=outputs/online_tta/online_tta_adapters/tta_v1980
[1980/4329] acc=0.5298 pred=D gold=D loss=4.478085429582279e-06 (1.7s/sample)
[2026-08-27 16:58:21,355][openttl.online.tta_runner][INFO] - TTA sync LoRA -> SGLang name=tta_v1981 path=outputs/online_tta/online_tta_adapters/tta_v1981
[2026-08-27 16:58:23,153][openttl.online.tta_runner][INFO] - TTA sync LoRA -> SGLang name=tta_v1982 path=outputs/online_tta/online_tta_adapters/tta_v1982
[2026-08-27 16:58:25,092][openttl.online.tta_runner][INFO] - TTA sync LoRA -> SGLang name=tta_v1983 path=outputs/online_tta/online_tta_adapters/tta_v1983
[2026-08-27 16:58:27,017][openttl.online.tta_runner][INFO] - TTA sync LoRA -> SGLang name=tta_v1984 path=outputs/online_tta/online_tta_adapters/tta_v1984
[2026-08-27 16:58:29,064][openttl.online.tta_runner][INFO] - TTA sync LoRA -> SGLang name=tta_v1985 path=outputs/online_tta/online_tta_adapters/tta_v1985
[2026-08-27 16:58:30,974][openttl.online.tta_runner][INFO] - TTA sync LoRA -> SGLang name=tta_v1986 path=outputs/online_tta/online_tta_adapters/tta_v1986
[2026-08-27 16:58:32,957][openttl.online.tta_runner][INFO] - TTA sync LoRA -> SGLang name=tta_v1987 path=outputs/online_tta/online_tta_adapters/tta_v1987
[2026-08-27 16:58:34,963][openttl.online.tta_runner][INFO] - TTA sync LoRA -> SGLang name=tta_v1988 path=outputs/online_tta/online_tta_adapters/tta_v1988
[2026-08-27 16:58:36,972][openttl.online.tta_runner][INFO] - TTA sync LoRA -> SGLang name=tta_v1989 path=outputs/online_tta/online_tta_adapters/tta_v1989
[2026-08-27 16:58:38,939][openttl.online.tta_runner][INFO] - TTA sync LoRA -> SGLang name=tta_v1990 path=outputs/online_tta/online_tta_adapters/tta_v1990
[2026-08-27 16:58:40,892][openttl.online.tta_runner][INFO] - TTA sync LoRA -> SGLang name=tta_v1991 path=outputs/online_tta/online_tta_adapters/tta_v1991
[2026-08-27 16:58:43,003][openttl.online.tta_runner][INFO] - TTA sync LoRA -> SGLang name=tta_v1992 path=outputs/online_tta/online_tta_adapters/tta_v1992
[2026-08-27 16:58:44,866][openttl.online.tta_runner][INFO] - TTA sync LoRA -> SGLang name=tta_v1993 path=outputs/online_tta/online_tta_adapters/tta_v1993
[2026-08-27 16:58:46,858][openttl.online.tta_runner][INFO] - TTA sync LoRA -> SGLang name=tta_v1994 path=outputs/online_tta/online_tta_adapters/tta_v1994
[2026-08-27 16:58:48,798][openttl.online.tta_runner][INFO] - TTA sync LoRA -> SGLang name=tta_v1995 path=outputs/online_tta/online_tta_adapters/tta_v1995
[2026-08-27 16:58:50,821][openttl.online.tta_runner][INFO] - TTA sync LoRA -> SGLang name=tta_v1996 path=outputs/online_tta/online_tta_adapters/tta_v1996
[2026-08-27 16:58:52,918][openttl.online.tta_runner][INFO] - TTA sync LoRA -> SGLang name=tta_v1997 path=outputs/online_tta/online_tta_adapters/tta_v1997
[2026-08-27 16:58:54,822][openttl.online.tta_runner][INFO] - TTA sync LoRA -> SGLang name=tta_v1998 path=outputs/online_tta/online_tta_adapters/tta_v1998
[2026-08-27 16:58:56,727][openttl.online.tta_runner][INFO] - TTA sync LoRA -> SGLang name=tta_v1999 path=outputs/online_tta/online_tta_adapters/tta_v1999
[2026-08-27 16:58:58,657][openttl.online.tta_runner][INFO] - TTA sync LoRA -> SGLang name=tta_v2000 path=outputs/online_tta/online_tta_adapters/tta_v2000
[2000/4329] acc=0.5275 pred=D gold=D loss=4.117971548112109e-05 (1.7s/sample)
[2026-08-27 16:59:00,576][openttl.online.tta_runner][INFO] - TTA sync LoRA -> SGLang name=tta_v2001 path=outputs/online_tta/online_tta_adapters/tta_v2001
[2026-08-27 16:59:02,569][openttl.online.tta_runner][INFO] - TTA sync LoRA -> SGLang name=tta_v2002 path=outputs/online_tta/online_tta_adapters/tta_v2002
[2026-08-27 16:59:04,572][openttl.online.tta_runner][INFO] - TTA sync LoRA -> SGLang name=tta_v2003 path=outputs/online_tta/online_tta_adapters/tta_v2003
[2026-08-27 16:59:06,575][openttl.online.tta_runner][INFO] - TTA sync LoRA -> SGLang name=tta_v2004 path=outputs/online_tta/online_tta_adapters/tta_v2004
[2026-08-27 16:59:08,558][openttl.online.tta_runner][INFO] - TTA sync LoRA -> SGLang name=tta_v2005 path=outputs/online_tta/online_tta_adapters/tta_v2005
[2026-08-27 16:59:10,559][openttl.online.tta_runner][INFO] - TTA sync LoRA -> SGLang name=tta_v2006 path=outputs/online_tta/online_tta_adapters/tta_v2006
[2026-08-27 16:59:12,542][openttl.online.tta_runner][INFO] - TTA sync LoRA -> SGLang name=tta_v2007 path=outputs/online_tta/online_tta_adapters/tta_v2007
[2026-08-27 16:59:14,582][openttl.online.tta_runner][INFO] - TTA sync LoRA -> SGLang name=tta_v2008 path=outputs/online_tta/online_tta_adapters/tta_v2008
[2026-08-27 16:59:16,545][openttl.online.tta_runner][INFO] - TTA sync LoRA -> SGLang name=tta_v2009 path=outputs/online_tta/online_tta_adapters/tta_v2009
[2026-08-27 16:59:18,561][openttl.online.tta_runner][INFO] - TTA sync LoRA -> SGLang name=tta_v2010 path=outputs/online_tta/online_tta_adapters/tta_v2010
[2026-08-27 16:59:20,546][openttl.online.tta_runner][INFO] - TTA sync LoRA -> SGLang name=tta_v2011 path=outputs/online_tta/online_tta_adapters/tta_v2011
[2026-08-27 16:59:22,550][openttl.online.tta_runner][INFO] - TTA sync LoRA -> SGLang name=tta_v2012 path=outputs/online_tta/online_tta_adapters/tta_v2012
[2026-08-27 16:59:24,549][openttl.online.tta_runner][INFO] - TTA sync LoRA -> SGLang name=tta_v2013 path=outputs/online_tta/online_tta_adapters/tta_v2013
[2026-08-27 16:59:26,535][openttl.online.tta_runner][INFO] - TTA sync LoRA -> SGLang name=tta_v2014 path=outputs/online_tta/online_tta_adapters/tta_v2014
[2026-08-27 16:59:28,527][openttl.online.tta_runner][INFO] - TTA sync LoRA -> SGLang name=tta_v2015 path=outputs/online_tta/online_tta_adapters/tta_v2015
[2026-08-27 16:59:30,517][openttl.online.tta_runner][INFO] - TTA sync LoRA -> SGLang name=tta_v2016 path=outputs/online_tta/online_tta_adapters/tta_v2016
[2026-08-27 16:59:32,479][openttl.online.tta_runner][INFO] - TTA sync LoRA -> SGLang name=tta_v2017 path=outputs/online_tta/online_tta_adapters/tta_v2017
[2026-08-27 16:59:34,413][openttl.online.tta_runner][INFO] - TTA sync LoRA -> SGLang name=tta_v2018 path=outputs/online_tta/online_tta_adapters/tta_v2018
[2026-08-27 16:59:36,342][openttl.online.tta_runner][INFO] - TTA sync LoRA -> SGLang name=tta_v2019 path=outputs/online_tta/online_tta_adapters/tta_v2019
[2026-08-27 16:59:38,291][openttl.online.tta_runner][INFO] - TTA sync LoRA -> SGLang name=tta_v2020 path=outputs/online_tta/online_tta_adapters/tta_v2020
[2020/4329] acc=0.5248 pred=D gold=A loss=3.648367965070065e-06 (1.7s/sample)
[2026-08-27 16:59:40,201][openttl.online.tta_runner][INFO] - TTA sync LoRA -> SGLang name=tta_v2021 path=outputs/online_tta/online_tta_adapters/tta_v2021
[2026-08-27 16:59:42,197][openttl.online.tta_runner][INFO] - TTA sync LoRA -> SGLang name=tta_v2022 path=outputs/online_tta/online_tta_adapters/tta_v2022
[2026-08-27 16:59:44,311][openttl.online.tta_runner][INFO] - TTA sync LoRA -> SGLang name=tta_v2023 path=outputs/online_tta/online_tta_adapters/tta_v2023
[2026-08-27 16:59:46,336][openttl.online.tta_runner][INFO] - TTA sync LoRA -> SGLang name=tta_v2024 path=outputs/online_tta/online_tta_adapters/tta_v2024
[2026-08-27 16:59:48,324][openttl.online.tta_runner][INFO] - TTA sync LoRA -> SGLang name=tta_v2025 path=outputs/online_tta/online_tta_adapters/tta_v2025
[2026-08-27 16:59:50,261][openttl.online.tta_runner][INFO] - TTA sync LoRA -> SGLang name=tta_v2026 path=outputs/online_tta/online_tta_adapters/tta_v2026
[2026-08-27 16:59:52,183][openttl.online.tta_runner][INFO] - TTA sync LoRA -> SGLang name=tta_v2027 path=outputs/online_tta/online_tta_adapters/tta_v2027
[2026-08-27 16:59:54,081][openttl.online.tta_runner][INFO] - TTA sync LoRA -> SGLang name=tta_v2028 path=outputs/online_tta/online_tta_adapters/tta_v2028
[2026-08-27 16:59:56,062][openttl.online.tta_runner][INFO] - TTA sync LoRA -> SGLang name=tta_v2029 path=outputs/online_tta/online_tta_adapters/tta_v2029
[2026-08-27 16:59:57,996][openttl.online.tta_runner][INFO] - TTA sync LoRA -> SGLang name=tta_v2030 path=outputs/online_tta/online_tta_adapters/tta_v2030
[2026-08-27 16:59:59,992][openttl.online.tta_runner][INFO] - TTA sync LoRA -> SGLang name=tta_v2031 path=outputs/online_tta/online_tta_adapters/tta_v2031
[2026-08-27 17:00:01,905][openttl.online.tta_runner][INFO] - TTA sync LoRA -> SGLang name=tta_v2032 path=outputs/online_tta/online_tta_adapters/tta_v2032
[2026-08-27 17:00:03,985][openttl.online.tta_runner][INFO] - TTA sync LoRA -> SGLang name=tta_v2033 path=outputs/online_tta/online_tta_adapters/tta_v2033
[2026-08-27 17:00:05,879][openttl.online.tta_runner][INFO] - TTA sync LoRA -> SGLang name=tta_v2034 path=outputs/online_tta/online_tta_adapters/tta_v2034
[2026-08-27 17:00:07,805][openttl.online.tta_runner][INFO] - TTA sync LoRA -> SGLang name=tta_v2035 path=outputs/online_tta/online_tta_adapters/tta_v2035
[2026-08-27 17:00:09,815][openttl.online.tta_runner][INFO] - TTA sync LoRA -> SGLang name=tta_v2036 path=outputs/online_tta/online_tta_adapters/tta_v2036
[2026-08-27 17:00:11,742][openttl.online.tta_runner][INFO] - TTA sync LoRA -> SGLang name=tta_v2037 path=outputs/online_tta/online_tta_adapters/tta_v2037
[2026-08-27 17:00:13,676][openttl.online.tta_runner][INFO] - TTA sync LoRA -> SGLang name=tta_v2038 path=outputs/online_tta/online_tta_adapters/tta_v2038
[2026-08-27 17:00:15,614][openttl.online.tta_runner][INFO] - TTA sync LoRA -> SGLang name=tta_v2039 path=outputs/online_tta/online_tta_adapters/tta_v2039
[2026-08-27 17:00:17,580][openttl.online.tta_runner][INFO] - TTA sync LoRA -> SGLang name=tta_v2040 path=outputs/online_tta/online_tta_adapters/tta_v2040
[2040/4329] acc=0.5230 pred=D gold=B loss=3.2641714824421797e-06 (1.7s/sample)
[2026-08-27 17:00:19,379][openttl.online.tta_runner][INFO] - TTA sync LoRA -> SGLang name=tta_v2041 path=outputs/online_tta/online_tta_adapters/tta_v2041
[2026-08-27 17:00:21,038][openttl.online.tta_runner][INFO] - TTA sync LoRA -> SGLang name=tta_v2042 path=outputs/online_tta/online_tta_adapters/tta_v2042
[2026-08-27 17:00:22,674][openttl.online.tta_runner][INFO] - TTA sync LoRA -> SGLang name=tta_v2043 path=outputs/online_tta/online_tta_adapters/tta_v2043
[2026-08-27 17:00:24,418][openttl.online.tta_runner][INFO] - TTA sync LoRA -> SGLang name=tta_v2044 path=outputs/online_tta/online_tta_adapters/tta_v2044
[2026-08-27 17:00:26,094][openttl.online.tta_runner][INFO] - TTA sync LoRA -> SGLang name=tta_v2045 path=outputs/online_tta/online_tta_adapters/tta_v2045
[2026-08-27 17:00:27,775][openttl.online.tta_runner][INFO] - TTA sync LoRA -> SGLang name=tta_v2046 path=outputs/online_tta/online_tta_adapters/tta_v2046
[2026-08-27 17:00:29,495][openttl.online.tta_runner][INFO] - TTA sync LoRA -> SGLang name=tta_v2047 path=outputs/online_tta/online_tta_adapters/tta_v2047
[2026-08-27 17:00:31,236][openttl.online.tta_runner][INFO] - TTA sync LoRA -> SGLang name=tta_v2048 path=outputs/online_tta/online_tta_adapters/tta_v2048
[2026-08-27 17:00:32,978][openttl.online.tta_runner][INFO] - TTA sync LoRA -> SGLang name=tta_v2049 path=outputs/online_tta/online_tta_adapters/tta_v2049
[2026-08-27 17:00:34,644][openttl.online.tta_runner][INFO] - TTA sync LoRA -> SGLang name=tta_v2050 path=outputs/online_tta/online_tta_adapters/tta_v2050
[2026-08-27 17:00:36,346][openttl.online.tta_runner][INFO] - TTA sync LoRA -> SGLang name=tta_v2051 path=outputs/online_tta/online_tta_adapters/tta_v2051
[2026-08-27 17:00:38,044][openttl.online.tta_runner][INFO] - TTA sync LoRA -> SGLang name=tta_v2052 path=outputs/online_tta/online_tta_adapters/tta_v2052
[2026-08-27 17:00:39,759][openttl.online.tta_runner][INFO] - TTA sync LoRA -> SGLang name=tta_v2053 path=outputs/online_tta/online_tta_adapters/tta_v2053
[2026-08-27 17:00:41,565][openttl.online.tta_runner][INFO] - TTA sync LoRA -> SGLang name=tta_v2054 path=outputs/online_tta/online_tta_adapters/tta_v2054
[2026-08-27 17:00:43,249][openttl.online.tta_runner][INFO] - TTA sync LoRA -> SGLang name=tta_v2055 path=outputs/online_tta/online_tta_adapters/tta_v2055
[2026-08-27 17:00:44,898][openttl.online.tta_runner][INFO] - TTA sync LoRA -> SGLang name=tta_v2056 path=outputs/online_tta/online_tta_adapters/tta_v2056
[2026-08-27 17:00:46,892][openttl.online.tta_runner][INFO] - TTA sync LoRA -> SGLang name=tta_v2057 path=outputs/online_tta/online_tta_adapters/tta_v2057
[2026-08-27 17:00:48,869][openttl.online.tta_runner][INFO] - TTA sync LoRA -> SGLang name=tta_v2058 path=outputs/online_tta/online_tta_adapters/tta_v2058
[2026-08-27 17:00:50,779][openttl.online.tta_runner][INFO] - TTA sync LoRA -> SGLang name=tta_v2059 path=outputs/online_tta/online_tta_adapters/tta_v2059
[2026-08-27 17:00:52,557][openttl.online.tta_runner][INFO] - TTA sync LoRA -> SGLang name=tta_v2060 path=outputs/online_tta/online_tta_adapters/tta_v2060
[2060/4329] acc=0.5189 pred=D gold=C loss=5.9582057474472094e-06 (1.7s/sample)
[2026-08-27 17:00:54,512][openttl.online.tta_runner][INFO] - TTA sync LoRA -> SGLang name=tta_v2061 path=outputs/online_tta/online_tta_adapters/tta_v2061
[2026-08-27 17:00:56,358][openttl.online.tta_runner][INFO] - TTA sync LoRA -> SGLang name=tta_v2062 path=outputs/online_tta/online_tta_adapters/tta_v2062
[2026-08-27 17:00:58,327][openttl.online.tta_runner][INFO] - TTA sync LoRA -> SGLang name=tta_v2063 path=outputs/online_tta/online_tta_adapters/tta_v2063
[2026-08-27 17:01:00,333][openttl.online.tta_runner][INFO] - TTA sync LoRA -> SGLang name=tta_v2064 path=outputs/online_tta/online_tta_adapters/tta_v2064
[2026-08-27 17:01:02,347][openttl.online.tta_runner][INFO] - TTA sync LoRA -> SGLang name=tta_v2065 path=outputs/online_tta/online_tta_adapters/tta_v2065
[2026-08-27 17:01:04,205][openttl.online.tta_runner][INFO] - TTA sync LoRA -> SGLang name=tta_v2066 path=outputs/online_tta/online_tta_adapters/tta_v2066
[2026-08-27 17:01:06,128][openttl.online.tta_runner][INFO] - TTA sync LoRA -> SGLang name=tta_v2067 path=outputs/online_tta/online_tta_adapters/tta_v2067
[2026-08-27 17:01:08,056][openttl.online.tta_runner][INFO] - TTA sync LoRA -> SGLang name=tta_v2068 path=outputs/online_tta/online_tta_adapters/tta_v2068
[2026-08-27 17:01:09,967][openttl.online.tta_runner][INFO] - TTA sync LoRA -> SGLang name=tta_v2069 path=outputs/online_tta/online_tta_adapters/tta_v2069
[2026-08-27 17:01:11,903][openttl.online.tta_runner][INFO] - TTA sync LoRA -> SGLang name=tta_v2070 path=outputs/online_tta/online_tta_adapters/tta_v2070
[2026-08-27 17:01:13,905][openttl.online.tta_runner][INFO] - TTA sync LoRA -> SGLang name=tta_v2071 path=outputs/online_tta/online_tta_adapters/tta_v2071
[2026-08-27 17:01:15,714][openttl.online.tta_runner][INFO] - TTA sync LoRA -> SGLang name=tta_v2072 path=outputs/online_tta/online_tta_adapters/tta_v2072
[2026-08-27 17:01:17,608][openttl.online.tta_runner][INFO] - TTA sync LoRA -> SGLang name=tta_v2073 path=outputs/online_tta/online_tta_adapters/tta_v2073
[2026-08-27 17:01:19,479][openttl.online.tta_runner][INFO] - TTA sync LoRA -> SGLang name=tta_v2074 path=outputs/online_tta/online_tta_adapters/tta_v2074
[2026-08-27 17:01:21,353][openttl.online.tta_runner][INFO] - TTA sync LoRA -> SGLang name=tta_v2075 path=outputs/online_tta/online_tta_adapters/tta_v2075
[2026-08-27 17:01:23,116][openttl.online.tta_runner][INFO] - TTA sync LoRA -> SGLang name=tta_v2076 path=outputs/online_tta/online_tta_adapters/tta_v2076
[2026-08-27 17:01:24,879][openttl.online.tta_runner][INFO] - TTA sync LoRA -> SGLang name=tta_v2077 path=outputs/online_tta/online_tta_adapters/tta_v2077
[2026-08-27 17:01:26,761][openttl.online.tta_runner][INFO] - TTA sync LoRA -> SGLang name=tta_v2078 path=outputs/online_tta/online_tta_adapters/tta_v2078
[2026-08-27 17:01:28,523][openttl.online.tta_runner][INFO] - TTA sync LoRA -> SGLang name=tta_v2079 path=outputs/online_tta/online_tta_adapters/tta_v2079
[2026-08-27 17:01:30,390][openttl.online.tta_runner][INFO] - TTA sync LoRA -> SGLang name=tta_v2080 path=outputs/online_tta/online_tta_adapters/tta_v2080
[2080/4329] acc=0.5154 pred=D gold=A loss=5.137603238836164e-06 (1.7s/sample)
[2026-08-27 17:01:32,304][openttl.online.tta_runner][INFO] - TTA sync LoRA -> SGLang name=tta_v2081 path=outputs/online_tta/online_tta_adapters/tta_v2081
[2026-08-27 17:01:34,239][openttl.online.tta_runner][INFO] - TTA sync LoRA -> SGLang name=tta_v2082 path=outputs/online_tta/online_tta_adapters/tta_v2082
[2026-08-27 17:01:36,074][openttl.online.tta_runner][INFO] - TTA sync LoRA -> SGLang name=tta_v2083 path=outputs/online_tta/online_tta_adapters/tta_v2083
[2026-08-27 17:01:38,039][openttl.online.tta_runner][INFO] - TTA sync LoRA -> SGLang name=tta_v2084 path=outputs/online_tta/online_tta_adapters/tta_v2084
[2026-08-27 17:01:39,967][openttl.online.tta_runner][INFO] - TTA sync LoRA -> SGLang name=tta_v2085 path=outputs/online_tta/online_tta_adapters/tta_v2085
[2026-08-27 17:01:41,955][openttl.online.tta_runner][INFO] - TTA sync LoRA -> SGLang name=tta_v2086 path=outputs/online_tta/online_tta_adapters/tta_v2086
[2026-08-27 17:01:43,781][openttl.online.tta_runner][INFO] - TTA sync LoRA -> SGLang name=tta_v2087 path=outputs/online_tta/online_tta_adapters/tta_v2087
[2026-08-27 17:01:45,537][openttl.online.tta_runner][INFO] - TTA sync LoRA -> SGLang name=tta_v2088 path=outputs/online_tta/online_tta_adapters/tta_v2088
[2026-08-27 17:01:47,291][openttl.online.tta_runner][INFO] - TTA sync LoRA -> SGLang name=tta_v2089 path=outputs/online_tta/online_tta_adapters/tta_v2089
[2026-08-27 17:01:49,080][openttl.online.tta_runner][INFO] - TTA sync LoRA -> SGLang name=tta_v2090 path=outputs/online_tta/online_tta_adapters/tta_v2090
[2026-08-27 17:01:50,892][openttl.online.tta_runner][INFO] - TTA sync LoRA -> SGLang name=tta_v2091 path=outputs/online_tta/online_tta_adapters/tta_v2091
[2026-08-27 17:01:52,687][openttl.online.tta_runner][INFO] - TTA sync LoRA -> SGLang name=tta_v2092 path=outputs/online_tta/online_tta_adapters/tta_v2092
[2026-08-27 17:01:54,500][openttl.online.tta_runner][INFO] - TTA sync LoRA -> SGLang name=tta_v2093 path=outputs/online_tta/online_tta_adapters/tta_v2093
[2026-08-27 17:01:56,173][openttl.online.tta_runner][INFO] - TTA sync LoRA -> SGLang name=tta_v2094 path=outputs/online_tta/online_tta_adapters/tta_v2094
[2026-08-27 17:01:58,030][openttl.online.tta_runner][INFO] - TTA sync LoRA -> SGLang name=tta_v2095 path=outputs/online_tta/online_tta_adapters/tta_v2095
[2026-08-27 17:01:59,957][openttl.online.tta_runner][INFO] - TTA sync LoRA -> SGLang name=tta_v2096 path=outputs/online_tta/online_tta_adapters/tta_v2096
[2026-08-27 17:02:01,832][openttl.online.tta_runner][INFO] - TTA sync LoRA -> SGLang name=tta_v2097 path=outputs/online_tta/online_tta_adapters/tta_v2097
[2026-08-27 17:02:03,860][openttl.online.tta_runner][INFO] - TTA sync LoRA -> SGLang name=tta_v2098 path=outputs/online_tta/online_tta_adapters/tta_v2098
[2026-08-27 17:02:05,823][openttl.online.tta_runner][INFO] - TTA sync LoRA -> SGLang name=tta_v2099 path=outputs/online_tta/online_tta_adapters/tta_v2099
[2026-08-27 17:02:07,812][openttl.online.tta_runner][INFO] - TTA sync LoRA -> SGLang name=tta_v2100 path=outputs/online_tta/online_tta_adapters/tta_v2100
[2100/4329] acc=0.5119 pred=D gold=A loss=4.6051768549659755e-06 (1.7s/sample)
[2026-08-27 17:02:09,673][openttl.online.tta_runner][INFO] - TTA sync LoRA -> SGLang name=tta_v2101 path=outputs/online_tta/online_tta_adapters/tta_v2101
[2026-08-27 17:02:11,573][openttl.online.tta_runner][INFO] - TTA sync LoRA -> SGLang name=tta_v2102 path=outputs/online_tta/online_tta_adapters/tta_v2102
[2026-08-27 17:02:13,613][openttl.online.tta_runner][INFO] - TTA sync LoRA -> SGLang name=tta_v2103 path=outputs/online_tta/online_tta_adapters/tta_v2103
[2026-08-27 17:02:15,651][openttl.online.tta_runner][INFO] - TTA sync LoRA -> SGLang name=tta_v2104 path=outputs/online_tta/online_tta_adapters/tta_v2104
[2026-08-27 17:02:17,993][openttl.online.tta_runner][INFO] - TTA sync LoRA -> SGLang name=tta_v2105 path=outputs/online_tta/online_tta_adapters/tta_v2105
[2026-08-27 17:02:20,523][openttl.online.tta_runner][INFO] - TTA sync LoRA -> SGLang name=tta_v2106 path=outputs/online_tta/online_tta_adapters/tta_v2106
[2026-08-27 17:02:23,044][openttl.online.tta_runner][INFO] - TTA sync LoRA -> SGLang name=tta_v2107 path=outputs/online_tta/online_tta_adapters/tta_v2107
[2026-08-27 17:02:25,105][openttl.online.tta_runner][INFO] - TTA sync LoRA -> SGLang name=tta_v2108 path=outputs/online_tta/online_tta_adapters/tta_v2108
[2026-08-27 17:02:27,034][openttl.online.tta_runner][INFO] - TTA sync LoRA -> SGLang name=tta_v2109 path=outputs/online_tta/online_tta_adapters/tta_v2109
[2026-08-27 17:02:28,954][openttl.online.tta_runner][INFO] - TTA sync LoRA -> SGLang name=tta_v2110 path=outputs/online_tta/online_tta_adapters/tta_v2110
[2026-08-27 17:02:30,728][openttl.online.tta_runner][INFO] - TTA sync LoRA -> SGLang name=tta_v2111 path=outputs/online_tta/online_tta_adapters/tta_v2111
[2026-08-27 17:02:32,704][openttl.online.tta_runner][INFO] - TTA sync LoRA -> SGLang name=tta_v2112 path=outputs/online_tta/online_tta_adapters/tta_v2112
[2026-08-27 17:02:34,672][openttl.online.tta_runner][INFO] - TTA sync LoRA -> SGLang name=tta_v2113 path=outputs/online_tta/online_tta_adapters/tta_v2113
[2026-08-27 17:02:36,512][openttl.online.tta_runner][INFO] - TTA sync LoRA -> SGLang name=tta_v2114 path=outputs/online_tta/online_tta_adapters/tta_v2114
[2026-08-27 17:02:38,485][openttl.online.tta_runner][INFO] - TTA sync LoRA -> SGLang name=tta_v2115 path=outputs/online_tta/online_tta_adapters/tta_v2115
[2026-08-27 17:02:40,734][openttl.online.tta_runner][INFO] - TTA sync LoRA -> SGLang name=tta_v2116 path=outputs/online_tta/online_tta_adapters/tta_v2116
[2026-08-27 17:02:42,621][openttl.online.tta_runner][INFO] - TTA sync LoRA -> SGLang name=tta_v2117 path=outputs/online_tta/online_tta_adapters/tta_v2117
[2026-08-27 17:02:44,566][openttl.online.tta_runner][INFO] - TTA sync LoRA -> SGLang name=tta_v2118 path=outputs/online_tta/online_tta_adapters/tta_v2118
[2026-08-27 17:02:46,838][openttl.online.tta_runner][INFO] - TTA sync LoRA -> SGLang name=tta_v2119 path=outputs/online_tta/online_tta_adapters/tta_v2119
[2026-08-27 17:02:49,124][openttl.online.tta_runner][INFO] - TTA sync LoRA -> SGLang name=tta_v2120 path=outputs/online_tta/online_tta_adapters/tta_v2120
[2120/4329] acc=0.5094 pred=D gold=B loss=5.764364686910994e-06 (1.7s/sample)
[2026-08-27 17:02:51,125][openttl.online.tta_runner][INFO] - TTA sync LoRA -> SGLang name=tta_v2121 path=outputs/online_tta/online_tta_adapters/tta_v2121
[2026-08-27 17:02:53,458][openttl.online.tta_runner][INFO] - TTA sync LoRA -> SGLang name=tta_v2122 path=outputs/online_tta/online_tta_adapters/tta_v2122
[2026-08-27 17:02:55,603][openttl.online.tta_runner][INFO] - TTA sync LoRA -> SGLang name=tta_v2123 path=outputs/online_tta/online_tta_adapters/tta_v2123
[2026-08-27 17:02:57,499][openttl.online.tta_runner][INFO] - TTA sync LoRA -> SGLang name=tta_v2124 path=outputs/online_tta/online_tta_adapters/tta_v2124
[2026-08-27 17:02:59,364][openttl.online.tta_runner][INFO] - TTA sync LoRA -> SGLang name=tta_v2125 path=outputs/online_tta/online_tta_adapters/tta_v2125
[2026-08-27 17:03:01,241][openttl.online.tta_runner][INFO] - TTA sync LoRA -> SGLang name=tta_v2126 path=outputs/online_tta/online_tta_adapters/tta_v2126
[2026-08-27 17:03:03,083][openttl.online.tta_runner][INFO] - TTA sync LoRA -> SGLang name=tta_v2127 path=outputs/online_tta/online_tta_adapters/tta_v2127
[2026-08-27 17:03:05,127][openttl.online.tta_runner][INFO] - TTA sync LoRA -> SGLang name=tta_v2128 path=outputs/online_tta/online_tta_adapters/tta_v2128
[2026-08-27 17:03:06,990][openttl.online.tta_runner][INFO] - TTA sync LoRA -> SGLang name=tta_v2129 path=outputs/online_tta/online_tta_adapters/tta_v2129
[2026-08-27 17:03:08,953][openttl.online.tta_runner][INFO] - TTA sync LoRA -> SGLang name=tta_v2130 path=outputs/online_tta/online_tta_adapters/tta_v2130
[2026-08-27 17:03:10,915][openttl.online.tta_runner][INFO] - TTA sync LoRA -> SGLang name=tta_v2131 path=outputs/online_tta/online_tta_adapters/tta_v2131
[2026-08-27 17:03:12,877][openttl.online.tta_runner][INFO] - TTA sync LoRA -> SGLang name=tta_v2132 path=outputs/online_tta/online_tta_adapters/tta_v2132
[2026-08-27 17:03:14,862][openttl.online.tta_runner][INFO] - TTA sync LoRA -> SGLang name=tta_v2133 path=outputs/online_tta/online_tta_adapters/tta_v2133
[2026-08-27 17:03:16,816][openttl.online.tta_runner][INFO] - TTA sync LoRA -> SGLang name=tta_v2134 path=outputs/online_tta/online_tta_adapters/tta_v2134
[2026-08-27 17:03:18,745][openttl.online.tta_runner][INFO] - TTA sync LoRA -> SGLang name=tta_v2135 path=outputs/online_tta/online_tta_adapters/tta_v2135
[2026-08-27 17:03:20,701][openttl.online.tta_runner][INFO] - TTA sync LoRA -> SGLang name=tta_v2136 path=outputs/online_tta/online_tta_adapters/tta_v2136
[2026-08-27 17:03:22,675][openttl.online.tta_runner][INFO] - TTA sync LoRA -> SGLang name=tta_v2137 path=outputs/online_tta/online_tta_adapters/tta_v2137
[2026-08-27 17:03:24,554][openttl.online.tta_runner][INFO] - TTA sync LoRA -> SGLang name=tta_v2138 path=outputs/online_tta/online_tta_adapters/tta_v2138
[2026-08-27 17:03:26,524][openttl.online.tta_runner][INFO] - TTA sync LoRA -> SGLang name=tta_v2139 path=outputs/online_tta/online_tta_adapters/tta_v2139
[2026-08-27 17:03:28,516][openttl.online.tta_runner][INFO] - TTA sync LoRA -> SGLang name=tta_v2140 path=outputs/online_tta/online_tta_adapters/tta_v2140
[2140/4329] acc=0.5061 pred=D gold=A loss=7.790359632053878e-06 (1.7s/sample)
[2026-08-27 17:03:30,477][openttl.online.tta_runner][INFO] - TTA sync LoRA -> SGLang name=tta_v2141 path=outputs/online_tta/online_tta_adapters/tta_v2141
[2026-08-27 17:03:32,449][openttl.online.tta_runner][INFO] - TTA sync LoRA -> SGLang name=tta_v2142 path=outputs/online_tta/online_tta_adapters/tta_v2142
[2026-08-27 17:03:34,425][openttl.online.tta_runner][INFO] - TTA sync LoRA -> SGLang name=tta_v2143 path=outputs/online_tta/online_tta_adapters/tta_v2143
[2026-08-27 17:03:36,155][openttl.online.tta_runner][INFO] - TTA sync LoRA -> SGLang name=tta_v2144 path=outputs/online_tta/online_tta_adapters/tta_v2144
[2026-08-27 17:03:37,887][openttl.online.tta_runner][INFO] - TTA sync LoRA -> SGLang name=tta_v2145 path=outputs/online_tta/online_tta_adapters/tta_v2145
[2026-08-27 17:03:39,637][openttl.online.tta_runner][INFO] - TTA sync LoRA -> SGLang name=tta_v2146 path=outputs/online_tta/online_tta_adapters/tta_v2146
[2026-08-27 17:03:41,294][openttl.online.tta_runner][INFO] - TTA sync LoRA -> SGLang name=tta_v2147 path=outputs/online_tta/online_tta_adapters/tta_v2147
[2026-08-27 17:03:42,970][openttl.online.tta_runner][INFO] - TTA sync LoRA -> SGLang name=tta_v2148 path=outputs/online_tta/online_tta_adapters/tta_v2148
[2026-08-27 17:03:44,637][openttl.online.tta_runner][INFO] - TTA sync LoRA -> SGLang name=tta_v2149 path=outputs/online_tta/online_tta_adapters/tta_v2149
[2026-08-27 17:03:46,321][openttl.online.tta_runner][INFO] - TTA sync LoRA -> SGLang name=tta_v2150 path=outputs/online_tta/online_tta_adapters/tta_v2150
[2026-08-27 17:03:48,032][openttl.online.tta_runner][INFO] - TTA sync LoRA -> SGLang name=tta_v2151 path=outputs/online_tta/online_tta_adapters/tta_v2151
[2026-08-27 17:03:49,607][openttl.online.tta_runner][INFO] - TTA sync LoRA -> SGLang name=tta_v2152 path=outputs/online_tta/online_tta_adapters/tta_v2152
[2026-08-27 17:03:51,268][openttl.online.tta_runner][INFO] - TTA sync LoRA -> SGLang name=tta_v2153 path=outputs/online_tta/online_tta_adapters/tta_v2153
[2026-08-27 17:03:52,948][openttl.online.tta_runner][INFO] - TTA sync LoRA -> SGLang name=tta_v2154 path=outputs/online_tta/online_tta_adapters/tta_v2154
[2026-08-27 17:03:54,691][openttl.online.tta_runner][INFO] - TTA sync LoRA -> SGLang name=tta_v2155 path=outputs/online_tta/online_tta_adapters/tta_v2155
[2026-08-27 17:03:56,473][openttl.online.tta_runner][INFO] - TTA sync LoRA -> SGLang name=tta_v2156 path=outputs/online_tta/online_tta_adapters/tta_v2156
[2026-08-27 17:03:58,256][openttl.online.tta_runner][INFO] - TTA sync LoRA -> SGLang name=tta_v2157 path=outputs/online_tta/online_tta_adapters/tta_v2157
[2026-08-27 17:03:59,949][openttl.online.tta_runner][INFO] - TTA sync LoRA -> SGLang name=tta_v2158 path=outputs/online_tta/online_tta_adapters/tta_v2158
[2026-08-27 17:04:01,708][openttl.online.tta_runner][INFO] - TTA sync LoRA -> SGLang name=tta_v2159 path=outputs/online_tta/online_tta_adapters/tta_v2159
[2026-08-27 17:04:03,424][openttl.online.tta_runner][INFO] - TTA sync LoRA -> SGLang name=tta_v2160 path=outputs/online_tta/online_tta_adapters/tta_v2160
[2160/4329] acc=0.5042 pred=D gold=B loss=5.597553808911471e-06 (1.7s/sample)
[2026-08-27 17:04:05,257][openttl.online.tta_runner][INFO] - TTA sync LoRA -> SGLang name=tta_v2161 path=outputs/online_tta/online_tta_adapters/tta_v2161
[2026-08-27 17:04:06,885][openttl.online.tta_runner][INFO] - TTA sync LoRA -> SGLang name=tta_v2162 path=outputs/online_tta/online_tta_adapters/tta_v2162
[2026-08-27 17:04:08,753][openttl.online.tta_runner][INFO] - TTA sync LoRA -> SGLang name=tta_v2163 path=outputs/online_tta/online_tta_adapters/tta_v2163
[2026-08-27 17:04:10,570][openttl.online.tta_runner][INFO] - TTA sync LoRA -> SGLang name=tta_v2164 path=outputs/online_tta/online_tta_adapters/tta_v2164
[2026-08-27 17:04:12,139][openttl.online.tta_runner][INFO] - TTA sync LoRA -> SGLang name=tta_v2165 path=outputs/online_tta/online_tta_adapters/tta_v2165
[2026-08-27 17:04:13,851][openttl.online.tta_runner][INFO] - TTA sync LoRA -> SGLang name=tta_v2166 path=outputs/online_tta/online_tta_adapters/tta_v2166
[2026-08-27 17:04:15,500][openttl.online.tta_runner][INFO] - TTA sync LoRA -> SGLang name=tta_v2167 path=outputs/online_tta/online_tta_adapters/tta_v2167
[2026-08-27 17:04:17,052][openttl.online.tta_runner][INFO] - TTA sync LoRA -> SGLang name=tta_v2168 path=outputs/online_tta/online_tta_adapters/tta_v2168
[2026-08-27 17:04:18,597][openttl.online.tta_runner][INFO] - TTA sync LoRA -> SGLang name=tta_v2169 path=outputs/online_tta/online_tta_adapters/tta_v2169
[2026-08-27 17:04:20,135][openttl.online.tta_runner][INFO] - TTA sync LoRA -> SGLang name=tta_v2170 path=outputs/online_tta/online_tta_adapters/tta_v2170
[2026-08-27 17:04:21,693][openttl.online.tta_runner][INFO] - TTA sync LoRA -> SGLang name=tta_v2171 path=outputs/online_tta/online_tta_adapters/tta_v2171
[2026-08-27 17:04:23,227][openttl.online.tta_runner][INFO] - TTA sync LoRA -> SGLang name=tta_v2172 path=outputs/online_tta/online_tta_adapters/tta_v2172
[2026-08-27 17:04:24,760][openttl.online.tta_runner][INFO] - TTA sync LoRA -> SGLang name=tta_v2173 path=outputs/online_tta/online_tta_adapters/tta_v2173
[2026-08-27 17:04:26,287][openttl.online.tta_runner][INFO] - TTA sync LoRA -> SGLang name=tta_v2174 path=outputs/online_tta/online_tta_adapters/tta_v2174
[2026-08-27 17:04:27,869][openttl.online.tta_runner][INFO] - TTA sync LoRA -> SGLang name=tta_v2175 path=outputs/online_tta/online_tta_adapters/tta_v2175
[2026-08-27 17:04:29,608][openttl.online.tta_runner][INFO] - TTA sync LoRA -> SGLang name=tta_v2176 path=outputs/online_tta/online_tta_adapters/tta_v2176
[2026-08-27 17:04:31,404][openttl.online.tta_runner][INFO] - TTA sync LoRA -> SGLang name=tta_v2177 path=outputs/online_tta/online_tta_adapters/tta_v2177
[2026-08-27 17:04:32,932][openttl.online.tta_runner][INFO] - TTA sync LoRA -> SGLang name=tta_v2178 path=outputs/online_tta/online_tta_adapters/tta_v2178
[2026-08-27 17:04:34,414][openttl.online.tta_runner][INFO] - TTA sync LoRA -> SGLang name=tta_v2179 path=outputs/online_tta/online_tta_adapters/tta_v2179
[2026-08-27 17:04:35,932][openttl.online.tta_runner][INFO] - TTA sync LoRA -> SGLang name=tta_v2180 path=outputs/online_tta/online_tta_adapters/tta_v2180
[2180/4329] acc=0.5018 pred=D gold=C loss=5.037190931034274e-06 (1.7s/sample)
[2026-08-27 17:04:37,562][openttl.online.tta_runner][INFO] - TTA sync LoRA -> SGLang name=tta_v2181 path=outputs/online_tta/online_tta_adapters/tta_v2181
[2026-08-27 17:04:39,119][openttl.online.tta_runner][INFO] - TTA sync LoRA -> SGLang name=tta_v2182 path=outputs/online_tta/online_tta_adapters/tta_v2182
[2026-08-27 17:04:40,698][openttl.online.tta_runner][INFO] - TTA sync LoRA -> SGLang name=tta_v2183 path=outputs/online_tta/online_tta_adapters/tta_v2183
[2026-08-27 17:04:42,253][openttl.online.tta_runner][INFO] - TTA sync LoRA -> SGLang name=tta_v2184 path=outputs/online_tta/online_tta_adapters/tta_v2184
[2026-08-27 17:04:43,816][openttl.online.tta_runner][INFO] - TTA sync LoRA -> SGLang name=tta_v2185 path=outputs/online_tta/online_tta_adapters/tta_v2185
[2026-08-27 17:04:45,385][openttl.online.tta_runner][INFO] - TTA sync LoRA -> SGLang name=tta_v2186 path=outputs/online_tta/online_tta_adapters/tta_v2186
[2026-08-27 17:04:46,930][openttl.online.tta_runner][INFO] - TTA sync LoRA -> SGLang name=tta_v2187 path=outputs/online_tta/online_tta_adapters/tta_v2187
[2026-08-27 17:04:48,514][openttl.online.tta_runner][INFO] - TTA sync LoRA -> SGLang name=tta_v2188 path=outputs/online_tta/online_tta_adapters/tta_v2188
[2026-08-27 17:04:50,080][openttl.online.tta_runner][INFO] - TTA sync LoRA -> SGLang name=tta_v2189 path=outputs/online_tta/online_tta_adapters/tta_v2189
[2026-08-27 17:04:51,684][openttl.online.tta_runner][INFO] - TTA sync LoRA -> SGLang name=tta_v2190 path=outputs/online_tta/online_tta_adapters/tta_v2190
[2026-08-27 17:04:53,496][openttl.online.tta_runner][INFO] - TTA sync LoRA -> SGLang name=tta_v2191 path=outputs/online_tta/online_tta_adapters/tta_v2191
[2026-08-27 17:04:55,194][openttl.online.tta_runner][INFO] - TTA sync LoRA -> SGLang name=tta_v2192 path=outputs/online_tta/online_tta_adapters/tta_v2192
[2026-08-27 17:04:56,790][openttl.online.tta_runner][INFO] - TTA sync LoRA -> SGLang name=tta_v2193 path=outputs/online_tta/online_tta_adapters/tta_v2193
[2026-08-27 17:04:58,581][openttl.online.tta_runner][INFO] - TTA sync LoRA -> SGLang name=tta_v2194 path=outputs/online_tta/online_tta_adapters/tta_v2194
[2026-08-27 17:05:00,350][openttl.online.tta_runner][INFO] - TTA sync LoRA -> SGLang name=tta_v2195 path=outputs/online_tta/online_tta_adapters/tta_v2195
[2026-08-27 17:05:02,219][openttl.online.tta_runner][INFO] - TTA sync LoRA -> SGLang name=tta_v2196 path=outputs/online_tta/online_tta_adapters/tta_v2196
[2026-08-27 17:05:03,910][openttl.online.tta_runner][INFO] - TTA sync LoRA -> SGLang name=tta_v2197 path=outputs/online_tta/online_tta_adapters/tta_v2197
[2026-08-27 17:05:05,608][openttl.online.tta_runner][INFO] - TTA sync LoRA -> SGLang name=tta_v2198 path=outputs/online_tta/online_tta_adapters/tta_v2198
[2026-08-27 17:05:07,313][openttl.online.tta_runner][INFO] - TTA sync LoRA -> SGLang name=tta_v2199 path=outputs/online_tta/online_tta_adapters/tta_v2199
[2026-08-27 17:05:08,943][openttl.online.tta_runner][INFO] - TTA sync LoRA -> SGLang name=tta_v2200 path=outputs/online_tta/online_tta_adapters/tta_v2200
[2200/4329] acc=0.5000 pred=D gold=B loss=5.650626462738728e-06 (1.7s/sample)
[2026-08-27 17:05:10,651][openttl.online.tta_runner][INFO] - TTA sync LoRA -> SGLang name=tta_v2201 path=outputs/online_tta/online_tta_adapters/tta_v2201
[2026-08-27 17:05:12,337][openttl.online.tta_runner][INFO] - TTA sync LoRA -> SGLang name=tta_v2202 path=outputs/online_tta/online_tta_adapters/tta_v2202
[2026-08-27 17:05:14,071][openttl.online.tta_runner][INFO] - TTA sync LoRA -> SGLang name=tta_v2203 path=outputs/online_tta/online_tta_adapters/tta_v2203
[2026-08-27 17:05:15,876][openttl.online.tta_runner][INFO] - TTA sync LoRA -> SGLang name=tta_v2204 path=outputs/online_tta/online_tta_adapters/tta_v2204
[2026-08-27 17:05:17,630][openttl.online.tta_runner][INFO] - TTA sync LoRA -> SGLang name=tta_v2205 path=outputs/online_tta/online_tta_adapters/tta_v2205
[2026-08-27 17:05:19,372][openttl.online.tta_runner][INFO] - TTA sync LoRA -> SGLang name=tta_v2206 path=outputs/online_tta/online_tta_adapters/tta_v2206
[2026-08-27 17:05:21,127][openttl.online.tta_runner][INFO] - TTA sync LoRA -> SGLang name=tta_v2207 path=outputs/online_tta/online_tta_adapters/tta_v2207
[2026-08-27 17:05:22,759][openttl.online.tta_runner][INFO] - TTA sync LoRA -> SGLang name=tta_v2208 path=outputs/online_tta/online_tta_adapters/tta_v2208
[2026-08-27 17:05:24,332][openttl.online.tta_runner][INFO] - TTA sync LoRA -> SGLang name=tta_v2209 path=outputs/online_tta/online_tta_adapters/tta_v2209
[2026-08-27 17:05:25,998][openttl.online.tta_runner][INFO] - TTA sync LoRA -> SGLang name=tta_v2210 path=outputs/online_tta/online_tta_adapters/tta_v2210
[2026-08-27 17:05:27,688][openttl.online.tta_runner][INFO] - TTA sync LoRA -> SGLang name=tta_v2211 path=outputs/online_tta/online_tta_adapters/tta_v2211
[2026-08-27 17:05:29,400][openttl.online.tta_runner][INFO] - TTA sync LoRA -> SGLang name=tta_v2212 path=outputs/online_tta/online_tta_adapters/tta_v2212
[2026-08-27 17:05:31,060][openttl.online.tta_runner][INFO] - TTA sync LoRA -> SGLang name=tta_v2213 path=outputs/online_tta/online_tta_adapters/tta_v2213
[2026-08-27 17:05:32,609][openttl.online.tta_runner][INFO] - TTA sync LoRA -> SGLang name=tta_v2214 path=outputs/online_tta/online_tta_adapters/tta_v2214
[2026-08-27 17:05:34,264][openttl.online.tta_runner][INFO] - TTA sync LoRA -> SGLang name=tta_v2215 path=outputs/online_tta/online_tta_adapters/tta_v2215
[2026-08-27 17:05:35,934][openttl.online.tta_runner][INFO] - TTA sync LoRA -> SGLang name=tta_v2216 path=outputs/online_tta/online_tta_adapters/tta_v2216
[2026-08-27 17:05:37,660][openttl.online.tta_runner][INFO] - TTA sync LoRA -> SGLang name=tta_v2217 path=outputs/online_tta/online_tta_adapters/tta_v2217
[2026-08-27 17:05:39,325][openttl.online.tta_runner][INFO] - TTA sync LoRA -> SGLang name=tta_v2218 path=outputs/online_tta/online_tta_adapters/tta_v2218
[2026-08-27 17:05:40,974][openttl.online.tta_runner][INFO] - TTA sync LoRA -> SGLang name=tta_v2219 path=outputs/online_tta/online_tta_adapters/tta_v2219
[2026-08-27 17:05:42,659][openttl.online.tta_runner][INFO] - TTA sync LoRA -> SGLang name=tta_v2220 path=outputs/online_tta/online_tta_adapters/tta_v2220
[2220/4329] acc=0.4977 pred=D gold=D loss=4.333429842517944e-06 (1.7s/sample)
[2026-08-27 17:05:44,344][openttl.online.tta_runner][INFO] - TTA sync LoRA -> SGLang name=tta_v2221 path=outputs/online_tta/online_tta_adapters/tta_v2221
[2026-08-27 17:05:46,070][openttl.online.tta_runner][INFO] - TTA sync LoRA -> SGLang name=tta_v2222 path=outputs/online_tta/online_tta_adapters/tta_v2222
[2026-08-27 17:05:47,846][openttl.online.tta_runner][INFO] - TTA sync LoRA -> SGLang name=tta_v2223 path=outputs/online_tta/online_tta_adapters/tta_v2223
[2026-08-27 17:05:49,576][openttl.online.tta_runner][INFO] - TTA sync LoRA -> SGLang name=tta_v2224 path=outputs/online_tta/online_tta_adapters/tta_v2224
[2026-08-27 17:05:51,233][openttl.online.tta_runner][INFO] - TTA sync LoRA -> SGLang name=tta_v2225 path=outputs/online_tta/online_tta_adapters/tta_v2225
[2026-08-27 17:05:52,898][openttl.online.tta_runner][INFO] - TTA sync LoRA -> SGLang name=tta_v2226 path=outputs/online_tta/online_tta_adapters/tta_v2226
[2026-08-27 17:05:54,654][openttl.online.tta_runner][INFO] - TTA sync LoRA -> SGLang name=tta_v2227 path=outputs/online_tta/online_tta_adapters/tta_v2227
[2026-08-27 17:05:56,182][openttl.online.tta_runner][INFO] - TTA sync LoRA -> SGLang name=tta_v2228 path=outputs/online_tta/online_tta_adapters/tta_v2228
[2026-08-27 17:05:57,880][openttl.online.tta_runner][INFO] - TTA sync LoRA -> SGLang name=tta_v2229 path=outputs/online_tta/online_tta_adapters/tta_v2229
[2026-08-27 17:05:59,542][openttl.online.tta_runner][INFO] - TTA sync LoRA -> SGLang name=tta_v2230 path=outputs/online_tta/online_tta_adapters/tta_v2230
[2026-08-27 17:06:01,255][openttl.online.tta_runner][INFO] - TTA sync LoRA -> SGLang name=tta_v2231 path=outputs/online_tta/online_tta_adapters/tta_v2231
[2026-08-27 17:06:02,915][openttl.online.tta_runner][INFO] - TTA sync LoRA -> SGLang name=tta_v2232 path=outputs/online_tta/online_tta_adapters/tta_v2232
[2026-08-27 17:06:04,595][openttl.online.tta_runner][INFO] - TTA sync LoRA -> SGLang name=tta_v2233 path=outputs/online_tta/online_tta_adapters/tta_v2233
[2026-08-27 17:06:06,281][openttl.online.tta_runner][INFO] - TTA sync LoRA -> SGLang name=tta_v2234 path=outputs/online_tta/online_tta_adapters/tta_v2234
[2026-08-27 17:06:07,931][openttl.online.tta_runner][INFO] - TTA sync LoRA -> SGLang name=tta_v2235 path=outputs/online_tta/online_tta_adapters/tta_v2235
[2026-08-27 17:06:09,608][openttl.online.tta_runner][INFO] - TTA sync LoRA -> SGLang name=tta_v2236 path=outputs/online_tta/online_tta_adapters/tta_v2236
[2026-08-27 17:06:11,260][openttl.online.tta_runner][INFO] - TTA sync LoRA -> SGLang name=tta_v2237 path=outputs/online_tta/online_tta_adapters/tta_v2237
[2026-08-27 17:06:12,924][openttl.online.tta_runner][INFO] - TTA sync LoRA -> SGLang name=tta_v2238 path=outputs/online_tta/online_tta_adapters/tta_v2238
[2026-08-27 17:06:14,610][openttl.online.tta_runner][INFO] - TTA sync LoRA -> SGLang name=tta_v2239 path=outputs/online_tta/online_tta_adapters/tta_v2239
[2026-08-27 17:06:16,261][openttl.online.tta_runner][INFO] - TTA sync LoRA -> SGLang name=tta_v2240 path=outputs/online_tta/online_tta_adapters/tta_v2240
[2240/4329] acc=0.4960 pred=D gold=D loss=3.4452996260370128e-06 (1.7s/sample)
[2026-08-27 17:06:17,916][openttl.online.tta_runner][INFO] - TTA sync LoRA -> SGLang name=tta_v2241 path=outputs/online_tta/online_tta_adapters/tta_v2241
[2026-08-27 17:06:19,673][openttl.online.tta_runner][INFO] - TTA sync LoRA -> SGLang name=tta_v2242 path=outputs/online_tta/online_tta_adapters/tta_v2242
[2026-08-27 17:06:21,338][openttl.online.tta_runner][INFO] - TTA sync LoRA -> SGLang name=tta_v2243 path=outputs/online_tta/online_tta_adapters/tta_v2243
[2026-08-27 17:06:23,013][openttl.online.tta_runner][INFO] - TTA sync LoRA -> SGLang name=tta_v2244 path=outputs/online_tta/online_tta_adapters/tta_v2244
[2026-08-27 17:06:24,745][openttl.online.tta_runner][INFO] - TTA sync LoRA -> SGLang name=tta_v2245 path=outputs/online_tta/online_tta_adapters/tta_v2245
[2026-08-27 17:06:26,450][openttl.online.tta_runner][INFO] - TTA sync LoRA -> SGLang name=tta_v2246 path=outputs/online_tta/online_tta_adapters/tta_v2246
[2026-08-27 17:06:28,143][openttl.online.tta_runner][INFO] - TTA sync LoRA -> SGLang name=tta_v2247 path=outputs/online_tta/online_tta_adapters/tta_v2247
[2026-08-27 17:06:29,861][openttl.online.tta_runner][INFO] - TTA sync LoRA -> SGLang name=tta_v2248 path=outputs/online_tta/online_tta_adapters/tta_v2248
[2026-08-27 17:06:31,582][openttl.online.tta_runner][INFO] - TTA sync LoRA -> SGLang name=tta_v2249 path=outputs/online_tta/online_tta_adapters/tta_v2249
[2026-08-27 17:06:33,322][openttl.online.tta_runner][INFO] - TTA sync LoRA -> SGLang name=tta_v2250 path=outputs/online_tta/online_tta_adapters/tta_v2250
[2026-08-27 17:06:35,073][openttl.online.tta_runner][INFO] - TTA sync LoRA -> SGLang name=tta_v2251 path=outputs/online_tta/online_tta_adapters/tta_v2251
[2026-08-27 17:06:36,823][openttl.online.tta_runner][INFO] - TTA sync LoRA -> SGLang name=tta_v2252 path=outputs/online_tta/online_tta_adapters/tta_v2252
[2026-08-27 17:06:38,538][openttl.online.tta_runner][INFO] - TTA sync LoRA -> SGLang name=tta_v2253 path=outputs/online_tta/online_tta_adapters/tta_v2253
[2026-08-27 17:06:40,186][openttl.online.tta_runner][INFO] - TTA sync LoRA -> SGLang name=tta_v2254 path=outputs/online_tta/online_tta_adapters/tta_v2254
[2026-08-27 17:06:41,830][openttl.online.tta_runner][INFO] - TTA sync LoRA -> SGLang name=tta_v2255 path=outputs/online_tta/online_tta_adapters/tta_v2255
[2026-08-27 17:06:43,486][openttl.online.tta_runner][INFO] - TTA sync LoRA -> SGLang name=tta_v2256 path=outputs/online_tta/online_tta_adapters/tta_v2256
[2026-08-27 17:06:45,195][openttl.online.tta_runner][INFO] - TTA sync LoRA -> SGLang name=tta_v2257 path=outputs/online_tta/online_tta_adapters/tta_v2257
[2026-08-27 17:06:46,857][openttl.online.tta_runner][INFO] - TTA sync LoRA -> SGLang name=tta_v2258 path=outputs/online_tta/online_tta_adapters/tta_v2258
[2026-08-27 17:06:48,549][openttl.online.tta_runner][INFO] - TTA sync LoRA -> SGLang name=tta_v2259 path=outputs/online_tta/online_tta_adapters/tta_v2259
[2026-08-27 17:06:50,243][openttl.online.tta_runner][INFO] - TTA sync LoRA -> SGLang name=tta_v2260 path=outputs/online_tta/online_tta_adapters/tta_v2260
[2260/4329] acc=0.4942 pred=D gold=A loss=3.097035914834123e-06 (1.7s/sample)
[2026-08-27 17:06:52,027][openttl.online.tta_runner][INFO] - TTA sync LoRA -> SGLang name=tta_v2261 path=outputs/online_tta/online_tta_adapters/tta_v2261
[2026-08-27 17:06:53,820][openttl.online.tta_runner][INFO] - TTA sync LoRA -> SGLang name=tta_v2262 path=outputs/online_tta/online_tta_adapters/tta_v2262
[2026-08-27 17:06:55,516][openttl.online.tta_runner][INFO] - TTA sync LoRA -> SGLang name=tta_v2263 path=outputs/online_tta/online_tta_adapters/tta_v2263
[2026-08-27 17:06:57,246][openttl.online.tta_runner][INFO] - TTA sync LoRA -> SGLang name=tta_v2264 path=outputs/online_tta/online_tta_adapters/tta_v2264
[2026-08-27 17:06:59,049][openttl.online.tta_runner][INFO] - TTA sync LoRA -> SGLang name=tta_v2265 path=outputs/online_tta/online_tta_adapters/tta_v2265
[2026-08-27 17:07:00,791][openttl.online.tta_runner][INFO] - TTA sync LoRA -> SGLang name=tta_v2266 path=outputs/online_tta/online_tta_adapters/tta_v2266
[2026-08-27 17:07:02,504][openttl.online.tta_runner][INFO] - TTA sync LoRA -> SGLang name=tta_v2267 path=outputs/online_tta/online_tta_adapters/tta_v2267
[2026-08-27 17:07:04,220][openttl.online.tta_runner][INFO] - TTA sync LoRA -> SGLang name=tta_v2268 path=outputs/online_tta/online_tta_adapters/tta_v2268
[2026-08-27 17:07:05,925][openttl.online.tta_runner][INFO] - TTA sync LoRA -> SGLang name=tta_v2269 path=outputs/online_tta/online_tta_adapters/tta_v2269
[2026-08-27 17:07:07,775][openttl.online.tta_runner][INFO] - TTA sync LoRA -> SGLang name=tta_v2270 path=outputs/online_tta/online_tta_adapters/tta_v2270
[2026-08-27 17:07:09,574][openttl.online.tta_runner][INFO] - TTA sync LoRA -> SGLang name=tta_v2271 path=outputs/online_tta/online_tta_adapters/tta_v2271
[2026-08-27 17:07:11,441][openttl.online.tta_runner][INFO] - TTA sync LoRA -> SGLang name=tta_v2272 path=outputs/online_tta/online_tta_adapters/tta_v2272
[2026-08-27 17:07:13,327][openttl.online.tta_runner][INFO] - TTA sync LoRA -> SGLang name=tta_v2273 path=outputs/online_tta/online_tta_adapters/tta_v2273
[2026-08-27 17:07:15,142][openttl.online.tta_runner][INFO] - TTA sync LoRA -> SGLang name=tta_v2274 path=outputs/online_tta/online_tta_adapters/tta_v2274
[2026-08-27 17:07:16,963][openttl.online.tta_runner][INFO] - TTA sync LoRA -> SGLang name=tta_v2275 path=outputs/online_tta/online_tta_adapters/tta_v2275
[2026-08-27 17:07:18,815][openttl.online.tta_runner][INFO] - TTA sync LoRA -> SGLang name=tta_v2276 path=outputs/online_tta/online_tta_adapters/tta_v2276
[2026-08-27 17:07:20,658][openttl.online.tta_runner][INFO] - TTA sync LoRA -> SGLang name=tta_v2277 path=outputs/online_tta/online_tta_adapters/tta_v2277
[2026-08-27 17:07:22,494][openttl.online.tta_runner][INFO] - TTA sync LoRA -> SGLang name=tta_v2278 path=outputs/online_tta/online_tta_adapters/tta_v2278
[2026-08-27 17:07:24,311][openttl.online.tta_runner][INFO] - TTA sync LoRA -> SGLang name=tta_v2279 path=outputs/online_tta/online_tta_adapters/tta_v2279
[2026-08-27 17:07:26,125][openttl.online.tta_runner][INFO] - TTA sync LoRA -> SGLang name=tta_v2280 path=outputs/online_tta/online_tta_adapters/tta_v2280
[2280/4329] acc=0.4921 pred=D gold=A loss=2.948534529423341e-06 (1.7s/sample)
[2026-08-27 17:07:27,874][openttl.online.tta_runner][INFO] - TTA sync LoRA -> SGLang name=tta_v2281 path=outputs/online_tta/online_tta_adapters/tta_v2281
[2026-08-27 17:07:29,703][openttl.online.tta_runner][INFO] - TTA sync LoRA -> SGLang name=tta_v2282 path=outputs/online_tta/online_tta_adapters/tta_v2282
[2026-08-27 17:07:31,558][openttl.online.tta_runner][INFO] - TTA sync LoRA -> SGLang name=tta_v2283 path=outputs/online_tta/online_tta_adapters/tta_v2283
[2026-08-27 17:07:33,451][openttl.online.tta_runner][INFO] - TTA sync LoRA -> SGLang name=tta_v2284 path=outputs/online_tta/online_tta_adapters/tta_v2284
[2026-08-27 17:07:35,296][openttl.online.tta_runner][INFO] - TTA sync LoRA -> SGLang name=tta_v2285 path=outputs/online_tta/online_tta_adapters/tta_v2285
[2026-08-27 17:07:37,088][openttl.online.tta_runner][INFO] - TTA sync LoRA -> SGLang name=tta_v2286 path=outputs/online_tta/online_tta_adapters/tta_v2286
[2026-08-27 17:07:38,845][openttl.online.tta_runner][INFO] - TTA sync LoRA -> SGLang name=tta_v2287 path=outputs/online_tta/online_tta_adapters/tta_v2287
[2026-08-27 17:07:40,663][openttl.online.tta_runner][INFO] - TTA sync LoRA -> SGLang name=tta_v2288 path=outputs/online_tta/online_tta_adapters/tta_v2288
[2026-08-27 17:07:42,478][openttl.online.tta_runner][INFO] - TTA sync LoRA -> SGLang name=tta_v2289 path=outputs/online_tta/online_tta_adapters/tta_v2289
[2026-08-27 17:07:44,278][openttl.online.tta_runner][INFO] - TTA sync LoRA -> SGLang name=tta_v2290 path=outputs/online_tta/online_tta_adapters/tta_v2290
[2026-08-27 17:07:46,170][openttl.online.tta_runner][INFO] - TTA sync LoRA -> SGLang name=tta_v2291 path=outputs/online_tta/online_tta_adapters/tta_v2291
[2026-08-27 17:07:47,982][openttl.online.tta_runner][INFO] - TTA sync LoRA -> SGLang name=tta_v2292 path=outputs/online_tta/online_tta_adapters/tta_v2292
[2026-08-27 17:07:49,745][openttl.online.tta_runner][INFO] - TTA sync LoRA -> SGLang name=tta_v2293 path=outputs/online_tta/online_tta_adapters/tta_v2293
[2026-08-27 17:07:51,638][openttl.online.tta_runner][INFO] - TTA sync LoRA -> SGLang name=tta_v2294 path=outputs/online_tta/online_tta_adapters/tta_v2294
[2026-08-27 17:07:53,528][openttl.online.tta_runner][INFO] - TTA sync LoRA -> SGLang name=tta_v2295 path=outputs/online_tta/online_tta_adapters/tta_v2295
[2026-08-27 17:07:55,247][openttl.online.tta_runner][INFO] - TTA sync LoRA -> SGLang name=tta_v2296 path=outputs/online_tta/online_tta_adapters/tta_v2296
[2026-08-27 17:07:56,921][openttl.online.tta_runner][INFO] - TTA sync LoRA -> SGLang name=tta_v2297 path=outputs/online_tta/online_tta_adapters/tta_v2297
[2026-08-27 17:07:58,496][openttl.online.tta_runner][INFO] - TTA sync LoRA -> SGLang name=tta_v2298 path=outputs/online_tta/online_tta_adapters/tta_v2298
[2026-08-27 17:08:00,050][openttl.online.tta_runner][INFO] - TTA sync LoRA -> SGLang name=tta_v2299 path=outputs/online_tta/online_tta_adapters/tta_v2299
[2026-08-27 17:08:01,620][openttl.online.tta_runner][INFO] - TTA sync LoRA -> SGLang name=tta_v2300 path=outputs/online_tta/online_tta_adapters/tta_v2300
[2300/4329] acc=0.4891 pred=D gold=B loss=4.981309757567942e-06 (1.7s/sample)
[2026-08-27 17:08:03,312][openttl.online.tta_runner][INFO] - TTA sync LoRA -> SGLang name=tta_v2301 path=outputs/online_tta/online_tta_adapters/tta_v2301
[2026-08-27 17:08:05,115][openttl.online.tta_runner][INFO] - TTA sync LoRA -> SGLang name=tta_v2302 path=outputs/online_tta/online_tta_adapters/tta_v2302
[2026-08-27 17:08:06,807][openttl.online.tta_runner][INFO] - TTA sync LoRA -> SGLang name=tta_v2303 path=outputs/online_tta/online_tta_adapters/tta_v2303
[2026-08-27 17:08:08,441][openttl.online.tta_runner][INFO] - TTA sync LoRA -> SGLang name=tta_v2304 path=outputs/online_tta/online_tta_adapters/tta_v2304
[2026-08-27 17:08:10,082][openttl.online.tta_runner][INFO] - TTA sync LoRA -> SGLang name=tta_v2305 path=outputs/online_tta/online_tta_adapters/tta_v2305
[2026-08-27 17:08:11,647][openttl.online.tta_runner][INFO] - TTA sync LoRA -> SGLang name=tta_v2306 path=outputs/online_tta/online_tta_adapters/tta_v2306
[2026-08-27 17:08:13,382][openttl.online.tta_runner][INFO] - TTA sync LoRA -> SGLang name=tta_v2307 path=outputs/online_tta/online_tta_adapters/tta_v2307
[2026-08-27 17:08:15,054][openttl.online.tta_runner][INFO] - TTA sync LoRA -> SGLang name=tta_v2308 path=outputs/online_tta/online_tta_adapters/tta_v2308
[2026-08-27 17:08:16,645][openttl.online.tta_runner][INFO] - TTA sync LoRA -> SGLang name=tta_v2309 path=outputs/online_tta/online_tta_adapters/tta_v2309
[2026-08-27 17:08:18,188][openttl.online.tta_runner][INFO] - TTA sync LoRA -> SGLang name=tta_v2310 path=outputs/online_tta/online_tta_adapters/tta_v2310
[2026-08-27 17:08:19,742][openttl.online.tta_runner][INFO] - TTA sync LoRA -> SGLang name=tta_v2311 path=outputs/online_tta/online_tta_adapters/tta_v2311
[2026-08-27 17:08:21,393][openttl.online.tta_runner][INFO] - TTA sync LoRA -> SGLang name=tta_v2312 path=outputs/online_tta/online_tta_adapters/tta_v2312
[2026-08-27 17:08:22,955][openttl.online.tta_runner][INFO] - TTA sync LoRA -> SGLang name=tta_v2313 path=outputs/online_tta/online_tta_adapters/tta_v2313
[2026-08-27 17:08:24,519][openttl.online.tta_runner][INFO] - TTA sync LoRA -> SGLang name=tta_v2314 path=outputs/online_tta/online_tta_adapters/tta_v2314
[2026-08-27 17:08:26,078][openttl.online.tta_runner][INFO] - TTA sync LoRA -> SGLang name=tta_v2315 path=outputs/online_tta/online_tta_adapters/tta_v2315
[2026-08-27 17:08:27,634][openttl.online.tta_runner][INFO] - TTA sync LoRA -> SGLang name=tta_v2316 path=outputs/online_tta/online_tta_adapters/tta_v2316
[2026-08-27 17:08:29,187][openttl.online.tta_runner][INFO] - TTA sync LoRA -> SGLang name=tta_v2317 path=outputs/online_tta/online_tta_adapters/tta_v2317
[2026-08-27 17:08:30,747][openttl.online.tta_runner][INFO] - TTA sync LoRA -> SGLang name=tta_v2318 path=outputs/online_tta/online_tta_adapters/tta_v2318
[2026-08-27 17:08:32,331][openttl.online.tta_runner][INFO] - TTA sync LoRA -> SGLang name=tta_v2319 path=outputs/online_tta/online_tta_adapters/tta_v2319
[2026-08-27 17:08:33,868][openttl.online.tta_runner][INFO] - TTA sync LoRA -> SGLang name=tta_v2320 path=outputs/online_tta/online_tta_adapters/tta_v2320
[2320/4329] acc=0.4849 pred=D gold=C loss=4.612313205143437e-06 (1.7s/sample)
[2026-08-27 17:08:35,569][openttl.online.tta_runner][INFO] - TTA sync LoRA -> SGLang name=tta_v2321 path=outputs/online_tta/online_tta_adapters/tta_v2321
[2026-08-27 17:08:37,316][openttl.online.tta_runner][INFO] - TTA sync LoRA -> SGLang name=tta_v2322 path=outputs/online_tta/online_tta_adapters/tta_v2322
[2026-08-27 17:08:38,936][openttl.online.tta_runner][INFO] - TTA sync LoRA -> SGLang name=tta_v2323 path=outputs/online_tta/online_tta_adapters/tta_v2323
[2026-08-27 17:08:40,746][openttl.online.tta_runner][INFO] - TTA sync LoRA -> SGLang name=tta_v2324 path=outputs/online_tta/online_tta_adapters/tta_v2324
[2026-08-27 17:08:42,304][openttl.online.tta_runner][INFO] - TTA sync LoRA -> SGLang name=tta_v2325 path=outputs/online_tta/online_tta_adapters/tta_v2325
[2026-08-27 17:08:43,872][openttl.online.tta_runner][INFO] - TTA sync LoRA -> SGLang name=tta_v2326 path=outputs/online_tta/online_tta_adapters/tta_v2326
[2026-08-27 17:08:45,596][openttl.online.tta_runner][INFO] - TTA sync LoRA -> SGLang name=tta_v2327 path=outputs/online_tta/online_tta_adapters/tta_v2327
[2026-08-27 17:08:47,239][openttl.online.tta_runner][INFO] - TTA sync LoRA -> SGLang name=tta_v2328 path=outputs/online_tta/online_tta_adapters/tta_v2328
[2026-08-27 17:08:49,066][openttl.online.tta_runner][INFO] - TTA sync LoRA -> SGLang name=tta_v2329 path=outputs/online_tta/online_tta_adapters/tta_v2329
[2026-08-27 17:08:50,809][openttl.online.tta_runner][INFO] - TTA sync LoRA -> SGLang name=tta_v2330 path=outputs/online_tta/online_tta_adapters/tta_v2330
[2026-08-27 17:08:52,650][openttl.online.tta_runner][INFO] - TTA sync LoRA -> SGLang name=tta_v2331 path=outputs/online_tta/online_tta_adapters/tta_v2331
[2026-08-27 17:08:54,351][openttl.online.tta_runner][INFO] - TTA sync LoRA -> SGLang name=tta_v2332 path=outputs/online_tta/online_tta_adapters/tta_v2332
[2026-08-27 17:08:55,928][openttl.online.tta_runner][INFO] - TTA sync LoRA -> SGLang name=tta_v2333 path=outputs/online_tta/online_tta_adapters/tta_v2333
[2026-08-27 17:08:57,526][openttl.online.tta_runner][INFO] - TTA sync LoRA -> SGLang name=tta_v2334 path=outputs/online_tta/online_tta_adapters/tta_v2334
[2026-08-27 17:08:59,091][openttl.online.tta_runner][INFO] - TTA sync LoRA -> SGLang name=tta_v2335 path=outputs/online_tta/online_tta_adapters/tta_v2335
[2026-08-27 17:09:00,669][openttl.online.tta_runner][INFO] - TTA sync LoRA -> SGLang name=tta_v2336 path=outputs/online_tta/online_tta_adapters/tta_v2336
[2026-08-27 17:09:02,224][openttl.online.tta_runner][INFO] - TTA sync LoRA -> SGLang name=tta_v2337 path=outputs/online_tta/online_tta_adapters/tta_v2337
[2026-08-27 17:09:03,776][openttl.online.tta_runner][INFO] - TTA sync LoRA -> SGLang name=tta_v2338 path=outputs/online_tta/online_tta_adapters/tta_v2338
[2026-08-27 17:09:05,329][openttl.online.tta_runner][INFO] - TTA sync LoRA -> SGLang name=tta_v2339 path=outputs/online_tta/online_tta_adapters/tta_v2339
[2026-08-27 17:09:06,878][openttl.online.tta_runner][INFO] - TTA sync LoRA -> SGLang name=tta_v2340 path=outputs/online_tta/online_tta_adapters/tta_v2340
[2340/4329] acc=0.4825 pred=B gold=A loss=4.311313205107581e-06 (1.7s/sample)
[2026-08-27 17:09:08,433][openttl.online.tta_runner][INFO] - TTA sync LoRA -> SGLang name=tta_v2341 path=outputs/online_tta/online_tta_adapters/tta_v2341
[2026-08-27 17:09:10,160][openttl.online.tta_runner][INFO] - TTA sync LoRA -> SGLang name=tta_v2342 path=outputs/online_tta/online_tta_adapters/tta_v2342
[2026-08-27 17:09:11,788][openttl.online.tta_runner][INFO] - TTA sync LoRA -> SGLang name=tta_v2343 path=outputs/online_tta/online_tta_adapters/tta_v2343
[2026-08-27 17:09:13,335][openttl.online.tta_runner][INFO] - TTA sync LoRA -> SGLang name=tta_v2344 path=outputs/online_tta/online_tta_adapters/tta_v2344
[2026-08-27 17:09:14,897][openttl.online.tta_runner][INFO] - TTA sync LoRA -> SGLang name=tta_v2345 path=outputs/online_tta/online_tta_adapters/tta_v2345
[2026-08-27 17:09:16,466][openttl.online.tta_runner][INFO] - TTA sync LoRA -> SGLang name=tta_v2346 path=outputs/online_tta/online_tta_adapters/tta_v2346
[2026-08-27 17:09:18,039][openttl.online.tta_runner][INFO] - TTA sync LoRA -> SGLang name=tta_v2347 path=outputs/online_tta/online_tta_adapters/tta_v2347
[2026-08-27 17:09:19,628][openttl.online.tta_runner][INFO] - TTA sync LoRA -> SGLang name=tta_v2348 path=outputs/online_tta/online_tta_adapters/tta_v2348
[2026-08-27 17:09:21,189][openttl.online.tta_runner][INFO] - TTA sync LoRA -> SGLang name=tta_v2349 path=outputs/online_tta/online_tta_adapters/tta_v2349
[2026-08-27 17:09:22,747][openttl.online.tta_runner][INFO] - TTA sync LoRA -> SGLang name=tta_v2350 path=outputs/online_tta/online_tta_adapters/tta_v2350
[2026-08-27 17:09:24,330][openttl.online.tta_runner][INFO] - TTA sync LoRA -> SGLang name=tta_v2351 path=outputs/online_tta/online_tta_adapters/tta_v2351
[2026-08-27 17:09:26,005][openttl.online.tta_runner][INFO] - TTA sync LoRA -> SGLang name=tta_v2352 path=outputs/online_tta/online_tta_adapters/tta_v2352
[2026-08-27 17:09:27,588][openttl.online.tta_runner][INFO] - TTA sync LoRA -> SGLang name=tta_v2353 path=outputs/online_tta/online_tta_adapters/tta_v2353
[2026-08-27 17:09:29,197][openttl.online.tta_runner][INFO] - TTA sync LoRA -> SGLang name=tta_v2354 path=outputs/online_tta/online_tta_adapters/tta_v2354
[2026-08-27 17:09:30,910][openttl.online.tta_runner][INFO] - TTA sync LoRA -> SGLang name=tta_v2355 path=outputs/online_tta/online_tta_adapters/tta_v2355
[2026-08-27 17:09:32,582][openttl.online.tta_runner][INFO] - TTA sync LoRA -> SGLang name=tta_v2356 path=outputs/online_tta/online_tta_adapters/tta_v2356
[2026-08-27 17:09:34,212][openttl.online.tta_runner][INFO] - TTA sync LoRA -> SGLang name=tta_v2357 path=outputs/online_tta/online_tta_adapters/tta_v2357
[2026-08-27 17:09:35,875][openttl.online.tta_runner][INFO] - TTA sync LoRA -> SGLang name=tta_v2358 path=outputs/online_tta/online_tta_adapters/tta_v2358
[2026-08-27 17:09:37,606][openttl.online.tta_runner][INFO] - TTA sync LoRA -> SGLang name=tta_v2359 path=outputs/online_tta/online_tta_adapters/tta_v2359
[2026-08-27 17:09:39,409][openttl.online.tta_runner][INFO] - TTA sync LoRA -> SGLang name=tta_v2360 path=outputs/online_tta/online_tta_adapters/tta_v2360
[2360/4329] acc=0.4818 pred=B gold=B loss=3.4100025914085563e-06 (1.7s/sample)
[2026-08-27 17:09:41,095][openttl.online.tta_runner][INFO] - TTA sync LoRA -> SGLang name=tta_v2361 path=outputs/online_tta/online_tta_adapters/tta_v2361
[2026-08-27 17:09:42,699][openttl.online.tta_runner][INFO] - TTA sync LoRA -> SGLang name=tta_v2362 path=outputs/online_tta/online_tta_adapters/tta_v2362
[2026-08-27 17:09:44,379][openttl.online.tta_runner][INFO] - TTA sync LoRA -> SGLang name=tta_v2363 path=outputs/online_tta/online_tta_adapters/tta_v2363
[2026-08-27 17:09:46,053][openttl.online.tta_runner][INFO] - TTA sync LoRA -> SGLang name=tta_v2364 path=outputs/online_tta/online_tta_adapters/tta_v2364
[2026-08-27 17:09:47,817][openttl.online.tta_runner][INFO] - TTA sync LoRA -> SGLang name=tta_v2365 path=outputs/online_tta/online_tta_adapters/tta_v2365
[2026-08-27 17:09:49,571][openttl.online.tta_runner][INFO] - TTA sync LoRA -> SGLang name=tta_v2366 path=outputs/online_tta/online_tta_adapters/tta_v2366
[2026-08-27 17:09:51,347][openttl.online.tta_runner][INFO] - TTA sync LoRA -> SGLang name=tta_v2367 path=outputs/online_tta/online_tta_adapters/tta_v2367
[2026-08-27 17:09:53,114][openttl.online.tta_runner][INFO] - TTA sync LoRA -> SGLang name=tta_v2368 path=outputs/online_tta/online_tta_adapters/tta_v2368
[2026-08-27 17:09:54,954][openttl.online.tta_runner][INFO] - TTA sync LoRA -> SGLang name=tta_v2369 path=outputs/online_tta/online_tta_adapters/tta_v2369
[2026-08-27 17:09:56,445][openttl.online.tta_runner][INFO] - TTA sync LoRA -> SGLang name=tta_v2370 path=outputs/online_tta/online_tta_adapters/tta_v2370
[2026-08-27 17:09:58,276][openttl.online.tta_runner][INFO] - TTA sync LoRA -> SGLang name=tta_v2371 path=outputs/online_tta/online_tta_adapters/tta_v2371
[2026-08-27 17:09:59,937][openttl.online.tta_runner][INFO] - TTA sync LoRA -> SGLang name=tta_v2372 path=outputs/online_tta/online_tta_adapters/tta_v2372
[2026-08-27 17:10:01,656][openttl.online.tta_runner][INFO] - TTA sync LoRA -> SGLang name=tta_v2373 path=outputs/online_tta/online_tta_adapters/tta_v2373
[2026-08-27 17:10:03,297][openttl.online.tta_runner][INFO] - TTA sync LoRA -> SGLang name=tta_v2374 path=outputs/online_tta/online_tta_adapters/tta_v2374
[2026-08-27 17:10:04,952][openttl.online.tta_runner][INFO] - TTA sync LoRA -> SGLang name=tta_v2375 path=outputs/online_tta/online_tta_adapters/tta_v2375
[2026-08-27 17:10:06,782][openttl.online.tta_runner][INFO] - TTA sync LoRA -> SGLang name=tta_v2376 path=outputs/online_tta/online_tta_adapters/tta_v2376
[2026-08-27 17:10:08,444][openttl.online.tta_runner][INFO] - TTA sync LoRA -> SGLang name=tta_v2377 path=outputs/online_tta/online_tta_adapters/tta_v2377
[2026-08-27 17:10:10,408][openttl.online.tta_runner][INFO] - TTA sync LoRA -> SGLang name=tta_v2378 path=outputs/online_tta/online_tta_adapters/tta_v2378
[2026-08-27 17:10:12,084][openttl.online.tta_runner][INFO] - TTA sync LoRA -> SGLang name=tta_v2379 path=outputs/online_tta/online_tta_adapters/tta_v2379
[2026-08-27 17:10:13,797][openttl.online.tta_runner][INFO] - TTA sync LoRA -> SGLang name=tta_v2380 path=outputs/online_tta/online_tta_adapters/tta_v2380
[2380/4329] acc=0.4790 pred=B gold=C loss=4.84654083265923e-06 (1.7s/sample)
[2026-08-27 17:10:15,439][openttl.online.tta_runner][INFO] - TTA sync LoRA -> SGLang name=tta_v2381 path=outputs/online_tta/online_tta_adapters/tta_v2381
[2026-08-27 17:10:17,079][openttl.online.tta_runner][INFO] - TTA sync LoRA -> SGLang name=tta_v2382 path=outputs/online_tta/online_tta_adapters/tta_v2382
[2026-08-27 17:10:18,720][openttl.online.tta_runner][INFO] - TTA sync LoRA -> SGLang name=tta_v2383 path=outputs/online_tta/online_tta_adapters/tta_v2383
[2026-08-27 17:10:20,357][openttl.online.tta_runner][INFO] - TTA sync LoRA -> SGLang name=tta_v2384 path=outputs/online_tta/online_tta_adapters/tta_v2384
[2026-08-27 17:10:21,900][openttl.online.tta_runner][INFO] - TTA sync LoRA -> SGLang name=tta_v2385 path=outputs/online_tta/online_tta_adapters/tta_v2385
[2026-08-27 17:10:23,432][openttl.online.tta_runner][INFO] - TTA sync LoRA -> SGLang name=tta_v2386 path=outputs/online_tta/online_tta_adapters/tta_v2386
[2026-08-27 17:10:24,972][openttl.online.tta_runner][INFO] - TTA sync LoRA -> SGLang name=tta_v2387 path=outputs/online_tta/online_tta_adapters/tta_v2387
[2026-08-27 17:10:26,483][openttl.online.tta_runner][INFO] - TTA sync LoRA -> SGLang name=tta_v2388 path=outputs/online_tta/online_tta_adapters/tta_v2388
[2026-08-27 17:10:28,046][openttl.online.tta_runner][INFO] - TTA sync LoRA -> SGLang name=tta_v2389 path=outputs/online_tta/online_tta_adapters/tta_v2389
[2026-08-27 17:10:29,577][openttl.online.tta_runner][INFO] - TTA sync LoRA -> SGLang name=tta_v2390 path=outputs/online_tta/online_tta_adapters/tta_v2390
[2026-08-27 17:10:31,099][openttl.online.tta_runner][INFO] - TTA sync LoRA -> SGLang name=tta_v2391 path=outputs/online_tta/online_tta_adapters/tta_v2391
[2026-08-27 17:10:32,582][openttl.online.tta_runner][INFO] - TTA sync LoRA -> SGLang name=tta_v2392 path=outputs/online_tta/online_tta_adapters/tta_v2392
[2026-08-27 17:10:34,152][openttl.online.tta_runner][INFO] - TTA sync LoRA -> SGLang name=tta_v2393 path=outputs/online_tta/online_tta_adapters/tta_v2393
[2026-08-27 17:10:35,680][openttl.online.tta_runner][INFO] - TTA sync LoRA -> SGLang name=tta_v2394 path=outputs/online_tta/online_tta_adapters/tta_v2394
[2026-08-27 17:10:37,312][openttl.online.tta_runner][INFO] - TTA sync LoRA -> SGLang name=tta_v2395 path=outputs/online_tta/online_tta_adapters/tta_v2395
[2026-08-27 17:10:39,027][openttl.online.tta_runner][INFO] - TTA sync LoRA -> SGLang name=tta_v2396 path=outputs/online_tta/online_tta_adapters/tta_v2396
[2026-08-27 17:10:40,664][openttl.online.tta_runner][INFO] - TTA sync LoRA -> SGLang name=tta_v2397 path=outputs/online_tta/online_tta_adapters/tta_v2397
[2026-08-27 17:10:42,300][openttl.online.tta_runner][INFO] - TTA sync LoRA -> SGLang name=tta_v2398 path=outputs/online_tta/online_tta_adapters/tta_v2398
[2026-08-27 17:10:43,933][openttl.online.tta_runner][INFO] - TTA sync LoRA -> SGLang name=tta_v2399 path=outputs/online_tta/online_tta_adapters/tta_v2399
[2026-08-27 17:10:45,557][openttl.online.tta_runner][INFO] - TTA sync LoRA -> SGLang name=tta_v2400 path=outputs/online_tta/online_tta_adapters/tta_v2400
[2400/4329] acc=0.4763 pred=B gold=A loss=5.2020532166352496e-06 (1.7s/sample)
[2026-08-27 17:10:47,128][openttl.online.tta_runner][INFO] - TTA sync LoRA -> SGLang name=tta_v2401 path=outputs/online_tta/online_tta_adapters/tta_v2401
[2026-08-27 17:10:48,714][openttl.online.tta_runner][INFO] - TTA sync LoRA -> SGLang name=tta_v2402 path=outputs/online_tta/online_tta_adapters/tta_v2402
[2026-08-27 17:10:50,352][openttl.online.tta_runner][INFO] - TTA sync LoRA -> SGLang name=tta_v2403 path=outputs/online_tta/online_tta_adapters/tta_v2403
[2026-08-27 17:10:51,902][openttl.online.tta_runner][INFO] - TTA sync LoRA -> SGLang name=tta_v2404 path=outputs/online_tta/online_tta_adapters/tta_v2404
[2026-08-27 17:10:53,644][openttl.online.tta_runner][INFO] - TTA sync LoRA -> SGLang name=tta_v2405 path=outputs/online_tta/online_tta_adapters/tta_v2405
[2026-08-27 17:10:55,276][openttl.online.tta_runner][INFO] - TTA sync LoRA -> SGLang name=tta_v2406 path=outputs/online_tta/online_tta_adapters/tta_v2406
[2026-08-27 17:10:56,846][openttl.online.tta_runner][INFO] - TTA sync LoRA -> SGLang name=tta_v2407 path=outputs/online_tta/online_tta_adapters/tta_v2407
[2026-08-27 17:10:58,499][openttl.online.tta_runner][INFO] - TTA sync LoRA -> SGLang name=tta_v2408 path=outputs/online_tta/online_tta_adapters/tta_v2408
[2026-08-27 17:11:00,154][openttl.online.tta_runner][INFO] - TTA sync LoRA -> SGLang name=tta_v2409 path=outputs/online_tta/online_tta_adapters/tta_v2409
[2026-08-27 17:11:01,727][openttl.online.tta_runner][INFO] - TTA sync LoRA -> SGLang name=tta_v2410 path=outputs/online_tta/online_tta_adapters/tta_v2410
[2026-08-27 17:11:03,288][openttl.online.tta_runner][INFO] - TTA sync LoRA -> SGLang name=tta_v2411 path=outputs/online_tta/online_tta_adapters/tta_v2411
[2026-08-27 17:11:04,851][openttl.online.tta_runner][INFO] - TTA sync LoRA -> SGLang name=tta_v2412 path=outputs/online_tta/online_tta_adapters/tta_v2412
[2026-08-27 17:11:06,431][openttl.online.tta_runner][INFO] - TTA sync LoRA -> SGLang name=tta_v2413 path=outputs/online_tta/online_tta_adapters/tta_v2413
[2026-08-27 17:11:08,000][openttl.online.tta_runner][INFO] - TTA sync LoRA -> SGLang name=tta_v2414 path=outputs/online_tta/online_tta_adapters/tta_v2414
[2026-08-27 17:11:09,584][openttl.online.tta_runner][INFO] - TTA sync LoRA -> SGLang name=tta_v2415 path=outputs/online_tta/online_tta_adapters/tta_v2415
[2026-08-27 17:11:11,205][openttl.online.tta_runner][INFO] - TTA sync LoRA -> SGLang name=tta_v2416 path=outputs/online_tta/online_tta_adapters/tta_v2416
[2026-08-27 17:11:12,795][openttl.online.tta_runner][INFO] - TTA sync LoRA -> SGLang name=tta_v2417 path=outputs/online_tta/online_tta_adapters/tta_v2417
[2026-08-27 17:11:14,351][openttl.online.tta_runner][INFO] - TTA sync LoRA -> SGLang name=tta_v2418 path=outputs/online_tta/online_tta_adapters/tta_v2418
[2026-08-27 17:11:15,905][openttl.online.tta_runner][INFO] - TTA sync LoRA -> SGLang name=tta_v2419 path=outputs/online_tta/online_tta_adapters/tta_v2419
[2026-08-27 17:11:17,445][openttl.online.tta_runner][INFO] - TTA sync LoRA -> SGLang name=tta_v2420 path=outputs/online_tta/online_tta_adapters/tta_v2420
[2420/4329] acc=0.4723 pred=B gold=C loss=3.765415840462083e-06 (1.7s/sample)
[2026-08-27 17:11:19,046][openttl.online.tta_runner][INFO] - TTA sync LoRA -> SGLang name=tta_v2421 path=outputs/online_tta/online_tta_adapters/tta_v2421
[2026-08-27 17:11:20,824][openttl.online.tta_runner][INFO] - TTA sync LoRA -> SGLang name=tta_v2422 path=outputs/online_tta/online_tta_adapters/tta_v2422
[2026-08-27 17:11:22,486][openttl.online.tta_runner][INFO] - TTA sync LoRA -> SGLang name=tta_v2423 path=outputs/online_tta/online_tta_adapters/tta_v2423
[2026-08-27 17:11:24,042][openttl.online.tta_runner][INFO] - TTA sync LoRA -> SGLang name=tta_v2424 path=outputs/online_tta/online_tta_adapters/tta_v2424
[2026-08-27 17:11:25,630][openttl.online.tta_runner][INFO] - TTA sync LoRA -> SGLang name=tta_v2425 path=outputs/online_tta/online_tta_adapters/tta_v2425
[2026-08-27 17:11:27,494][openttl.online.tta_runner][INFO] - TTA sync LoRA -> SGLang name=tta_v2426 path=outputs/online_tta/online_tta_adapters/tta_v2426
[2026-08-27 17:11:29,354][openttl.online.tta_runner][INFO] - TTA sync LoRA -> SGLang name=tta_v2427 path=outputs/online_tta/online_tta_adapters/tta_v2427
[2026-08-27 17:11:31,336][openttl.online.tta_runner][INFO] - TTA sync LoRA -> SGLang name=tta_v2428 path=outputs/online_tta/online_tta_adapters/tta_v2428
[2026-08-27 17:11:33,026][openttl.online.tta_runner][INFO] - TTA sync LoRA -> SGLang name=tta_v2429 path=outputs/online_tta/online_tta_adapters/tta_v2429
[2026-08-27 17:11:34,943][openttl.online.tta_runner][INFO] - TTA sync LoRA -> SGLang name=tta_v2430 path=outputs/online_tta/online_tta_adapters/tta_v2430
[2026-08-27 17:11:36,808][openttl.online.tta_runner][INFO] - TTA sync LoRA -> SGLang name=tta_v2431 path=outputs/online_tta/online_tta_adapters/tta_v2431
[2026-08-27 17:11:38,775][openttl.online.tta_runner][INFO] - TTA sync LoRA -> SGLang name=tta_v2432 path=outputs/online_tta/online_tta_adapters/tta_v2432
[2026-08-27 17:11:40,650][openttl.online.tta_runner][INFO] - TTA sync LoRA -> SGLang name=tta_v2433 path=outputs/online_tta/online_tta_adapters/tta_v2433
[2026-08-27 17:11:42,551][openttl.online.tta_runner][INFO] - TTA sync LoRA -> SGLang name=tta_v2434 path=outputs/online_tta/online_tta_adapters/tta_v2434
[2026-08-27 17:11:44,402][openttl.online.tta_runner][INFO] - TTA sync LoRA -> SGLang name=tta_v2435 path=outputs/online_tta/online_tta_adapters/tta_v2435
[2026-08-27 17:11:46,277][openttl.online.tta_runner][INFO] - TTA sync LoRA -> SGLang name=tta_v2436 path=outputs/online_tta/online_tta_adapters/tta_v2436
[2026-08-27 17:11:48,170][openttl.online.tta_runner][INFO] - TTA sync LoRA -> SGLang name=tta_v2437 path=outputs/online_tta/online_tta_adapters/tta_v2437
[2026-08-27 17:11:50,040][openttl.online.tta_runner][INFO] - TTA sync LoRA -> SGLang name=tta_v2438 path=outputs/online_tta/online_tta_adapters/tta_v2438
[2026-08-27 17:11:52,000][openttl.online.tta_runner][INFO] - TTA sync LoRA -> SGLang name=tta_v2439 path=outputs/online_tta/online_tta_adapters/tta_v2439
[2026-08-27 17:11:53,955][openttl.online.tta_runner][INFO] - TTA sync LoRA -> SGLang name=tta_v2440 path=outputs/online_tta/online_tta_adapters/tta_v2440
[2440/4329] acc=0.4684 pred=D gold=B loss=2.7037199288315605e-06 (1.7s/sample)
[2026-08-27 17:11:55,817][openttl.online.tta_runner][INFO] - TTA sync LoRA -> SGLang name=tta_v2441 path=outputs/online_tta/online_tta_adapters/tta_v2441
[2026-08-27 17:11:57,765][openttl.online.tta_runner][INFO] - TTA sync LoRA -> SGLang name=tta_v2442 path=outputs/online_tta/online_tta_adapters/tta_v2442
[2026-08-27 17:11:59,626][openttl.online.tta_runner][INFO] - TTA sync LoRA -> SGLang name=tta_v2443 path=outputs/online_tta/online_tta_adapters/tta_v2443
[2026-08-27 17:12:01,572][openttl.online.tta_runner][INFO] - TTA sync LoRA -> SGLang name=tta_v2444 path=outputs/online_tta/online_tta_adapters/tta_v2444
[2026-08-27 17:12:03,542][openttl.online.tta_runner][INFO] - TTA sync LoRA -> SGLang name=tta_v2445 path=outputs/online_tta/online_tta_adapters/tta_v2445
[2026-08-27 17:12:05,355][openttl.online.tta_runner][INFO] - TTA sync LoRA -> SGLang name=tta_v2446 path=outputs/online_tta/online_tta_adapters/tta_v2446
[2026-08-27 17:12:07,320][openttl.online.tta_runner][INFO] - TTA sync LoRA -> SGLang name=tta_v2447 path=outputs/online_tta/online_tta_adapters/tta_v2447
[2026-08-27 17:12:09,169][openttl.online.tta_runner][INFO] - TTA sync LoRA -> SGLang name=tta_v2448 path=outputs/online_tta/online_tta_adapters/tta_v2448
[2026-08-27 17:12:11,057][openttl.online.tta_runner][INFO] - TTA sync LoRA -> SGLang name=tta_v2449 path=outputs/online_tta/online_tta_adapters/tta_v2449
[2026-08-27 17:12:12,963][openttl.online.tta_runner][INFO] - TTA sync LoRA -> SGLang name=tta_v2450 path=outputs/online_tta/online_tta_adapters/tta_v2450
[2026-08-27 17:12:14,833][openttl.online.tta_runner][INFO] - TTA sync LoRA -> SGLang name=tta_v2451 path=outputs/online_tta/online_tta_adapters/tta_v2451
[2026-08-27 17:12:16,701][openttl.online.tta_runner][INFO] - TTA sync LoRA -> SGLang name=tta_v2452 path=outputs/online_tta/online_tta_adapters/tta_v2452
[2026-08-27 17:12:18,647][openttl.online.tta_runner][INFO] - TTA sync LoRA -> SGLang name=tta_v2453 path=outputs/online_tta/online_tta_adapters/tta_v2453
[2026-08-27 17:12:20,515][openttl.online.tta_runner][INFO] - TTA sync LoRA -> SGLang name=tta_v2454 path=outputs/online_tta/online_tta_adapters/tta_v2454
[2026-08-27 17:12:22,403][openttl.online.tta_runner][INFO] - TTA sync LoRA -> SGLang name=tta_v2455 path=outputs/online_tta/online_tta_adapters/tta_v2455
[2026-08-27 17:12:24,354][openttl.online.tta_runner][INFO] - TTA sync LoRA -> SGLang name=tta_v2456 path=outputs/online_tta/online_tta_adapters/tta_v2456
[2026-08-27 17:12:26,389][openttl.online.tta_runner][INFO] - TTA sync LoRA -> SGLang name=tta_v2457 path=outputs/online_tta/online_tta_adapters/tta_v2457
[2026-08-27 17:12:28,264][openttl.online.tta_runner][INFO] - TTA sync LoRA -> SGLang name=tta_v2458 path=outputs/online_tta/online_tta_adapters/tta_v2458
[2026-08-27 17:12:30,280][openttl.online.tta_runner][INFO] - TTA sync LoRA -> SGLang name=tta_v2459 path=outputs/online_tta/online_tta_adapters/tta_v2459
[2026-08-27 17:12:32,237][openttl.online.tta_runner][INFO] - TTA sync LoRA -> SGLang name=tta_v2460 path=outputs/online_tta/online_tta_adapters/tta_v2460
[2460/4329] acc=0.4650 pred=D gold=B loss=3.4410443277010927e-06 (1.7s/sample)
[2026-08-27 17:12:34,214][openttl.online.tta_runner][INFO] - TTA sync LoRA -> SGLang name=tta_v2461 path=outputs/online_tta/online_tta_adapters/tta_v2461
[2026-08-27 17:12:36,166][openttl.online.tta_runner][INFO] - TTA sync LoRA -> SGLang name=tta_v2462 path=outputs/online_tta/online_tta_adapters/tta_v2462
[2026-08-27 17:12:38,165][openttl.online.tta_runner][INFO] - TTA sync LoRA -> SGLang name=tta_v2463 path=outputs/online_tta/online_tta_adapters/tta_v2463
[2026-08-27 17:12:40,114][openttl.online.tta_runner][INFO] - TTA sync LoRA -> SGLang name=tta_v2464 path=outputs/online_tta/online_tta_adapters/tta_v2464
[2026-08-27 17:12:42,087][openttl.online.tta_runner][INFO] - TTA sync LoRA -> SGLang name=tta_v2465 path=outputs/online_tta/online_tta_adapters/tta_v2465
[2026-08-27 17:12:44,072][openttl.online.tta_runner][INFO] - TTA sync LoRA -> SGLang name=tta_v2466 path=outputs/online_tta/online_tta_adapters/tta_v2466
[2026-08-27 17:12:46,075][openttl.online.tta_runner][INFO] - TTA sync LoRA -> SGLang name=tta_v2467 path=outputs/online_tta/online_tta_adapters/tta_v2467
[2026-08-27 17:12:48,071][openttl.online.tta_runner][INFO] - TTA sync LoRA -> SGLang name=tta_v2468 path=outputs/online_tta/online_tta_adapters/tta_v2468
[2026-08-27 17:12:50,132][openttl.online.tta_runner][INFO] - TTA sync LoRA -> SGLang name=tta_v2469 path=outputs/online_tta/online_tta_adapters/tta_v2469
[2026-08-27 17:12:52,094][openttl.online.tta_runner][INFO] - TTA sync LoRA -> SGLang name=tta_v2470 path=outputs/online_tta/online_tta_adapters/tta_v2470
[2026-08-27 17:12:54,150][openttl.online.tta_runner][INFO] - TTA sync LoRA -> SGLang name=tta_v2471 path=outputs/online_tta/online_tta_adapters/tta_v2471
[2026-08-27 17:12:56,111][openttl.online.tta_runner][INFO] - TTA sync LoRA -> SGLang name=tta_v2472 path=outputs/online_tta/online_tta_adapters/tta_v2472
[2026-08-27 17:12:58,060][openttl.online.tta_runner][INFO] - TTA sync LoRA -> SGLang name=tta_v2473 path=outputs/online_tta/online_tta_adapters/tta_v2473
[2026-08-27 17:13:00,034][openttl.online.tta_runner][INFO] - TTA sync LoRA -> SGLang name=tta_v2474 path=outputs/online_tta/online_tta_adapters/tta_v2474
[2026-08-27 17:13:02,063][openttl.online.tta_runner][INFO] - TTA sync LoRA -> SGLang name=tta_v2475 path=outputs/online_tta/online_tta_adapters/tta_v2475
[2026-08-27 17:13:04,022][openttl.online.tta_runner][INFO] - TTA sync LoRA -> SGLang name=tta_v2476 path=outputs/online_tta/online_tta_adapters/tta_v2476
[2026-08-27 17:13:06,082][openttl.online.tta_runner][INFO] - TTA sync LoRA -> SGLang name=tta_v2477 path=outputs/online_tta/online_tta_adapters/tta_v2477
[2026-08-27 17:13:07,983][openttl.online.tta_runner][INFO] - TTA sync LoRA -> SGLang name=tta_v2478 path=outputs/online_tta/online_tta_adapters/tta_v2478
[2026-08-27 17:13:09,932][openttl.online.tta_runner][INFO] - TTA sync LoRA -> SGLang name=tta_v2479 path=outputs/online_tta/online_tta_adapters/tta_v2479
[2026-08-27 17:13:11,876][openttl.online.tta_runner][INFO] - TTA sync LoRA -> SGLang name=tta_v2480 path=outputs/online_tta/online_tta_adapters/tta_v2480
[2480/4329] acc=0.4653 pred=D gold=D loss=5.7430479500908405e-06 (1.7s/sample)
[2026-08-27 17:13:13,829][openttl.online.tta_runner][INFO] - TTA sync LoRA -> SGLang name=tta_v2481 path=outputs/online_tta/online_tta_adapters/tta_v2481
[2026-08-27 17:13:15,703][openttl.online.tta_runner][INFO] - TTA sync LoRA -> SGLang name=tta_v2482 path=outputs/online_tta/online_tta_adapters/tta_v2482
[2026-08-27 17:13:17,665][openttl.online.tta_runner][INFO] - TTA sync LoRA -> SGLang name=tta_v2483 path=outputs/online_tta/online_tta_adapters/tta_v2483
[2026-08-27 17:13:19,611][openttl.online.tta_runner][INFO] - TTA sync LoRA -> SGLang name=tta_v2484 path=outputs/online_tta/online_tta_adapters/tta_v2484
[2026-08-27 17:13:21,564][openttl.online.tta_runner][INFO] - TTA sync LoRA -> SGLang name=tta_v2485 path=outputs/online_tta/online_tta_adapters/tta_v2485
[2026-08-27 17:13:23,428][openttl.online.tta_runner][INFO] - TTA sync LoRA -> SGLang name=tta_v2486 path=outputs/online_tta/online_tta_adapters/tta_v2486
[2026-08-27 17:13:25,293][openttl.online.tta_runner][INFO] - TTA sync LoRA -> SGLang name=tta_v2487 path=outputs/online_tta/online_tta_adapters/tta_v2487
[2026-08-27 17:13:27,161][openttl.online.tta_runner][INFO] - TTA sync LoRA -> SGLang name=tta_v2488 path=outputs/online_tta/online_tta_adapters/tta_v2488
[2026-08-27 17:13:29,146][openttl.online.tta_runner][INFO] - TTA sync LoRA -> SGLang name=tta_v2489 path=outputs/online_tta/online_tta_adapters/tta_v2489
[2026-08-27 17:13:31,094][openttl.online.tta_runner][INFO] - TTA sync LoRA -> SGLang name=tta_v2490 path=outputs/online_tta/online_tta_adapters/tta_v2490
[2026-08-27 17:13:33,069][openttl.online.tta_runner][INFO] - TTA sync LoRA -> SGLang name=tta_v2491 path=outputs/online_tta/online_tta_adapters/tta_v2491
[2026-08-27 17:13:35,029][openttl.online.tta_runner][INFO] - TTA sync LoRA -> SGLang name=tta_v2492 path=outputs/online_tta/online_tta_adapters/tta_v2492
[2026-08-27 17:13:36,981][openttl.online.tta_runner][INFO] - TTA sync LoRA -> SGLang name=tta_v2493 path=outputs/online_tta/online_tta_adapters/tta_v2493
[2026-08-27 17:13:38,898][openttl.online.tta_runner][INFO] - TTA sync LoRA -> SGLang name=tta_v2494 path=outputs/online_tta/online_tta_adapters/tta_v2494
[2026-08-27 17:13:40,823][openttl.online.tta_runner][INFO] - TTA sync LoRA -> SGLang name=tta_v2495 path=outputs/online_tta/online_tta_adapters/tta_v2495
[2026-08-27 17:13:42,861][openttl.online.tta_runner][INFO] - TTA sync LoRA -> SGLang name=tta_v2496 path=outputs/online_tta/online_tta_adapters/tta_v2496
[2026-08-27 17:13:44,824][openttl.online.tta_runner][INFO] - TTA sync LoRA -> SGLang name=tta_v2497 path=outputs/online_tta/online_tta_adapters/tta_v2497
[2026-08-27 17:13:46,708][openttl.online.tta_runner][INFO] - TTA sync LoRA -> SGLang name=tta_v2498 path=outputs/online_tta/online_tta_adapters/tta_v2498
[2026-08-27 17:13:48,448][openttl.online.tta_runner][INFO] - TTA sync LoRA -> SGLang name=tta_v2499 path=outputs/online_tta/online_tta_adapters/tta_v2499
[2026-08-27 17:13:50,177][openttl.online.tta_runner][INFO] - TTA sync LoRA -> SGLang name=tta_v2500 path=outputs/online_tta/online_tta_adapters/tta_v2500
[2500/4329] acc=0.4640 pred=D gold=C loss=2.4697260414541233e-06 (1.7s/sample)
[2026-08-27 17:13:51,896][openttl.online.tta_runner][INFO] - TTA sync LoRA -> SGLang name=tta_v2501 path=outputs/online_tta/online_tta_adapters/tta_v2501
[2026-08-27 17:13:53,637][openttl.online.tta_runner][INFO] - TTA sync LoRA -> SGLang name=tta_v2502 path=outputs/online_tta/online_tta_adapters/tta_v2502
[2026-08-27 17:13:55,373][openttl.online.tta_runner][INFO] - TTA sync LoRA -> SGLang name=tta_v2503 path=outputs/online_tta/online_tta_adapters/tta_v2503
[2026-08-27 17:13:57,111][openttl.online.tta_runner][INFO] - TTA sync LoRA -> SGLang name=tta_v2504 path=outputs/online_tta/online_tta_adapters/tta_v2504
[2026-08-27 17:13:58,868][openttl.online.tta_runner][INFO] - TTA sync LoRA -> SGLang name=tta_v2505 path=outputs/online_tta/online_tta_adapters/tta_v2505
[2026-08-27 17:14:00,584][openttl.online.tta_runner][INFO] - TTA sync LoRA -> SGLang name=tta_v2506 path=outputs/online_tta/online_tta_adapters/tta_v2506
[2026-08-27 17:14:02,326][openttl.online.tta_runner][INFO] - TTA sync LoRA -> SGLang name=tta_v2507 path=outputs/online_tta/online_tta_adapters/tta_v2507
[2026-08-27 17:14:04,069][openttl.online.tta_runner][INFO] - TTA sync LoRA -> SGLang name=tta_v2508 path=outputs/online_tta/online_tta_adapters/tta_v2508
[2026-08-27 17:14:05,817][openttl.online.tta_runner][INFO] - TTA sync LoRA -> SGLang name=tta_v2509 path=outputs/online_tta/online_tta_adapters/tta_v2509
[2026-08-27 17:14:07,526][openttl.online.tta_runner][INFO] - TTA sync LoRA -> SGLang name=tta_v2510 path=outputs/online_tta/online_tta_adapters/tta_v2510
[2026-08-27 17:14:09,297][openttl.online.tta_runner][INFO] - TTA sync LoRA -> SGLang name=tta_v2511 path=outputs/online_tta/online_tta_adapters/tta_v2511
[2026-08-27 17:14:11,073][openttl.online.tta_runner][INFO] - TTA sync LoRA -> SGLang name=tta_v2512 path=outputs/online_tta/online_tta_adapters/tta_v2512
[2026-08-27 17:14:12,771][openttl.online.tta_runner][INFO] - TTA sync LoRA -> SGLang name=tta_v2513 path=outputs/online_tta/online_tta_adapters/tta_v2513
[2026-08-27 17:14:14,479][openttl.online.tta_runner][INFO] - TTA sync LoRA -> SGLang name=tta_v2514 path=outputs/online_tta/online_tta_adapters/tta_v2514
[2026-08-27 17:14:16,180][openttl.online.tta_runner][INFO] - TTA sync LoRA -> SGLang name=tta_v2515 path=outputs/online_tta/online_tta_adapters/tta_v2515
[2026-08-27 17:14:17,945][openttl.online.tta_runner][INFO] - TTA sync LoRA -> SGLang name=tta_v2516 path=outputs/online_tta/online_tta_adapters/tta_v2516
[2026-08-27 17:14:19,643][openttl.online.tta_runner][INFO] - TTA sync LoRA -> SGLang name=tta_v2517 path=outputs/online_tta/online_tta_adapters/tta_v2517
[2026-08-27 17:14:21,256][openttl.online.tta_runner][INFO] - TTA sync LoRA -> SGLang name=tta_v2518 path=outputs/online_tta/online_tta_adapters/tta_v2518
[2026-08-27 17:14:22,952][openttl.online.tta_runner][INFO] - TTA sync LoRA -> SGLang name=tta_v2519 path=outputs/online_tta/online_tta_adapters/tta_v2519
[2026-08-27 17:14:24,640][openttl.online.tta_runner][INFO] - TTA sync LoRA -> SGLang name=tta_v2520 path=outputs/online_tta/online_tta_adapters/tta_v2520
[2520/4329] acc=0.4615 pred=D gold=C loss=2.934827307399246e-06 (1.7s/sample)
[2026-08-27 17:14:26,318][openttl.online.tta_runner][INFO] - TTA sync LoRA -> SGLang name=tta_v2521 path=outputs/online_tta/online_tta_adapters/tta_v2521
[2026-08-27 17:14:28,035][openttl.online.tta_runner][INFO] - TTA sync LoRA -> SGLang name=tta_v2522 path=outputs/online_tta/online_tta_adapters/tta_v2522
[2026-08-27 17:14:29,740][openttl.online.tta_runner][INFO] - TTA sync LoRA -> SGLang name=tta_v2523 path=outputs/online_tta/online_tta_adapters/tta_v2523
[2026-08-27 17:14:31,429][openttl.online.tta_runner][INFO] - TTA sync LoRA -> SGLang name=tta_v2524 path=outputs/online_tta/online_tta_adapters/tta_v2524
[2026-08-27 17:14:33,109][openttl.online.tta_runner][INFO] - TTA sync LoRA -> SGLang name=tta_v2525 path=outputs/online_tta/online_tta_adapters/tta_v2525
[2026-08-27 17:14:34,852][openttl.online.tta_runner][INFO] - TTA sync LoRA -> SGLang name=tta_v2526 path=outputs/online_tta/online_tta_adapters/tta_v2526
[2026-08-27 17:14:36,494][openttl.online.tta_runner][INFO] - TTA sync LoRA -> SGLang name=tta_v2527 path=outputs/online_tta/online_tta_adapters/tta_v2527
[2026-08-27 17:14:38,243][openttl.online.tta_runner][INFO] - TTA sync LoRA -> SGLang name=tta_v2528 path=outputs/online_tta/online_tta_adapters/tta_v2528
[2026-08-27 17:14:39,799][openttl.online.tta_runner][INFO] - TTA sync LoRA -> SGLang name=tta_v2529 path=outputs/online_tta/online_tta_adapters/tta_v2529
[2026-08-27 17:14:41,434][openttl.online.tta_runner][INFO] - TTA sync LoRA -> SGLang name=tta_v2530 path=outputs/online_tta/online_tta_adapters/tta_v2530
[2026-08-27 17:14:43,139][openttl.online.tta_runner][INFO] - TTA sync LoRA -> SGLang name=tta_v2531 path=outputs/online_tta/online_tta_adapters/tta_v2531
[2026-08-27 17:14:44,884][openttl.online.tta_runner][INFO] - TTA sync LoRA -> SGLang name=tta_v2532 path=outputs/online_tta/online_tta_adapters/tta_v2532
[2026-08-27 17:14:46,701][openttl.online.tta_runner][INFO] - TTA sync LoRA -> SGLang name=tta_v2533 path=outputs/online_tta/online_tta_adapters/tta_v2533
[2026-08-27 17:14:48,420][openttl.online.tta_runner][INFO] - TTA sync LoRA -> SGLang name=tta_v2534 path=outputs/online_tta/online_tta_adapters/tta_v2534
[2026-08-27 17:14:50,134][openttl.online.tta_runner][INFO] - TTA sync LoRA -> SGLang name=tta_v2535 path=outputs/online_tta/online_tta_adapters/tta_v2535
[2026-08-27 17:14:51,875][openttl.online.tta_runner][INFO] - TTA sync LoRA -> SGLang name=tta_v2536 path=outputs/online_tta/online_tta_adapters/tta_v2536
[2026-08-27 17:14:53,563][openttl.online.tta_runner][INFO] - TTA sync LoRA -> SGLang name=tta_v2537 path=outputs/online_tta/online_tta_adapters/tta_v2537
[2026-08-27 17:14:55,263][openttl.online.tta_runner][INFO] - TTA sync LoRA -> SGLang name=tta_v2538 path=outputs/online_tta/online_tta_adapters/tta_v2538
[2026-08-27 17:14:56,930][openttl.online.tta_runner][INFO] - TTA sync LoRA -> SGLang name=tta_v2539 path=outputs/online_tta/online_tta_adapters/tta_v2539
[2026-08-27 17:14:58,648][openttl.online.tta_runner][INFO] - TTA sync LoRA -> SGLang name=tta_v2540 path=outputs/online_tta/online_tta_adapters/tta_v2540
[2540/4329] acc=0.4591 pred=D gold=A loss=3.7226116091915173e-06 (1.7s/sample)
[2026-08-27 17:15:00,401][openttl.online.tta_runner][INFO] - TTA sync LoRA -> SGLang name=tta_v2541 path=outputs/online_tta/online_tta_adapters/tta_v2541
[2026-08-27 17:15:02,125][openttl.online.tta_runner][INFO] - TTA sync LoRA -> SGLang name=tta_v2542 path=outputs/online_tta/online_tta_adapters/tta_v2542
[2026-08-27 17:15:03,851][openttl.online.tta_runner][INFO] - TTA sync LoRA -> SGLang name=tta_v2543 path=outputs/online_tta/online_tta_adapters/tta_v2543
[2026-08-27 17:15:05,626][openttl.online.tta_runner][INFO] - TTA sync LoRA -> SGLang name=tta_v2544 path=outputs/online_tta/online_tta_adapters/tta_v2544
[2026-08-27 17:15:07,328][openttl.online.tta_runner][INFO] - TTA sync LoRA -> SGLang name=tta_v2545 path=outputs/online_tta/online_tta_adapters/tta_v2545
[2026-08-27 17:15:09,051][openttl.online.tta_runner][INFO] - TTA sync LoRA -> SGLang name=tta_v2546 path=outputs/online_tta/online_tta_adapters/tta_v2546
[2026-08-27 17:15:10,749][openttl.online.tta_runner][INFO] - TTA sync LoRA -> SGLang name=tta_v2547 path=outputs/online_tta/online_tta_adapters/tta_v2547
[2026-08-27 17:15:12,538][openttl.online.tta_runner][INFO] - TTA sync LoRA -> SGLang name=tta_v2548 path=outputs/online_tta/online_tta_adapters/tta_v2548
[2026-08-27 17:15:14,249][openttl.online.tta_runner][INFO] - TTA sync LoRA -> SGLang name=tta_v2549 path=outputs/online_tta/online_tta_adapters/tta_v2549
[2026-08-27 17:15:15,954][openttl.online.tta_runner][INFO] - TTA sync LoRA -> SGLang name=tta_v2550 path=outputs/online_tta/online_tta_adapters/tta_v2550
[2026-08-27 17:15:17,657][openttl.online.tta_runner][INFO] - TTA sync LoRA -> SGLang name=tta_v2551 path=outputs/online_tta/online_tta_adapters/tta_v2551
[2026-08-27 17:15:19,398][openttl.online.tta_runner][INFO] - TTA sync LoRA -> SGLang name=tta_v2552 path=outputs/online_tta/online_tta_adapters/tta_v2552
[2026-08-27 17:15:21,121][openttl.online.tta_runner][INFO] - TTA sync LoRA -> SGLang name=tta_v2553 path=outputs/online_tta/online_tta_adapters/tta_v2553
[2026-08-27 17:15:22,840][openttl.online.tta_runner][INFO] - TTA sync LoRA -> SGLang name=tta_v2554 path=outputs/online_tta/online_tta_adapters/tta_v2554
[2026-08-27 17:15:24,636][openttl.online.tta_runner][INFO] - TTA sync LoRA -> SGLang name=tta_v2555 path=outputs/online_tta/online_tta_adapters/tta_v2555
[2026-08-27 17:15:26,345][openttl.online.tta_runner][INFO] - TTA sync LoRA -> SGLang name=tta_v2556 path=outputs/online_tta/online_tta_adapters/tta_v2556
[2026-08-27 17:15:28,061][openttl.online.tta_runner][INFO] - TTA sync LoRA -> SGLang name=tta_v2557 path=outputs/online_tta/online_tta_adapters/tta_v2557
[2026-08-27 17:15:29,786][openttl.online.tta_runner][INFO] - TTA sync LoRA -> SGLang name=tta_v2558 path=outputs/online_tta/online_tta_adapters/tta_v2558
[2026-08-27 17:15:31,552][openttl.online.tta_runner][INFO] - TTA sync LoRA -> SGLang name=tta_v2559 path=outputs/online_tta/online_tta_adapters/tta_v2559
[2026-08-27 17:15:33,258][openttl.online.tta_runner][INFO] - TTA sync LoRA -> SGLang name=tta_v2560 path=outputs/online_tta/online_tta_adapters/tta_v2560
[2560/4329] acc=0.4582 pred=D gold=C loss=2.4958578705991386e-06 (1.7s/sample)
[2026-08-27 17:15:34,960][openttl.online.tta_runner][INFO] - TTA sync LoRA -> SGLang name=tta_v2561 path=outputs/online_tta/online_tta_adapters/tta_v2561
[2026-08-27 17:15:36,674][openttl.online.tta_runner][INFO] - TTA sync LoRA -> SGLang name=tta_v2562 path=outputs/online_tta/online_tta_adapters/tta_v2562
[2026-08-27 17:15:38,442][openttl.online.tta_runner][INFO] - TTA sync LoRA -> SGLang name=tta_v2563 path=outputs/online_tta/online_tta_adapters/tta_v2563
[2026-08-27 17:15:40,177][openttl.online.tta_runner][INFO] - TTA sync LoRA -> SGLang name=tta_v2564 path=outputs/online_tta/online_tta_adapters/tta_v2564
[2026-08-27 17:15:41,889][openttl.online.tta_runner][INFO] - TTA sync LoRA -> SGLang name=tta_v2565 path=outputs/online_tta/online_tta_adapters/tta_v2565
[2026-08-27 17:15:43,580][openttl.online.tta_runner][INFO] - TTA sync LoRA -> SGLang name=tta_v2566 path=outputs/online_tta/online_tta_adapters/tta_v2566
[2026-08-27 17:15:45,309][openttl.online.tta_runner][INFO] - TTA sync LoRA -> SGLang name=tta_v2567 path=outputs/online_tta/online_tta_adapters/tta_v2567
[2026-08-27 17:15:47,026][openttl.online.tta_runner][INFO] - TTA sync LoRA -> SGLang name=tta_v2568 path=outputs/online_tta/online_tta_adapters/tta_v2568
[2026-08-27 17:15:48,680][openttl.online.tta_runner][INFO] - TTA sync LoRA -> SGLang name=tta_v2569 path=outputs/online_tta/online_tta_adapters/tta_v2569
[2026-08-27 17:15:50,394][openttl.online.tta_runner][INFO] - TTA sync LoRA -> SGLang name=tta_v2570 path=outputs/online_tta/online_tta_adapters/tta_v2570
[2026-08-27 17:15:52,055][openttl.online.tta_runner][INFO] - TTA sync LoRA -> SGLang name=tta_v2571 path=outputs/online_tta/online_tta_adapters/tta_v2571
[2026-08-27 17:15:53,775][openttl.online.tta_runner][INFO] - TTA sync LoRA -> SGLang name=tta_v2572 path=outputs/online_tta/online_tta_adapters/tta_v2572
[2026-08-27 17:15:55,469][openttl.online.tta_runner][INFO] - TTA sync LoRA -> SGLang name=tta_v2573 path=outputs/online_tta/online_tta_adapters/tta_v2573
[2026-08-27 17:15:57,182][openttl.online.tta_runner][INFO] - TTA sync LoRA -> SGLang name=tta_v2574 path=outputs/online_tta/online_tta_adapters/tta_v2574
[2026-08-27 17:15:58,862][openttl.online.tta_runner][INFO] - TTA sync LoRA -> SGLang name=tta_v2575 path=outputs/online_tta/online_tta_adapters/tta_v2575
[2026-08-27 17:16:00,571][openttl.online.tta_runner][INFO] - TTA sync LoRA -> SGLang name=tta_v2576 path=outputs/online_tta/online_tta_adapters/tta_v2576
[2026-08-27 17:16:02,322][openttl.online.tta_runner][INFO] - TTA sync LoRA -> SGLang name=tta_v2577 path=outputs/online_tta/online_tta_adapters/tta_v2577
[2026-08-27 17:16:04,040][openttl.online.tta_runner][INFO] - TTA sync LoRA -> SGLang name=tta_v2578 path=outputs/online_tta/online_tta_adapters/tta_v2578
[2026-08-27 17:16:05,736][openttl.online.tta_runner][INFO] - TTA sync LoRA -> SGLang name=tta_v2579 path=outputs/online_tta/online_tta_adapters/tta_v2579
[2026-08-27 17:16:07,448][openttl.online.tta_runner][INFO] - TTA sync LoRA -> SGLang name=tta_v2580 path=outputs/online_tta/online_tta_adapters/tta_v2580
[2580/4329] acc=0.4554 pred=D gold=C loss=2.6235597943014e-06 (1.7s/sample)
[2026-08-27 17:16:09,205][openttl.online.tta_runner][INFO] - TTA sync LoRA -> SGLang name=tta_v2581 path=outputs/online_tta/online_tta_adapters/tta_v2581
[2026-08-27 17:16:10,922][openttl.online.tta_runner][INFO] - TTA sync LoRA -> SGLang name=tta_v2582 path=outputs/online_tta/online_tta_adapters/tta_v2582
[2026-08-27 17:16:12,742][openttl.online.tta_runner][INFO] - TTA sync LoRA -> SGLang name=tta_v2583 path=outputs/online_tta/online_tta_adapters/tta_v2583
[2026-08-27 17:16:14,360][openttl.online.tta_runner][INFO] - TTA sync LoRA -> SGLang name=tta_v2584 path=outputs/online_tta/online_tta_adapters/tta_v2584
[2026-08-27 17:16:16,018][openttl.online.tta_runner][INFO] - TTA sync LoRA -> SGLang name=tta_v2585 path=outputs/online_tta/online_tta_adapters/tta_v2585
[2026-08-27 17:16:17,654][openttl.online.tta_runner][INFO] - TTA sync LoRA -> SGLang name=tta_v2586 path=outputs/online_tta/online_tta_adapters/tta_v2586
[2026-08-27 17:16:19,285][openttl.online.tta_runner][INFO] - TTA sync LoRA -> SGLang name=tta_v2587 path=outputs/online_tta/online_tta_adapters/tta_v2587
[2026-08-27 17:16:20,948][openttl.online.tta_runner][INFO] - TTA sync LoRA -> SGLang name=tta_v2588 path=outputs/online_tta/online_tta_adapters/tta_v2588
[2026-08-27 17:16:22,575][openttl.online.tta_runner][INFO] - TTA sync LoRA -> SGLang name=tta_v2589 path=outputs/online_tta/online_tta_adapters/tta_v2589
[2026-08-27 17:16:24,241][openttl.online.tta_runner][INFO] - TTA sync LoRA -> SGLang name=tta_v2590 path=outputs/online_tta/online_tta_adapters/tta_v2590
[2026-08-27 17:16:25,792][openttl.online.tta_runner][INFO] - TTA sync LoRA -> SGLang name=tta_v2591 path=outputs/online_tta/online_tta_adapters/tta_v2591
[2026-08-27 17:16:27,494][openttl.online.tta_runner][INFO] - TTA sync LoRA -> SGLang name=tta_v2592 path=outputs/online_tta/online_tta_adapters/tta_v2592
[2026-08-27 17:16:29,205][openttl.online.tta_runner][INFO] - TTA sync LoRA -> SGLang name=tta_v2593 path=outputs/online_tta/online_tta_adapters/tta_v2593
[2026-08-27 17:16:30,909][openttl.online.tta_runner][INFO] - TTA sync LoRA -> SGLang name=tta_v2594 path=outputs/online_tta/online_tta_adapters/tta_v2594
[2026-08-27 17:16:32,635][openttl.online.tta_runner][INFO] - TTA sync LoRA -> SGLang name=tta_v2595 path=outputs/online_tta/online_tta_adapters/tta_v2595
[2026-08-27 17:16:34,350][openttl.online.tta_runner][INFO] - TTA sync LoRA -> SGLang name=tta_v2596 path=outputs/online_tta/online_tta_adapters/tta_v2596
[2026-08-27 17:16:36,056][openttl.online.tta_runner][INFO] - TTA sync LoRA -> SGLang name=tta_v2597 path=outputs/online_tta/online_tta_adapters/tta_v2597
[2026-08-27 17:16:37,706][openttl.online.tta_runner][INFO] - TTA sync LoRA -> SGLang name=tta_v2598 path=outputs/online_tta/online_tta_adapters/tta_v2598
[2026-08-27 17:16:39,413][openttl.online.tta_runner][INFO] - TTA sync LoRA -> SGLang name=tta_v2599 path=outputs/online_tta/online_tta_adapters/tta_v2599
[2026-08-27 17:16:41,129][openttl.online.tta_runner][INFO] - TTA sync LoRA -> SGLang name=tta_v2600 path=outputs/online_tta/online_tta_adapters/tta_v2600
[2600/4329] acc=0.4531 pred=D gold=C loss=3.0822143344266806e-06 (1.7s/sample)
[2026-08-27 17:16:42,834][openttl.online.tta_runner][INFO] - TTA sync LoRA -> SGLang name=tta_v2601 path=outputs/online_tta/online_tta_adapters/tta_v2601
[2026-08-27 17:16:44,487][openttl.online.tta_runner][INFO] - TTA sync LoRA -> SGLang name=tta_v2602 path=outputs/online_tta/online_tta_adapters/tta_v2602
[2026-08-27 17:16:46,198][openttl.online.tta_runner][INFO] - TTA sync LoRA -> SGLang name=tta_v2603 path=outputs/online_tta/online_tta_adapters/tta_v2603
[2026-08-27 17:16:47,908][openttl.online.tta_runner][INFO] - TTA sync LoRA -> SGLang name=tta_v2604 path=outputs/online_tta/online_tta_adapters/tta_v2604
[2026-08-27 17:16:49,642][openttl.online.tta_runner][INFO] - TTA sync LoRA -> SGLang name=tta_v2605 path=outputs/online_tta/online_tta_adapters/tta_v2605
[2026-08-27 17:16:51,350][openttl.online.tta_runner][INFO] - TTA sync LoRA -> SGLang name=tta_v2606 path=outputs/online_tta/online_tta_adapters/tta_v2606
[2026-08-27 17:16:53,050][openttl.online.tta_runner][INFO] - TTA sync LoRA -> SGLang name=tta_v2607 path=outputs/online_tta/online_tta_adapters/tta_v2607
[2026-08-27 17:16:54,776][openttl.online.tta_runner][INFO] - TTA sync LoRA -> SGLang name=tta_v2608 path=outputs/online_tta/online_tta_adapters/tta_v2608
[2026-08-27 17:16:56,484][openttl.online.tta_runner][INFO] - TTA sync LoRA -> SGLang name=tta_v2609 path=outputs/online_tta/online_tta_adapters/tta_v2609
[2026-08-27 17:16:58,445][openttl.online.tta_runner][INFO] - TTA sync LoRA -> SGLang name=tta_v2610 path=outputs/online_tta/online_tta_adapters/tta_v2610
[2026-08-27 17:17:00,490][openttl.online.tta_runner][INFO] - TTA sync LoRA -> SGLang name=tta_v2611 path=outputs/online_tta/online_tta_adapters/tta_v2611
[2026-08-27 17:17:02,482][openttl.online.tta_runner][INFO] - TTA sync LoRA -> SGLang name=tta_v2612 path=outputs/online_tta/online_tta_adapters/tta_v2612
[2026-08-27 17:17:04,189][openttl.online.tta_runner][INFO] - TTA sync LoRA -> SGLang name=tta_v2613 path=outputs/online_tta/online_tta_adapters/tta_v2613
[2026-08-27 17:17:05,736][openttl.online.tta_runner][INFO] - TTA sync LoRA -> SGLang name=tta_v2614 path=outputs/online_tta/online_tta_adapters/tta_v2614
[2026-08-27 17:17:07,459][openttl.online.tta_runner][INFO] - TTA sync LoRA -> SGLang name=tta_v2615 path=outputs/online_tta/online_tta_adapters/tta_v2615
[2026-08-27 17:17:09,092][openttl.online.tta_runner][INFO] - TTA sync LoRA -> SGLang name=tta_v2616 path=outputs/online_tta/online_tta_adapters/tta_v2616
[2026-08-27 17:17:10,805][openttl.online.tta_runner][INFO] - TTA sync LoRA -> SGLang name=tta_v2617 path=outputs/online_tta/online_tta_adapters/tta_v2617
[2026-08-27 17:17:12,357][openttl.online.tta_runner][INFO] - TTA sync LoRA -> SGLang name=tta_v2618 path=outputs/online_tta/online_tta_adapters/tta_v2618
[2026-08-27 17:17:13,975][openttl.online.tta_runner][INFO] - TTA sync LoRA -> SGLang name=tta_v2619 path=outputs/online_tta/online_tta_adapters/tta_v2619
[2026-08-27 17:17:15,516][openttl.online.tta_runner][INFO] - TTA sync LoRA -> SGLang name=tta_v2620 path=outputs/online_tta/online_tta_adapters/tta_v2620
[2620/4329] acc=0.4515 pred=D gold=A loss=2.849280008376809e-06 (1.7s/sample)
[2026-08-27 17:17:17,073][openttl.online.tta_runner][INFO] - TTA sync LoRA -> SGLang name=tta_v2621 path=outputs/online_tta/online_tta_adapters/tta_v2621
[2026-08-27 17:17:18,632][openttl.online.tta_runner][INFO] - TTA sync LoRA -> SGLang name=tta_v2622 path=outputs/online_tta/online_tta_adapters/tta_v2622
[2026-08-27 17:17:20,185][openttl.online.tta_runner][INFO] - TTA sync LoRA -> SGLang name=tta_v2623 path=outputs/online_tta/online_tta_adapters/tta_v2623
[2026-08-27 17:17:21,878][openttl.online.tta_runner][INFO] - TTA sync LoRA -> SGLang name=tta_v2624 path=outputs/online_tta/online_tta_adapters/tta_v2624
[2026-08-27 17:17:23,765][openttl.online.tta_runner][INFO] - TTA sync LoRA -> SGLang name=tta_v2625 path=outputs/online_tta/online_tta_adapters/tta_v2625
[2026-08-27 17:17:25,705][openttl.online.tta_runner][INFO] - TTA sync LoRA -> SGLang name=tta_v2626 path=outputs/online_tta/online_tta_adapters/tta_v2626
[2026-08-27 17:17:27,638][openttl.online.tta_runner][INFO] - TTA sync LoRA -> SGLang name=tta_v2627 path=outputs/online_tta/online_tta_adapters/tta_v2627
[2026-08-27 17:17:29,409][openttl.online.tta_runner][INFO] - TTA sync LoRA -> SGLang name=tta_v2628 path=outputs/online_tta/online_tta_adapters/tta_v2628
[2026-08-27 17:17:31,289][openttl.online.tta_runner][INFO] - TTA sync LoRA -> SGLang name=tta_v2629 path=outputs/online_tta/online_tta_adapters/tta_v2629
[2026-08-27 17:17:33,211][openttl.online.tta_runner][INFO] - TTA sync LoRA -> SGLang name=tta_v2630 path=outputs/online_tta/online_tta_adapters/tta_v2630
[2026-08-27 17:17:35,007][openttl.online.tta_runner][INFO] - TTA sync LoRA -> SGLang name=tta_v2631 path=outputs/online_tta/online_tta_adapters/tta_v2631
[2026-08-27 17:17:36,774][openttl.online.tta_runner][INFO] - TTA sync LoRA -> SGLang name=tta_v2632 path=outputs/online_tta/online_tta_adapters/tta_v2632
[2026-08-27 17:17:38,633][openttl.online.tta_runner][INFO] - TTA sync LoRA -> SGLang name=tta_v2633 path=outputs/online_tta/online_tta_adapters/tta_v2633
[2026-08-27 17:17:40,645][openttl.online.tta_runner][INFO] - TTA sync LoRA -> SGLang name=tta_v2634 path=outputs/online_tta/online_tta_adapters/tta_v2634
[2026-08-27 17:17:42,730][openttl.online.tta_runner][INFO] - TTA sync LoRA -> SGLang name=tta_v2635 path=outputs/online_tta/online_tta_adapters/tta_v2635
[2026-08-27 17:17:44,341][openttl.online.tta_runner][INFO] - TTA sync LoRA -> SGLang name=tta_v2636 path=outputs/online_tta/online_tta_adapters/tta_v2636
[2026-08-27 17:17:45,882][openttl.online.tta_runner][INFO] - TTA sync LoRA -> SGLang name=tta_v2637 path=outputs/online_tta/online_tta_adapters/tta_v2637
[2026-08-27 17:17:47,393][openttl.online.tta_runner][INFO] - TTA sync LoRA -> SGLang name=tta_v2638 path=outputs/online_tta/online_tta_adapters/tta_v2638
[2026-08-27 17:17:48,910][openttl.online.tta_runner][INFO] - TTA sync LoRA -> SGLang name=tta_v2639 path=outputs/online_tta/online_tta_adapters/tta_v2639
[2026-08-27 17:17:50,682][openttl.online.tta_runner][INFO] - TTA sync LoRA -> SGLang name=tta_v2640 path=outputs/online_tta/online_tta_adapters/tta_v2640
[2640/4329] acc=0.4492 pred=D gold=D loss=2.4135156309057493e-06 (1.7s/sample)
[2026-08-27 17:17:52,260][openttl.online.tta_runner][INFO] - TTA sync LoRA -> SGLang name=tta_v2641 path=outputs/online_tta/online_tta_adapters/tta_v2641
[2026-08-27 17:17:53,782][openttl.online.tta_runner][INFO] - TTA sync LoRA -> SGLang name=tta_v2642 path=outputs/online_tta/online_tta_adapters/tta_v2642
[2026-08-27 17:17:55,312][openttl.online.tta_runner][INFO] - TTA sync LoRA -> SGLang name=tta_v2643 path=outputs/online_tta/online_tta_adapters/tta_v2643
[2026-08-27 17:17:57,069][openttl.online.tta_runner][INFO] - TTA sync LoRA -> SGLang name=tta_v2644 path=outputs/online_tta/online_tta_adapters/tta_v2644
[2026-08-27 17:17:58,768][openttl.online.tta_runner][INFO] - TTA sync LoRA -> SGLang name=tta_v2645 path=outputs/online_tta/online_tta_adapters/tta_v2645
[2026-08-27 17:18:00,553][openttl.online.tta_runner][INFO] - TTA sync LoRA -> SGLang name=tta_v2646 path=outputs/online_tta/online_tta_adapters/tta_v2646
[2026-08-27 17:18:02,258][openttl.online.tta_runner][INFO] - TTA sync LoRA -> SGLang name=tta_v2647 path=outputs/online_tta/online_tta_adapters/tta_v2647
[2026-08-27 17:18:03,829][openttl.online.tta_runner][INFO] - TTA sync LoRA -> SGLang name=tta_v2648 path=outputs/online_tta/online_tta_adapters/tta_v2648
[2026-08-27 17:18:05,377][openttl.online.tta_runner][INFO] - TTA sync LoRA -> SGLang name=tta_v2649 path=outputs/online_tta/online_tta_adapters/tta_v2649
[2026-08-27 17:18:06,993][openttl.online.tta_runner][INFO] - TTA sync LoRA -> SGLang name=tta_v2650 path=outputs/online_tta/online_tta_adapters/tta_v2650
[2026-08-27 17:18:08,626][openttl.online.tta_runner][INFO] - TTA sync LoRA -> SGLang name=tta_v2651 path=outputs/online_tta/online_tta_adapters/tta_v2651
[2026-08-27 17:18:10,081][openttl.online.tta_runner][INFO] - TTA sync LoRA -> SGLang name=tta_v2652 path=outputs/online_tta/online_tta_adapters/tta_v2652
[2026-08-27 17:18:11,816][openttl.online.tta_runner][INFO] - TTA sync LoRA -> SGLang name=tta_v2653 path=outputs/online_tta/online_tta_adapters/tta_v2653
[2026-08-27 17:18:13,540][openttl.online.tta_runner][INFO] - TTA sync LoRA -> SGLang name=tta_v2654 path=outputs/online_tta/online_tta_adapters/tta_v2654
[2026-08-27 17:18:15,202][openttl.online.tta_runner][INFO] - TTA sync LoRA -> SGLang name=tta_v2655 path=outputs/online_tta/online_tta_adapters/tta_v2655
[2026-08-27 17:18:16,857][openttl.online.tta_runner][INFO] - TTA sync LoRA -> SGLang name=tta_v2656 path=outputs/online_tta/online_tta_adapters/tta_v2656
[2026-08-27 17:18:18,539][openttl.online.tta_runner][INFO] - TTA sync LoRA -> SGLang name=tta_v2657 path=outputs/online_tta/online_tta_adapters/tta_v2657
[2026-08-27 17:18:20,290][openttl.online.tta_runner][INFO] - TTA sync LoRA -> SGLang name=tta_v2658 path=outputs/online_tta/online_tta_adapters/tta_v2658
[2026-08-27 17:18:22,041][openttl.online.tta_runner][INFO] - TTA sync LoRA -> SGLang name=tta_v2659 path=outputs/online_tta/online_tta_adapters/tta_v2659
[2026-08-27 17:18:23,794][openttl.online.tta_runner][INFO] - TTA sync LoRA -> SGLang name=tta_v2660 path=outputs/online_tta/online_tta_adapters/tta_v2660
[2660/4329] acc=0.4489 pred=D gold=D loss=2.3010627501207637e-06 (1.7s/sample)
[2026-08-27 17:18:25,552][openttl.online.tta_runner][INFO] - TTA sync LoRA -> SGLang name=tta_v2661 path=outputs/online_tta/online_tta_adapters/tta_v2661
[2026-08-27 17:18:27,320][openttl.online.tta_runner][INFO] - TTA sync LoRA -> SGLang name=tta_v2662 path=outputs/online_tta/online_tta_adapters/tta_v2662
[2026-08-27 17:18:29,102][openttl.online.tta_runner][INFO] - TTA sync LoRA -> SGLang name=tta_v2663 path=outputs/online_tta/online_tta_adapters/tta_v2663
[2026-08-27 17:18:30,920][openttl.online.tta_runner][INFO] - TTA sync LoRA -> SGLang name=tta_v2664 path=outputs/online_tta/online_tta_adapters/tta_v2664
[2026-08-27 17:18:32,725][openttl.online.tta_runner][INFO] - TTA sync LoRA -> SGLang name=tta_v2665 path=outputs/online_tta/online_tta_adapters/tta_v2665
[2026-08-27 17:18:34,460][openttl.online.tta_runner][INFO] - TTA sync LoRA -> SGLang name=tta_v2666 path=outputs/online_tta/online_tta_adapters/tta_v2666
[2026-08-27 17:18:36,106][openttl.online.tta_runner][INFO] - TTA sync LoRA -> SGLang name=tta_v2667 path=outputs/online_tta/online_tta_adapters/tta_v2667
[2026-08-27 17:18:37,734][openttl.online.tta_runner][INFO] - TTA sync LoRA -> SGLang name=tta_v2668 path=outputs/online_tta/online_tta_adapters/tta_v2668
[2026-08-27 17:18:39,384][openttl.online.tta_runner][INFO] - TTA sync LoRA -> SGLang name=tta_v2669 path=outputs/online_tta/online_tta_adapters/tta_v2669
[2026-08-27 17:18:41,039][openttl.online.tta_runner][INFO] - TTA sync LoRA -> SGLang name=tta_v2670 path=outputs/online_tta/online_tta_adapters/tta_v2670
[2026-08-27 17:18:42,696][openttl.online.tta_runner][INFO] - TTA sync LoRA -> SGLang name=tta_v2671 path=outputs/online_tta/online_tta_adapters/tta_v2671
[2026-08-27 17:18:44,245][openttl.online.tta_runner][INFO] - TTA sync LoRA -> SGLang name=tta_v2672 path=outputs/online_tta/online_tta_adapters/tta_v2672
[2026-08-27 17:18:45,914][openttl.online.tta_runner][INFO] - TTA sync LoRA -> SGLang name=tta_v2673 path=outputs/online_tta/online_tta_adapters/tta_v2673
[2026-08-27 17:18:47,565][openttl.online.tta_runner][INFO] - TTA sync LoRA -> SGLang name=tta_v2674 path=outputs/online_tta/online_tta_adapters/tta_v2674
[2026-08-27 17:18:49,188][openttl.online.tta_runner][INFO] - TTA sync LoRA -> SGLang name=tta_v2675 path=outputs/online_tta/online_tta_adapters/tta_v2675
[2026-08-27 17:18:50,822][openttl.online.tta_runner][INFO] - TTA sync LoRA -> SGLang name=tta_v2676 path=outputs/online_tta/online_tta_adapters/tta_v2676
[2026-08-27 17:18:52,433][openttl.online.tta_runner][INFO] - TTA sync LoRA -> SGLang name=tta_v2677 path=outputs/online_tta/online_tta_adapters/tta_v2677
[2026-08-27 17:18:53,976][openttl.online.tta_runner][INFO] - TTA sync LoRA -> SGLang name=tta_v2678 path=outputs/online_tta/online_tta_adapters/tta_v2678
[2026-08-27 17:18:55,628][openttl.online.tta_runner][INFO] - TTA sync LoRA -> SGLang name=tta_v2679 path=outputs/online_tta/online_tta_adapters/tta_v2679
[2026-08-27 17:18:57,234][openttl.online.tta_runner][INFO] - TTA sync LoRA -> SGLang name=tta_v2680 path=outputs/online_tta/online_tta_adapters/tta_v2680
[2680/4329] acc=0.4470 pred=D gold=D loss=2.683038928807946e-06 (1.7s/sample)
[2026-08-27 17:18:58,888][openttl.online.tta_runner][INFO] - TTA sync LoRA -> SGLang name=tta_v2681 path=outputs/online_tta/online_tta_adapters/tta_v2681
[2026-08-27 17:19:00,550][openttl.online.tta_runner][INFO] - TTA sync LoRA -> SGLang name=tta_v2682 path=outputs/online_tta/online_tta_adapters/tta_v2682
[2026-08-27 17:19:02,181][openttl.online.tta_runner][INFO] - TTA sync LoRA -> SGLang name=tta_v2683 path=outputs/online_tta/online_tta_adapters/tta_v2683
[2026-08-27 17:19:03,811][openttl.online.tta_runner][INFO] - TTA sync LoRA -> SGLang name=tta_v2684 path=outputs/online_tta/online_tta_adapters/tta_v2684
[2026-08-27 17:19:05,311][openttl.online.tta_runner][INFO] - TTA sync LoRA -> SGLang name=tta_v2685 path=outputs/online_tta/online_tta_adapters/tta_v2685
[2026-08-27 17:19:06,827][openttl.online.tta_runner][INFO] - TTA sync LoRA -> SGLang name=tta_v2686 path=outputs/online_tta/online_tta_adapters/tta_v2686
[2026-08-27 17:19:08,320][openttl.online.tta_runner][INFO] - TTA sync LoRA -> SGLang name=tta_v2687 path=outputs/online_tta/online_tta_adapters/tta_v2687
[2026-08-27 17:19:09,843][openttl.online.tta_runner][INFO] - TTA sync LoRA -> SGLang name=tta_v2688 path=outputs/online_tta/online_tta_adapters/tta_v2688
[2026-08-27 17:19:11,336][openttl.online.tta_runner][INFO] - TTA sync LoRA -> SGLang name=tta_v2689 path=outputs/online_tta/online_tta_adapters/tta_v2689
[2026-08-27 17:19:12,829][openttl.online.tta_runner][INFO] - TTA sync LoRA -> SGLang name=tta_v2690 path=outputs/online_tta/online_tta_adapters/tta_v2690
[2026-08-27 17:19:14,282][openttl.online.tta_runner][INFO] - TTA sync LoRA -> SGLang name=tta_v2691 path=outputs/online_tta/online_tta_adapters/tta_v2691
[2026-08-27 17:19:15,926][openttl.online.tta_runner][INFO] - TTA sync LoRA -> SGLang name=tta_v2692 path=outputs/online_tta/online_tta_adapters/tta_v2692
[2026-08-27 17:19:17,749][openttl.online.tta_runner][INFO] - TTA sync LoRA -> SGLang name=tta_v2693 path=outputs/online_tta/online_tta_adapters/tta_v2693
[2026-08-27 17:19:19,652][openttl.online.tta_runner][INFO] - TTA sync LoRA -> SGLang name=tta_v2694 path=outputs/online_tta/online_tta_adapters/tta_v2694
[2026-08-27 17:19:21,568][openttl.online.tta_runner][INFO] - TTA sync LoRA -> SGLang name=tta_v2695 path=outputs/online_tta/online_tta_adapters/tta_v2695
[2026-08-27 17:19:23,414][openttl.online.tta_runner][INFO] - TTA sync LoRA -> SGLang name=tta_v2696 path=outputs/online_tta/online_tta_adapters/tta_v2696
[2026-08-27 17:19:25,340][openttl.online.tta_runner][INFO] - TTA sync LoRA -> SGLang name=tta_v2697 path=outputs/online_tta/online_tta_adapters/tta_v2697
[2026-08-27 17:19:27,246][openttl.online.tta_runner][INFO] - TTA sync LoRA -> SGLang name=tta_v2698 path=outputs/online_tta/online_tta_adapters/tta_v2698
[2026-08-27 17:19:29,230][openttl.online.tta_runner][INFO] - TTA sync LoRA -> SGLang name=tta_v2699 path=outputs/online_tta/online_tta_adapters/tta_v2699
[2026-08-27 17:19:31,342][openttl.online.tta_runner][INFO] - TTA sync LoRA -> SGLang name=tta_v2700 path=outputs/online_tta/online_tta_adapters/tta_v2700
[2700/4329] acc=0.4456 pred=D gold=B loss=2.7138094083056785e-06 (1.7s/sample)
[2026-08-27 17:19:33,470][openttl.online.tta_runner][INFO] - TTA sync LoRA -> SGLang name=tta_v2701 path=outputs/online_tta/online_tta_adapters/tta_v2701
[2026-08-27 17:19:35,521][openttl.online.tta_runner][INFO] - TTA sync LoRA -> SGLang name=tta_v2702 path=outputs/online_tta/online_tta_adapters/tta_v2702
[2026-08-27 17:19:37,638][openttl.online.tta_runner][INFO] - TTA sync LoRA -> SGLang name=tta_v2703 path=outputs/online_tta/online_tta_adapters/tta_v2703
[2026-08-27 17:19:39,711][openttl.online.tta_runner][INFO] - TTA sync LoRA -> SGLang name=tta_v2704 path=outputs/online_tta/online_tta_adapters/tta_v2704
[2026-08-27 17:19:41,757][openttl.online.tta_runner][INFO] - TTA sync LoRA -> SGLang name=tta_v2705 path=outputs/online_tta/online_tta_adapters/tta_v2705
[2026-08-27 17:19:43,812][openttl.online.tta_runner][INFO] - TTA sync LoRA -> SGLang name=tta_v2706 path=outputs/online_tta/online_tta_adapters/tta_v2706
[2026-08-27 17:19:45,884][openttl.online.tta_runner][INFO] - TTA sync LoRA -> SGLang name=tta_v2707 path=outputs/online_tta/online_tta_adapters/tta_v2707
[2026-08-27 17:19:47,958][openttl.online.tta_runner][INFO] - TTA sync LoRA -> SGLang name=tta_v2708 path=outputs/online_tta/online_tta_adapters/tta_v2708
[2026-08-27 17:19:50,034][openttl.online.tta_runner][INFO] - TTA sync LoRA -> SGLang name=tta_v2709 path=outputs/online_tta/online_tta_adapters/tta_v2709
[2026-08-27 17:19:52,126][openttl.online.tta_runner][INFO] - TTA sync LoRA -> SGLang name=tta_v2710 path=outputs/online_tta/online_tta_adapters/tta_v2710
[2026-08-27 17:19:54,262][openttl.online.tta_runner][INFO] - TTA sync LoRA -> SGLang name=tta_v2711 path=outputs/online_tta/online_tta_adapters/tta_v2711
[2026-08-27 17:19:56,332][openttl.online.tta_runner][INFO] - TTA sync LoRA -> SGLang name=tta_v2712 path=outputs/online_tta/online_tta_adapters/tta_v2712
[2026-08-27 17:19:58,398][openttl.online.tta_runner][INFO] - TTA sync LoRA -> SGLang name=tta_v2713 path=outputs/online_tta/online_tta_adapters/tta_v2713
[2026-08-27 17:20:00,475][openttl.online.tta_runner][INFO] - TTA sync LoRA -> SGLang name=tta_v2714 path=outputs/online_tta/online_tta_adapters/tta_v2714
[2026-08-27 17:20:02,575][openttl.online.tta_runner][INFO] - TTA sync LoRA -> SGLang name=tta_v2715 path=outputs/online_tta/online_tta_adapters/tta_v2715
[2026-08-27 17:20:04,637][openttl.online.tta_runner][INFO] - TTA sync LoRA -> SGLang name=tta_v2716 path=outputs/online_tta/online_tta_adapters/tta_v2716
[2026-08-27 17:20:06,474][openttl.online.tta_runner][INFO] - TTA sync LoRA -> SGLang name=tta_v2717 path=outputs/online_tta/online_tta_adapters/tta_v2717
[2026-08-27 17:20:08,328][openttl.online.tta_runner][INFO] - TTA sync LoRA -> SGLang name=tta_v2718 path=outputs/online_tta/online_tta_adapters/tta_v2718
[2026-08-27 17:20:10,201][openttl.online.tta_runner][INFO] - TTA sync LoRA -> SGLang name=tta_v2719 path=outputs/online_tta/online_tta_adapters/tta_v2719
[2026-08-27 17:20:12,030][openttl.online.tta_runner][INFO] - TTA sync LoRA -> SGLang name=tta_v2720 path=outputs/online_tta/online_tta_adapters/tta_v2720
[2720/4329] acc=0.4437 pred=D gold=C loss=3.1019931157061365e-06 (1.7s/sample)
[2026-08-27 17:20:13,894][openttl.online.tta_runner][INFO] - TTA sync LoRA -> SGLang name=tta_v2721 path=outputs/online_tta/online_tta_adapters/tta_v2721
[2026-08-27 17:20:15,726][openttl.online.tta_runner][INFO] - TTA sync LoRA -> SGLang name=tta_v2722 path=outputs/online_tta/online_tta_adapters/tta_v2722
[2026-08-27 17:20:17,568][openttl.online.tta_runner][INFO] - TTA sync LoRA -> SGLang name=tta_v2723 path=outputs/online_tta/online_tta_adapters/tta_v2723
[2026-08-27 17:20:19,238][openttl.online.tta_runner][INFO] - TTA sync LoRA -> SGLang name=tta_v2724 path=outputs/online_tta/online_tta_adapters/tta_v2724
[2026-08-27 17:20:21,097][openttl.online.tta_runner][INFO] - TTA sync LoRA -> SGLang name=tta_v2725 path=outputs/online_tta/online_tta_adapters/tta_v2725
[2026-08-27 17:20:23,009][openttl.online.tta_runner][INFO] - TTA sync LoRA -> SGLang name=tta_v2726 path=outputs/online_tta/online_tta_adapters/tta_v2726
[2026-08-27 17:20:24,858][openttl.online.tta_runner][INFO] - TTA sync LoRA -> SGLang name=tta_v2727 path=outputs/online_tta/online_tta_adapters/tta_v2727
[2026-08-27 17:20:26,791][openttl.online.tta_runner][INFO] - TTA sync LoRA -> SGLang name=tta_v2728 path=outputs/online_tta/online_tta_adapters/tta_v2728
[2026-08-27 17:20:28,662][openttl.online.tta_runner][INFO] - TTA sync LoRA -> SGLang name=tta_v2729 path=outputs/online_tta/online_tta_adapters/tta_v2729
[2026-08-27 17:20:30,487][openttl.online.tta_runner][INFO] - TTA sync LoRA -> SGLang name=tta_v2730 path=outputs/online_tta/online_tta_adapters/tta_v2730
[2026-08-27 17:20:32,277][openttl.online.tta_runner][INFO] - TTA sync LoRA -> SGLang name=tta_v2731 path=outputs/online_tta/online_tta_adapters/tta_v2731
[2026-08-27 17:20:34,094][openttl.online.tta_runner][INFO] - TTA sync LoRA -> SGLang name=tta_v2732 path=outputs/online_tta/online_tta_adapters/tta_v2732
[2026-08-27 17:20:36,027][openttl.online.tta_runner][INFO] - TTA sync LoRA -> SGLang name=tta_v2733 path=outputs/online_tta/online_tta_adapters/tta_v2733
[2026-08-27 17:20:37,958][openttl.online.tta_runner][INFO] - TTA sync LoRA -> SGLang name=tta_v2734 path=outputs/online_tta/online_tta_adapters/tta_v2734
[2026-08-27 17:20:39,897][openttl.online.tta_runner][INFO] - TTA sync LoRA -> SGLang name=tta_v2735 path=outputs/online_tta/online_tta_adapters/tta_v2735
[2026-08-27 17:20:41,735][openttl.online.tta_runner][INFO] - TTA sync LoRA -> SGLang name=tta_v2736 path=outputs/online_tta/online_tta_adapters/tta_v2736
[2026-08-27 17:20:43,592][openttl.online.tta_runner][INFO] - TTA sync LoRA -> SGLang name=tta_v2737 path=outputs/online_tta/online_tta_adapters/tta_v2737
[2026-08-27 17:20:45,456][openttl.online.tta_runner][INFO] - TTA sync LoRA -> SGLang name=tta_v2738 path=outputs/online_tta/online_tta_adapters/tta_v2738
[2026-08-27 17:20:47,332][openttl.online.tta_runner][INFO] - TTA sync LoRA -> SGLang name=tta_v2739 path=outputs/online_tta/online_tta_adapters/tta_v2739
[2026-08-27 17:20:49,222][openttl.online.tta_runner][INFO] - TTA sync LoRA -> SGLang name=tta_v2740 path=outputs/online_tta/online_tta_adapters/tta_v2740
[2740/4329] acc=0.4420 pred=D gold=C loss=1.4378816558746621e-05 (1.7s/sample)
[2026-08-27 17:20:51,065][openttl.online.tta_runner][INFO] - TTA sync LoRA -> SGLang name=tta_v2741 path=outputs/online_tta/online_tta_adapters/tta_v2741
[2026-08-27 17:20:52,913][openttl.online.tta_runner][INFO] - TTA sync LoRA -> SGLang name=tta_v2742 path=outputs/online_tta/online_tta_adapters/tta_v2742
[2026-08-27 17:20:54,889][openttl.online.tta_runner][INFO] - TTA sync LoRA -> SGLang name=tta_v2743 path=outputs/online_tta/online_tta_adapters/tta_v2743
[2026-08-27 17:20:56,752][openttl.online.tta_runner][INFO] - TTA sync LoRA -> SGLang name=tta_v2744 path=outputs/online_tta/online_tta_adapters/tta_v2744
[2026-08-27 17:20:58,601][openttl.online.tta_runner][INFO] - TTA sync LoRA -> SGLang name=tta_v2745 path=outputs/online_tta/online_tta_adapters/tta_v2745
[2026-08-27 17:21:00,468][openttl.online.tta_runner][INFO] - TTA sync LoRA -> SGLang name=tta_v2746 path=outputs/online_tta/online_tta_adapters/tta_v2746
[2026-08-27 17:21:02,503][openttl.online.tta_runner][INFO] - TTA sync LoRA -> SGLang name=tta_v2747 path=outputs/online_tta/online_tta_adapters/tta_v2747
[2026-08-27 17:21:04,242][openttl.online.tta_runner][INFO] - TTA sync LoRA -> SGLang name=tta_v2748 path=outputs/online_tta/online_tta_adapters/tta_v2748
[2026-08-27 17:21:05,955][openttl.online.tta_runner][INFO] - TTA sync LoRA -> SGLang name=tta_v2749 path=outputs/online_tta/online_tta_adapters/tta_v2749
[2026-08-27 17:21:07,856][openttl.online.tta_runner][INFO] - TTA sync LoRA -> SGLang name=tta_v2750 path=outputs/online_tta/online_tta_adapters/tta_v2750
[2026-08-27 17:21:09,711][openttl.online.tta_runner][INFO] - TTA sync LoRA -> SGLang name=tta_v2751 path=outputs/online_tta/online_tta_adapters/tta_v2751
[2026-08-27 17:21:11,569][openttl.online.tta_runner][INFO] - TTA sync LoRA -> SGLang name=tta_v2752 path=outputs/online_tta/online_tta_adapters/tta_v2752
[2026-08-27 17:21:13,313][openttl.online.tta_runner][INFO] - TTA sync LoRA -> SGLang name=tta_v2753 path=outputs/online_tta/online_tta_adapters/tta_v2753
[2026-08-27 17:21:15,024][openttl.online.tta_runner][INFO] - TTA sync LoRA -> SGLang name=tta_v2754 path=outputs/online_tta/online_tta_adapters/tta_v2754
[2026-08-27 17:21:16,901][openttl.online.tta_runner][INFO] - TTA sync LoRA -> SGLang name=tta_v2755 path=outputs/online_tta/online_tta_adapters/tta_v2755
[2026-08-27 17:21:18,777][openttl.online.tta_runner][INFO] - TTA sync LoRA -> SGLang name=tta_v2756 path=outputs/online_tta/online_tta_adapters/tta_v2756
[2026-08-27 17:21:20,633][openttl.online.tta_runner][INFO] - TTA sync LoRA -> SGLang name=tta_v2757 path=outputs/online_tta/online_tta_adapters/tta_v2757
[2026-08-27 17:21:22,514][openttl.online.tta_runner][INFO] - TTA sync LoRA -> SGLang name=tta_v2758 path=outputs/online_tta/online_tta_adapters/tta_v2758
[2026-08-27 17:21:24,358][openttl.online.tta_runner][INFO] - TTA sync LoRA -> SGLang name=tta_v2759 path=outputs/online_tta/online_tta_adapters/tta_v2759
[2026-08-27 17:21:26,201][openttl.online.tta_runner][INFO] - TTA sync LoRA -> SGLang name=tta_v2760 path=outputs/online_tta/online_tta_adapters/tta_v2760
[2760/4329] acc=0.4413 pred=D gold=B loss=2.3681475340708857e-06 (1.7s/sample)
[2026-08-27 17:21:28,011][openttl.online.tta_runner][INFO] - TTA sync LoRA -> SGLang name=tta_v2761 path=outputs/online_tta/online_tta_adapters/tta_v2761
[2026-08-27 17:21:29,775][openttl.online.tta_runner][INFO] - TTA sync LoRA -> SGLang name=tta_v2762 path=outputs/online_tta/online_tta_adapters/tta_v2762
[2026-08-27 17:21:31,714][openttl.online.tta_runner][INFO] - TTA sync LoRA -> SGLang name=tta_v2763 path=outputs/online_tta/online_tta_adapters/tta_v2763
[2026-08-27 17:21:33,425][openttl.online.tta_runner][INFO] - TTA sync LoRA -> SGLang name=tta_v2764 path=outputs/online_tta/online_tta_adapters/tta_v2764
[2026-08-27 17:21:35,147][openttl.online.tta_runner][INFO] - TTA sync LoRA -> SGLang name=tta_v2765 path=outputs/online_tta/online_tta_adapters/tta_v2765
[2026-08-27 17:21:36,867][openttl.online.tta_runner][INFO] - TTA sync LoRA -> SGLang name=tta_v2766 path=outputs/online_tta/online_tta_adapters/tta_v2766
[2026-08-27 17:21:38,567][openttl.online.tta_runner][INFO] - TTA sync LoRA -> SGLang name=tta_v2767 path=outputs/online_tta/online_tta_adapters/tta_v2767
[2026-08-27 17:21:40,451][openttl.online.tta_runner][INFO] - TTA sync LoRA -> SGLang name=tta_v2768 path=outputs/online_tta/online_tta_adapters/tta_v2768
[2026-08-27 17:21:42,286][openttl.online.tta_runner][INFO] - TTA sync LoRA -> SGLang name=tta_v2769 path=outputs/online_tta/online_tta_adapters/tta_v2769
[2026-08-27 17:21:44,104][openttl.online.tta_runner][INFO] - TTA sync LoRA -> SGLang name=tta_v2770 path=outputs/online_tta/online_tta_adapters/tta_v2770
[2026-08-27 17:21:45,941][openttl.online.tta_runner][INFO] - TTA sync LoRA -> SGLang name=tta_v2771 path=outputs/online_tta/online_tta_adapters/tta_v2771
[2026-08-27 17:21:47,791][openttl.online.tta_runner][INFO] - TTA sync LoRA -> SGLang name=tta_v2772 path=outputs/online_tta/online_tta_adapters/tta_v2772
[2026-08-27 17:21:49,628][openttl.online.tta_runner][INFO] - TTA sync LoRA -> SGLang name=tta_v2773 path=outputs/online_tta/online_tta_adapters/tta_v2773
[2026-08-27 17:21:51,454][openttl.online.tta_runner][INFO] - TTA sync LoRA -> SGLang name=tta_v2774 path=outputs/online_tta/online_tta_adapters/tta_v2774
[2026-08-27 17:21:53,292][openttl.online.tta_runner][INFO] - TTA sync LoRA -> SGLang name=tta_v2775 path=outputs/online_tta/online_tta_adapters/tta_v2775
[2026-08-27 17:21:55,144][openttl.online.tta_runner][INFO] - TTA sync LoRA -> SGLang name=tta_v2776 path=outputs/online_tta/online_tta_adapters/tta_v2776
[2026-08-27 17:21:56,989][openttl.online.tta_runner][INFO] - TTA sync LoRA -> SGLang name=tta_v2777 path=outputs/online_tta/online_tta_adapters/tta_v2777
[2026-08-27 17:21:58,818][openttl.online.tta_runner][INFO] - TTA sync LoRA -> SGLang name=tta_v2778 path=outputs/online_tta/online_tta_adapters/tta_v2778
[2026-08-27 17:22:00,690][openttl.online.tta_runner][INFO] - TTA sync LoRA -> SGLang name=tta_v2779 path=outputs/online_tta/online_tta_adapters/tta_v2779
[2026-08-27 17:22:02,559][openttl.online.tta_runner][INFO] - TTA sync LoRA -> SGLang name=tta_v2780 path=outputs/online_tta/online_tta_adapters/tta_v2780
[2780/4329] acc=0.4396 pred=D gold=C loss=2.5445540359214647e-06 (1.7s/sample)
[2026-08-27 17:22:04,418][openttl.online.tta_runner][INFO] - TTA sync LoRA -> SGLang name=tta_v2781 path=outputs/online_tta/online_tta_adapters/tta_v2781
[2026-08-27 17:22:06,251][openttl.online.tta_runner][INFO] - TTA sync LoRA -> SGLang name=tta_v2782 path=outputs/online_tta/online_tta_adapters/tta_v2782
[2026-08-27 17:22:08,088][openttl.online.tta_runner][INFO] - TTA sync LoRA -> SGLang name=tta_v2783 path=outputs/online_tta/online_tta_adapters/tta_v2783
[2026-08-27 17:22:09,919][openttl.online.tta_runner][INFO] - TTA sync LoRA -> SGLang name=tta_v2784 path=outputs/online_tta/online_tta_adapters/tta_v2784
[2026-08-27 17:22:11,745][openttl.online.tta_runner][INFO] - TTA sync LoRA -> SGLang name=tta_v2785 path=outputs/online_tta/online_tta_adapters/tta_v2785
[2026-08-27 17:22:13,565][openttl.online.tta_runner][INFO] - TTA sync LoRA -> SGLang name=tta_v2786 path=outputs/online_tta/online_tta_adapters/tta_v2786
[2026-08-27 17:22:15,407][openttl.online.tta_runner][INFO] - TTA sync LoRA -> SGLang name=tta_v2787 path=outputs/online_tta/online_tta_adapters/tta_v2787
[2026-08-27 17:22:17,254][openttl.online.tta_runner][INFO] - TTA sync LoRA -> SGLang name=tta_v2788 path=outputs/online_tta/online_tta_adapters/tta_v2788
[2026-08-27 17:22:19,091][openttl.online.tta_runner][INFO] - TTA sync LoRA -> SGLang name=tta_v2789 path=outputs/online_tta/online_tta_adapters/tta_v2789
[2026-08-27 17:22:20,920][openttl.online.tta_runner][INFO] - TTA sync LoRA -> SGLang name=tta_v2790 path=outputs/online_tta/online_tta_adapters/tta_v2790
[2026-08-27 17:22:22,640][openttl.online.tta_runner][INFO] - TTA sync LoRA -> SGLang name=tta_v2791 path=outputs/online_tta/online_tta_adapters/tta_v2791
[2026-08-27 17:22:24,384][openttl.online.tta_runner][INFO] - TTA sync LoRA -> SGLang name=tta_v2792 path=outputs/online_tta/online_tta_adapters/tta_v2792
[2026-08-27 17:22:26,010][openttl.online.tta_runner][INFO] - TTA sync LoRA -> SGLang name=tta_v2793 path=outputs/online_tta/online_tta_adapters/tta_v2793
[2026-08-27 17:22:27,634][openttl.online.tta_runner][INFO] - TTA sync LoRA -> SGLang name=tta_v2794 path=outputs/online_tta/online_tta_adapters/tta_v2794
[2026-08-27 17:22:29,286][openttl.online.tta_runner][INFO] - TTA sync LoRA -> SGLang name=tta_v2795 path=outputs/online_tta/online_tta_adapters/tta_v2795
[2026-08-27 17:22:30,993][openttl.online.tta_runner][INFO] - TTA sync LoRA -> SGLang name=tta_v2796 path=outputs/online_tta/online_tta_adapters/tta_v2796
[2026-08-27 17:22:32,705][openttl.online.tta_runner][INFO] - TTA sync LoRA -> SGLang name=tta_v2797 path=outputs/online_tta/online_tta_adapters/tta_v2797
[2026-08-27 17:22:34,442][openttl.online.tta_runner][INFO] - TTA sync LoRA -> SGLang name=tta_v2798 path=outputs/online_tta/online_tta_adapters/tta_v2798
[2026-08-27 17:22:36,284][openttl.online.tta_runner][INFO] - TTA sync LoRA -> SGLang name=tta_v2799 path=outputs/online_tta/online_tta_adapters/tta_v2799
[2026-08-27 17:22:37,999][openttl.online.tta_runner][INFO] - TTA sync LoRA -> SGLang name=tta_v2800 path=outputs/online_tta/online_tta_adapters/tta_v2800
[2800/4329] acc=0.4393 pred=D gold=D loss=3.7064924072183203e-06 (1.7s/sample)
[2026-08-27 17:22:39,816][openttl.online.tta_runner][INFO] - TTA sync LoRA -> SGLang name=tta_v2801 path=outputs/online_tta/online_tta_adapters/tta_v2801
[2026-08-27 17:22:41,519][openttl.online.tta_runner][INFO] - TTA sync LoRA -> SGLang name=tta_v2802 path=outputs/online_tta/online_tta_adapters/tta_v2802
[2026-08-27 17:22:43,150][openttl.online.tta_runner][INFO] - TTA sync LoRA -> SGLang name=tta_v2803 path=outputs/online_tta/online_tta_adapters/tta_v2803
[2026-08-27 17:22:44,839][openttl.online.tta_runner][INFO] - TTA sync LoRA -> SGLang name=tta_v2804 path=outputs/online_tta/online_tta_adapters/tta_v2804
[2026-08-27 17:22:46,459][openttl.online.tta_runner][INFO] - TTA sync LoRA -> SGLang name=tta_v2805 path=outputs/online_tta/online_tta_adapters/tta_v2805
[2026-08-27 17:22:48,084][openttl.online.tta_runner][INFO] - TTA sync LoRA -> SGLang name=tta_v2806 path=outputs/online_tta/online_tta_adapters/tta_v2806
[2026-08-27 17:22:49,697][openttl.online.tta_runner][INFO] - TTA sync LoRA -> SGLang name=tta_v2807 path=outputs/online_tta/online_tta_adapters/tta_v2807
[2026-08-27 17:22:51,313][openttl.online.tta_runner][INFO] - TTA sync LoRA -> SGLang name=tta_v2808 path=outputs/online_tta/online_tta_adapters/tta_v2808
[2026-08-27 17:22:52,949][openttl.online.tta_runner][INFO] - TTA sync LoRA -> SGLang name=tta_v2809 path=outputs/online_tta/online_tta_adapters/tta_v2809
[2026-08-27 17:22:54,583][openttl.online.tta_runner][INFO] - TTA sync LoRA -> SGLang name=tta_v2810 path=outputs/online_tta/online_tta_adapters/tta_v2810
[2026-08-27 17:22:56,287][openttl.online.tta_runner][INFO] - TTA sync LoRA -> SGLang name=tta_v2811 path=outputs/online_tta/online_tta_adapters/tta_v2811
[2026-08-27 17:22:57,904][openttl.online.tta_runner][INFO] - TTA sync LoRA -> SGLang name=tta_v2812 path=outputs/online_tta/online_tta_adapters/tta_v2812
[2026-08-27 17:22:59,523][openttl.online.tta_runner][INFO] - TTA sync LoRA -> SGLang name=tta_v2813 path=outputs/online_tta/online_tta_adapters/tta_v2813
[2026-08-27 17:23:01,149][openttl.online.tta_runner][INFO] - TTA sync LoRA -> SGLang name=tta_v2814 path=outputs/online_tta/online_tta_adapters/tta_v2814
[2026-08-27 17:23:02,789][openttl.online.tta_runner][INFO] - TTA sync LoRA -> SGLang name=tta_v2815 path=outputs/online_tta/online_tta_adapters/tta_v2815
[2026-08-27 17:23:04,426][openttl.online.tta_runner][INFO] - TTA sync LoRA -> SGLang name=tta_v2816 path=outputs/online_tta/online_tta_adapters/tta_v2816
[2026-08-27 17:23:05,961][openttl.online.tta_runner][INFO] - TTA sync LoRA -> SGLang name=tta_v2817 path=outputs/online_tta/online_tta_adapters/tta_v2817
[2026-08-27 17:23:07,633][openttl.online.tta_runner][INFO] - TTA sync LoRA -> SGLang name=tta_v2818 path=outputs/online_tta/online_tta_adapters/tta_v2818
[2026-08-27 17:23:09,420][openttl.online.tta_runner][INFO] - TTA sync LoRA -> SGLang name=tta_v2819 path=outputs/online_tta/online_tta_adapters/tta_v2819
[2026-08-27 17:23:11,112][openttl.online.tta_runner][INFO] - TTA sync LoRA -> SGLang name=tta_v2820 path=outputs/online_tta/online_tta_adapters/tta_v2820
[2820/4329] acc=0.4369 pred=D gold=B loss=1.96409314412449e-06 (1.7s/sample)
[2026-08-27 17:23:12,745][openttl.online.tta_runner][INFO] - TTA sync LoRA -> SGLang name=tta_v2821 path=outputs/online_tta/online_tta_adapters/tta_v2821
[2026-08-27 17:23:14,378][openttl.online.tta_runner][INFO] - TTA sync LoRA -> SGLang name=tta_v2822 path=outputs/online_tta/online_tta_adapters/tta_v2822
[2026-08-27 17:23:16,090][openttl.online.tta_runner][INFO] - TTA sync LoRA -> SGLang name=tta_v2823 path=outputs/online_tta/online_tta_adapters/tta_v2823
[2026-08-27 17:23:17,777][openttl.online.tta_runner][INFO] - TTA sync LoRA -> SGLang name=tta_v2824 path=outputs/online_tta/online_tta_adapters/tta_v2824
[2026-08-27 17:23:19,486][openttl.online.tta_runner][INFO] - TTA sync LoRA -> SGLang name=tta_v2825 path=outputs/online_tta/online_tta_adapters/tta_v2825
[2026-08-27 17:23:21,173][openttl.online.tta_runner][INFO] - TTA sync LoRA -> SGLang name=tta_v2826 path=outputs/online_tta/online_tta_adapters/tta_v2826
[2026-08-27 17:23:22,713][openttl.online.tta_runner][INFO] - TTA sync LoRA -> SGLang name=tta_v2827 path=outputs/online_tta/online_tta_adapters/tta_v2827
[2026-08-27 17:23:24,252][openttl.online.tta_runner][INFO] - TTA sync LoRA -> SGLang name=tta_v2828 path=outputs/online_tta/online_tta_adapters/tta_v2828
[2026-08-27 17:23:25,769][openttl.online.tta_runner][INFO] - TTA sync LoRA -> SGLang name=tta_v2829 path=outputs/online_tta/online_tta_adapters/tta_v2829
[2026-08-27 17:23:27,328][openttl.online.tta_runner][INFO] - TTA sync LoRA -> SGLang name=tta_v2830 path=outputs/online_tta/online_tta_adapters/tta_v2830
[2026-08-27 17:23:28,842][openttl.online.tta_runner][INFO] - TTA sync LoRA -> SGLang name=tta_v2831 path=outputs/online_tta/online_tta_adapters/tta_v2831
[2026-08-27 17:23:30,363][openttl.online.tta_runner][INFO] - TTA sync LoRA -> SGLang name=tta_v2832 path=outputs/online_tta/online_tta_adapters/tta_v2832
[2026-08-27 17:23:31,888][openttl.online.tta_runner][INFO] - TTA sync LoRA -> SGLang name=tta_v2833 path=outputs/online_tta/online_tta_adapters/tta_v2833
[2026-08-27 17:23:33,415][openttl.online.tta_runner][INFO] - TTA sync LoRA -> SGLang name=tta_v2834 path=outputs/online_tta/online_tta_adapters/tta_v2834
[2026-08-27 17:23:34,958][openttl.online.tta_runner][INFO] - TTA sync LoRA -> SGLang name=tta_v2835 path=outputs/online_tta/online_tta_adapters/tta_v2835
[2026-08-27 17:23:36,681][openttl.online.tta_runner][INFO] - TTA sync LoRA -> SGLang name=tta_v2836 path=outputs/online_tta/online_tta_adapters/tta_v2836
[2026-08-27 17:23:38,430][openttl.online.tta_runner][INFO] - TTA sync LoRA -> SGLang name=tta_v2837 path=outputs/online_tta/online_tta_adapters/tta_v2837
[2026-08-27 17:23:40,173][openttl.online.tta_runner][INFO] - TTA sync LoRA -> SGLang name=tta_v2838 path=outputs/online_tta/online_tta_adapters/tta_v2838
[2026-08-27 17:23:41,830][openttl.online.tta_runner][INFO] - TTA sync LoRA -> SGLang name=tta_v2839 path=outputs/online_tta/online_tta_adapters/tta_v2839
[2026-08-27 17:23:43,520][openttl.online.tta_runner][INFO] - TTA sync LoRA -> SGLang name=tta_v2840 path=outputs/online_tta/online_tta_adapters/tta_v2840
[2840/4329] acc=0.4352 pred=D gold=C loss=2.216733037130325e-06 (1.7s/sample)
[2026-08-27 17:23:45,219][openttl.online.tta_runner][INFO] - TTA sync LoRA -> SGLang name=tta_v2841 path=outputs/online_tta/online_tta_adapters/tta_v2841
[2026-08-27 17:23:46,938][openttl.online.tta_runner][INFO] - TTA sync LoRA -> SGLang name=tta_v2842 path=outputs/online_tta/online_tta_adapters/tta_v2842
[2026-08-27 17:23:48,692][openttl.online.tta_runner][INFO] - TTA sync LoRA -> SGLang name=tta_v2843 path=outputs/online_tta/online_tta_adapters/tta_v2843
[2026-08-27 17:23:50,410][openttl.online.tta_runner][INFO] - TTA sync LoRA -> SGLang name=tta_v2844 path=outputs/online_tta/online_tta_adapters/tta_v2844
[2026-08-27 17:23:52,134][openttl.online.tta_runner][INFO] - TTA sync LoRA -> SGLang name=tta_v2845 path=outputs/online_tta/online_tta_adapters/tta_v2845
[2026-08-27 17:23:53,844][openttl.online.tta_runner][INFO] - TTA sync LoRA -> SGLang name=tta_v2846 path=outputs/online_tta/online_tta_adapters/tta_v2846
[2026-08-27 17:23:55,622][openttl.online.tta_runner][INFO] - TTA sync LoRA -> SGLang name=tta_v2847 path=outputs/online_tta/online_tta_adapters/tta_v2847
[2026-08-27 17:23:57,318][openttl.online.tta_runner][INFO] - TTA sync LoRA -> SGLang name=tta_v2848 path=outputs/online_tta/online_tta_adapters/tta_v2848
[2026-08-27 17:23:59,121][openttl.online.tta_runner][INFO] - TTA sync LoRA -> SGLang name=tta_v2849 path=outputs/online_tta/online_tta_adapters/tta_v2849
[2026-08-27 17:24:00,873][openttl.online.tta_runner][INFO] - TTA sync LoRA -> SGLang name=tta_v2850 path=outputs/online_tta/online_tta_adapters/tta_v2850
[2026-08-27 17:24:02,603][openttl.online.tta_runner][INFO] - TTA sync LoRA -> SGLang name=tta_v2851 path=outputs/online_tta/online_tta_adapters/tta_v2851
[2026-08-27 17:24:04,315][openttl.online.tta_runner][INFO] - TTA sync LoRA -> SGLang name=tta_v2852 path=outputs/online_tta/online_tta_adapters/tta_v2852
[2026-08-27 17:24:06,015][openttl.online.tta_runner][INFO] - TTA sync LoRA -> SGLang name=tta_v2853 path=outputs/online_tta/online_tta_adapters/tta_v2853
[2026-08-27 17:24:07,704][openttl.online.tta_runner][INFO] - TTA sync LoRA -> SGLang name=tta_v2854 path=outputs/online_tta/online_tta_adapters/tta_v2854
[2026-08-27 17:24:09,488][openttl.online.tta_runner][INFO] - TTA sync LoRA -> SGLang name=tta_v2855 path=outputs/online_tta/online_tta_adapters/tta_v2855
[2026-08-27 17:24:11,301][openttl.online.tta_runner][INFO] - TTA sync LoRA -> SGLang name=tta_v2856 path=outputs/online_tta/online_tta_adapters/tta_v2856
[2026-08-27 17:24:13,107][openttl.online.tta_runner][INFO] - TTA sync LoRA -> SGLang name=tta_v2857 path=outputs/online_tta/online_tta_adapters/tta_v2857
[2026-08-27 17:24:14,849][openttl.online.tta_runner][INFO] - TTA sync LoRA -> SGLang name=tta_v2858 path=outputs/online_tta/online_tta_adapters/tta_v2858
[2026-08-27 17:24:16,489][openttl.online.tta_runner][INFO] - TTA sync LoRA -> SGLang name=tta_v2859 path=outputs/online_tta/online_tta_adapters/tta_v2859
[2026-08-27 17:24:18,195][openttl.online.tta_runner][INFO] - TTA sync LoRA -> SGLang name=tta_v2860 path=outputs/online_tta/online_tta_adapters/tta_v2860
[2860/4329] acc=0.4339 pred=D gold=D loss=1.8540278006184963e-06 (1.7s/sample)
[2026-08-27 17:24:19,936][openttl.online.tta_runner][INFO] - TTA sync LoRA -> SGLang name=tta_v2861 path=outputs/online_tta/online_tta_adapters/tta_v2861
[2026-08-27 17:24:21,578][openttl.online.tta_runner][INFO] - TTA sync LoRA -> SGLang name=tta_v2862 path=outputs/online_tta/online_tta_adapters/tta_v2862
[2026-08-27 17:24:23,257][openttl.online.tta_runner][INFO] - TTA sync LoRA -> SGLang name=tta_v2863 path=outputs/online_tta/online_tta_adapters/tta_v2863
[2026-08-27 17:24:24,897][openttl.online.tta_runner][INFO] - TTA sync LoRA -> SGLang name=tta_v2864 path=outputs/online_tta/online_tta_adapters/tta_v2864
[2026-08-27 17:24:26,616][openttl.online.tta_runner][INFO] - TTA sync LoRA -> SGLang name=tta_v2865 path=outputs/online_tta/online_tta_adapters/tta_v2865
[2026-08-27 17:24:28,274][openttl.online.tta_runner][INFO] - TTA sync LoRA -> SGLang name=tta_v2866 path=outputs/online_tta/online_tta_adapters/tta_v2866
[2026-08-27 17:24:29,913][openttl.online.tta_runner][INFO] - TTA sync LoRA -> SGLang name=tta_v2867 path=outputs/online_tta/online_tta_adapters/tta_v2867
[2026-08-27 17:24:31,566][openttl.online.tta_runner][INFO] - TTA sync LoRA -> SGLang name=tta_v2868 path=outputs/online_tta/online_tta_adapters/tta_v2868
[2026-08-27 17:24:33,204][openttl.online.tta_runner][INFO] - TTA sync LoRA -> SGLang name=tta_v2869 path=outputs/online_tta/online_tta_adapters/tta_v2869
[2026-08-27 17:24:34,821][openttl.online.tta_runner][INFO] - TTA sync LoRA -> SGLang name=tta_v2870 path=outputs/online_tta/online_tta_adapters/tta_v2870
[2026-08-27 17:24:36,442][openttl.online.tta_runner][INFO] - TTA sync LoRA -> SGLang name=tta_v2871 path=outputs/online_tta/online_tta_adapters/tta_v2871
[2026-08-27 17:24:38,074][openttl.online.tta_runner][INFO] - TTA sync LoRA -> SGLang name=tta_v2872 path=outputs/online_tta/online_tta_adapters/tta_v2872
[2026-08-27 17:24:39,744][openttl.online.tta_runner][INFO] - TTA sync LoRA -> SGLang name=tta_v2873 path=outputs/online_tta/online_tta_adapters/tta_v2873
[2026-08-27 17:24:41,403][openttl.online.tta_runner][INFO] - TTA sync LoRA -> SGLang name=tta_v2874 path=outputs/online_tta/online_tta_adapters/tta_v2874
[2026-08-27 17:24:43,016][openttl.online.tta_runner][INFO] - TTA sync LoRA -> SGLang name=tta_v2875 path=outputs/online_tta/online_tta_adapters/tta_v2875
[2026-08-27 17:24:44,628][openttl.online.tta_runner][INFO] - TTA sync LoRA -> SGLang name=tta_v2876 path=outputs/online_tta/online_tta_adapters/tta_v2876
[2026-08-27 17:24:46,175][openttl.online.tta_runner][INFO] - TTA sync LoRA -> SGLang name=tta_v2877 path=outputs/online_tta/online_tta_adapters/tta_v2877
[2026-08-27 17:24:47,617][openttl.online.tta_runner][INFO] - TTA sync LoRA -> SGLang name=tta_v2878 path=outputs/online_tta/online_tta_adapters/tta_v2878
[2026-08-27 17:24:49,275][openttl.online.tta_runner][INFO] - TTA sync LoRA -> SGLang name=tta_v2879 path=outputs/online_tta/online_tta_adapters/tta_v2879
[2026-08-27 17:24:50,899][openttl.online.tta_runner][INFO] - TTA sync LoRA -> SGLang name=tta_v2880 path=outputs/online_tta/online_tta_adapters/tta_v2880
[2880/4329] acc=0.4319 pred=D gold=B loss=2.60062665802252e-06 (1.7s/sample)
[2026-08-27 17:24:52,516][openttl.online.tta_runner][INFO] - TTA sync LoRA -> SGLang name=tta_v2881 path=outputs/online_tta/online_tta_adapters/tta_v2881
[2026-08-27 17:24:54,163][openttl.online.tta_runner][INFO] - TTA sync LoRA -> SGLang name=tta_v2882 path=outputs/online_tta/online_tta_adapters/tta_v2882
[2026-08-27 17:24:55,807][openttl.online.tta_runner][INFO] - TTA sync LoRA -> SGLang name=tta_v2883 path=outputs/online_tta/online_tta_adapters/tta_v2883
[2026-08-27 17:24:57,502][openttl.online.tta_runner][INFO] - TTA sync LoRA -> SGLang name=tta_v2884 path=outputs/online_tta/online_tta_adapters/tta_v2884
[2026-08-27 17:24:59,270][openttl.online.tta_runner][INFO] - TTA sync LoRA -> SGLang name=tta_v2885 path=outputs/online_tta/online_tta_adapters/tta_v2885
[2026-08-27 17:25:00,941][openttl.online.tta_runner][INFO] - TTA sync LoRA -> SGLang name=tta_v2886 path=outputs/online_tta/online_tta_adapters/tta_v2886
[2026-08-27 17:25:02,580][openttl.online.tta_runner][INFO] - TTA sync LoRA -> SGLang name=tta_v2887 path=outputs/online_tta/online_tta_adapters/tta_v2887
[2026-08-27 17:25:04,275][openttl.online.tta_runner][INFO] - TTA sync LoRA -> SGLang name=tta_v2888 path=outputs/online_tta/online_tta_adapters/tta_v2888
[2026-08-27 17:25:06,133][openttl.online.tta_runner][INFO] - TTA sync LoRA -> SGLang name=tta_v2889 path=outputs/online_tta/online_tta_adapters/tta_v2889
[2026-08-27 17:25:07,781][openttl.online.tta_runner][INFO] - TTA sync LoRA -> SGLang name=tta_v2890 path=outputs/online_tta/online_tta_adapters/tta_v2890
[2026-08-27 17:25:09,513][openttl.online.tta_runner][INFO] - TTA sync LoRA -> SGLang name=tta_v2891 path=outputs/online_tta/online_tta_adapters/tta_v2891
[2026-08-27 17:25:11,207][openttl.online.tta_runner][INFO] - TTA sync LoRA -> SGLang name=tta_v2892 path=outputs/online_tta/online_tta_adapters/tta_v2892
[2026-08-27 17:25:12,823][openttl.online.tta_runner][INFO] - TTA sync LoRA -> SGLang name=tta_v2893 path=outputs/online_tta/online_tta_adapters/tta_v2893
[2026-08-27 17:25:14,429][openttl.online.tta_runner][INFO] - TTA sync LoRA -> SGLang name=tta_v2894 path=outputs/online_tta/online_tta_adapters/tta_v2894
[2026-08-27 17:25:16,108][openttl.online.tta_runner][INFO] - TTA sync LoRA -> SGLang name=tta_v2895 path=outputs/online_tta/online_tta_adapters/tta_v2895
[2026-08-27 17:25:17,704][openttl.online.tta_runner][INFO] - TTA sync LoRA -> SGLang name=tta_v2896 path=outputs/online_tta/online_tta_adapters/tta_v2896
[2026-08-27 17:25:19,386][openttl.online.tta_runner][INFO] - TTA sync LoRA -> SGLang name=tta_v2897 path=outputs/online_tta/online_tta_adapters/tta_v2897
[2026-08-27 17:25:21,131][openttl.online.tta_runner][INFO] - TTA sync LoRA -> SGLang name=tta_v2898 path=outputs/online_tta/online_tta_adapters/tta_v2898
[2026-08-27 17:25:22,921][openttl.online.tta_runner][INFO] - TTA sync LoRA -> SGLang name=tta_v2899 path=outputs/online_tta/online_tta_adapters/tta_v2899
[2026-08-27 17:25:24,462][openttl.online.tta_runner][INFO] - TTA sync LoRA -> SGLang name=tta_v2900 path=outputs/online_tta/online_tta_adapters/tta_v2900
[2900/4329] acc=0.4300 pred=D gold=A loss=2.479958993717446e-06 (1.7s/sample)
[2026-08-27 17:25:26,095][openttl.online.tta_runner][INFO] - TTA sync LoRA -> SGLang name=tta_v2901 path=outputs/online_tta/online_tta_adapters/tta_v2901
[2026-08-27 17:25:27,777][openttl.online.tta_runner][INFO] - TTA sync LoRA -> SGLang name=tta_v2902 path=outputs/online_tta/online_tta_adapters/tta_v2902
[2026-08-27 17:25:29,519][openttl.online.tta_runner][INFO] - TTA sync LoRA -> SGLang name=tta_v2903 path=outputs/online_tta/online_tta_adapters/tta_v2903
[2026-08-27 17:25:31,198][openttl.online.tta_runner][INFO] - TTA sync LoRA -> SGLang name=tta_v2904 path=outputs/online_tta/online_tta_adapters/tta_v2904
[2026-08-27 17:25:32,840][openttl.online.tta_runner][INFO] - TTA sync LoRA -> SGLang name=tta_v2905 path=outputs/online_tta/online_tta_adapters/tta_v2905
[2026-08-27 17:25:34,492][openttl.online.tta_runner][INFO] - TTA sync LoRA -> SGLang name=tta_v2906 path=outputs/online_tta/online_tta_adapters/tta_v2906
[2026-08-27 17:25:36,125][openttl.online.tta_runner][INFO] - TTA sync LoRA -> SGLang name=tta_v2907 path=outputs/online_tta/online_tta_adapters/tta_v2907
[2026-08-27 17:25:37,753][openttl.online.tta_runner][INFO] - TTA sync LoRA -> SGLang name=tta_v2908 path=outputs/online_tta/online_tta_adapters/tta_v2908
[2026-08-27 17:25:39,407][openttl.online.tta_runner][INFO] - TTA sync LoRA -> SGLang name=tta_v2909 path=outputs/online_tta/online_tta_adapters/tta_v2909
[2026-08-27 17:25:41,125][openttl.online.tta_runner][INFO] - TTA sync LoRA -> SGLang name=tta_v2910 path=outputs/online_tta/online_tta_adapters/tta_v2910
[2026-08-27 17:25:42,767][openttl.online.tta_runner][INFO] - TTA sync LoRA -> SGLang name=tta_v2911 path=outputs/online_tta/online_tta_adapters/tta_v2911
[2026-08-27 17:25:44,488][openttl.online.tta_runner][INFO] - TTA sync LoRA -> SGLang name=tta_v2912 path=outputs/online_tta/online_tta_adapters/tta_v2912
[2026-08-27 17:25:46,131][openttl.online.tta_runner][INFO] - TTA sync LoRA -> SGLang name=tta_v2913 path=outputs/online_tta/online_tta_adapters/tta_v2913
[2026-08-27 17:25:47,750][openttl.online.tta_runner][INFO] - TTA sync LoRA -> SGLang name=tta_v2914 path=outputs/online_tta/online_tta_adapters/tta_v2914
[2026-08-27 17:25:49,379][openttl.online.tta_runner][INFO] - TTA sync LoRA -> SGLang name=tta_v2915 path=outputs/online_tta/online_tta_adapters/tta_v2915
[2026-08-27 17:25:51,001][openttl.online.tta_runner][INFO] - TTA sync LoRA -> SGLang name=tta_v2916 path=outputs/online_tta/online_tta_adapters/tta_v2916
[2026-08-27 17:25:52,695][openttl.online.tta_runner][INFO] - TTA sync LoRA -> SGLang name=tta_v2917 path=outputs/online_tta/online_tta_adapters/tta_v2917
[2026-08-27 17:25:54,341][openttl.online.tta_runner][INFO] - TTA sync LoRA -> SGLang name=tta_v2918 path=outputs/online_tta/online_tta_adapters/tta_v2918
[2026-08-27 17:25:55,992][openttl.online.tta_runner][INFO] - TTA sync LoRA -> SGLang name=tta_v2919 path=outputs/online_tta/online_tta_adapters/tta_v2919
[2026-08-27 17:25:57,731][openttl.online.tta_runner][INFO] - TTA sync LoRA -> SGLang name=tta_v2920 path=outputs/online_tta/online_tta_adapters/tta_v2920
[2920/4329] acc=0.4284 pred=D gold=B loss=2.010990556300385e-06 (1.7s/sample)
[2026-08-27 17:25:59,386][openttl.online.tta_runner][INFO] - TTA sync LoRA -> SGLang name=tta_v2921 path=outputs/online_tta/online_tta_adapters/tta_v2921
[2026-08-27 17:26:01,008][openttl.online.tta_runner][INFO] - TTA sync LoRA -> SGLang name=tta_v2922 path=outputs/online_tta/online_tta_adapters/tta_v2922
[2026-08-27 17:26:02,642][openttl.online.tta_runner][INFO] - TTA sync LoRA -> SGLang name=tta_v2923 path=outputs/online_tta/online_tta_adapters/tta_v2923
[2026-08-27 17:26:04,283][openttl.online.tta_runner][INFO] - TTA sync LoRA -> SGLang name=tta_v2924 path=outputs/online_tta/online_tta_adapters/tta_v2924
[2026-08-27 17:26:05,886][openttl.online.tta_runner][INFO] - TTA sync LoRA -> SGLang name=tta_v2925 path=outputs/online_tta/online_tta_adapters/tta_v2925
[2026-08-27 17:26:07,525][openttl.online.tta_runner][INFO] - TTA sync LoRA -> SGLang name=tta_v2926 path=outputs/online_tta/online_tta_adapters/tta_v2926
[2026-08-27 17:26:09,233][openttl.online.tta_runner][INFO] - TTA sync LoRA -> SGLang name=tta_v2927 path=outputs/online_tta/online_tta_adapters/tta_v2927
[2026-08-27 17:26:10,916][openttl.online.tta_runner][INFO] - TTA sync LoRA -> SGLang name=tta_v2928 path=outputs/online_tta/online_tta_adapters/tta_v2928
[2026-08-27 17:26:12,576][openttl.online.tta_runner][INFO] - TTA sync LoRA -> SGLang name=tta_v2929 path=outputs/online_tta/online_tta_adapters/tta_v2929
[2026-08-27 17:26:14,210][openttl.online.tta_runner][INFO] - TTA sync LoRA -> SGLang name=tta_v2930 path=outputs/online_tta/online_tta_adapters/tta_v2930
[2026-08-27 17:26:15,740][openttl.online.tta_runner][INFO] - TTA sync LoRA -> SGLang name=tta_v2931 path=outputs/online_tta/online_tta_adapters/tta_v2931
[2026-08-27 17:26:17,293][openttl.online.tta_runner][INFO] - TTA sync LoRA -> SGLang name=tta_v2932 path=outputs/online_tta/online_tta_adapters/tta_v2932
[2026-08-27 17:26:18,944][openttl.online.tta_runner][INFO] - TTA sync LoRA -> SGLang name=tta_v2933 path=outputs/online_tta/online_tta_adapters/tta_v2933
[2026-08-27 17:26:20,593][openttl.online.tta_runner][INFO] - TTA sync LoRA -> SGLang name=tta_v2934 path=outputs/online_tta/online_tta_adapters/tta_v2934
[2026-08-27 17:26:22,310][openttl.online.tta_runner][INFO] - TTA sync LoRA -> SGLang name=tta_v2935 path=outputs/online_tta/online_tta_adapters/tta_v2935
[2026-08-27 17:26:23,999][openttl.online.tta_runner][INFO] - TTA sync LoRA -> SGLang name=tta_v2936 path=outputs/online_tta/online_tta_adapters/tta_v2936
[2026-08-27 17:26:25,647][openttl.online.tta_runner][INFO] - TTA sync LoRA -> SGLang name=tta_v2937 path=outputs/online_tta/online_tta_adapters/tta_v2937
[2026-08-27 17:26:27,340][openttl.online.tta_runner][INFO] - TTA sync LoRA -> SGLang name=tta_v2938 path=outputs/online_tta/online_tta_adapters/tta_v2938
[2026-08-27 17:26:29,012][openttl.online.tta_runner][INFO] - TTA sync LoRA -> SGLang name=tta_v2939 path=outputs/online_tta/online_tta_adapters/tta_v2939
[2026-08-27 17:26:30,676][openttl.online.tta_runner][INFO] - TTA sync LoRA -> SGLang name=tta_v2940 path=outputs/online_tta/online_tta_adapters/tta_v2940
[2940/4329] acc=0.4276 pred=D gold=A loss=2.1075254608149407e-06 (1.7s/sample)
[2026-08-27 17:26:32,366][openttl.online.tta_runner][INFO] - TTA sync LoRA -> SGLang name=tta_v2941 path=outputs/online_tta/online_tta_adapters/tta_v2941
[2026-08-27 17:26:34,039][openttl.online.tta_runner][INFO] - TTA sync LoRA -> SGLang name=tta_v2942 path=outputs/online_tta/online_tta_adapters/tta_v2942
[2026-08-27 17:26:35,696][openttl.online.tta_runner][INFO] - TTA sync LoRA -> SGLang name=tta_v2943 path=outputs/online_tta/online_tta_adapters/tta_v2943
[2026-08-27 17:26:37,357][openttl.online.tta_runner][INFO] - TTA sync LoRA -> SGLang name=tta_v2944 path=outputs/online_tta/online_tta_adapters/tta_v2944
[2026-08-27 17:26:39,037][openttl.online.tta_runner][INFO] - TTA sync LoRA -> SGLang name=tta_v2945 path=outputs/online_tta/online_tta_adapters/tta_v2945
[2026-08-27 17:26:40,710][openttl.online.tta_runner][INFO] - TTA sync LoRA -> SGLang name=tta_v2946 path=outputs/online_tta/online_tta_adapters/tta_v2946
[2026-08-27 17:26:42,363][openttl.online.tta_runner][INFO] - TTA sync LoRA -> SGLang name=tta_v2947 path=outputs/online_tta/online_tta_adapters/tta_v2947
[2026-08-27 17:26:44,058][openttl.online.tta_runner][INFO] - TTA sync LoRA -> SGLang name=tta_v2948 path=outputs/online_tta/online_tta_adapters/tta_v2948
[2026-08-27 17:26:45,706][openttl.online.tta_runner][INFO] - TTA sync LoRA -> SGLang name=tta_v2949 path=outputs/online_tta/online_tta_adapters/tta_v2949
[2026-08-27 17:26:47,373][openttl.online.tta_runner][INFO] - TTA sync LoRA -> SGLang name=tta_v2950 path=outputs/online_tta/online_tta_adapters/tta_v2950
[2026-08-27 17:26:49,153][openttl.online.tta_runner][INFO] - TTA sync LoRA -> SGLang name=tta_v2951 path=outputs/online_tta/online_tta_adapters/tta_v2951
[2026-08-27 17:26:50,870][openttl.online.tta_runner][INFO] - TTA sync LoRA -> SGLang name=tta_v2952 path=outputs/online_tta/online_tta_adapters/tta_v2952
[2026-08-27 17:26:52,542][openttl.online.tta_runner][INFO] - TTA sync LoRA -> SGLang name=tta_v2953 path=outputs/online_tta/online_tta_adapters/tta_v2953
[2026-08-27 17:26:54,246][openttl.online.tta_runner][INFO] - TTA sync LoRA -> SGLang name=tta_v2954 path=outputs/online_tta/online_tta_adapters/tta_v2954
[2026-08-27 17:26:55,900][openttl.online.tta_runner][INFO] - TTA sync LoRA -> SGLang name=tta_v2955 path=outputs/online_tta/online_tta_adapters/tta_v2955
[2026-08-27 17:26:57,559][openttl.online.tta_runner][INFO] - TTA sync LoRA -> SGLang name=tta_v2956 path=outputs/online_tta/online_tta_adapters/tta_v2956
[2026-08-27 17:26:59,215][openttl.online.tta_runner][INFO] - TTA sync LoRA -> SGLang name=tta_v2957 path=outputs/online_tta/online_tta_adapters/tta_v2957
[2026-08-27 17:27:00,858][openttl.online.tta_runner][INFO] - TTA sync LoRA -> SGLang name=tta_v2958 path=outputs/online_tta/online_tta_adapters/tta_v2958
[2026-08-27 17:27:02,511][openttl.online.tta_runner][INFO] - TTA sync LoRA -> SGLang name=tta_v2959 path=outputs/online_tta/online_tta_adapters/tta_v2959
[2026-08-27 17:27:04,199][openttl.online.tta_runner][INFO] - TTA sync LoRA -> SGLang name=tta_v2960 path=outputs/online_tta/online_tta_adapters/tta_v2960
[2960/4329] acc=0.4267 pred=D gold=B loss=2.0749289433297236e-06 (1.7s/sample)
[2026-08-27 17:27:05,813][openttl.online.tta_runner][INFO] - TTA sync LoRA -> SGLang name=tta_v2961 path=outputs/online_tta/online_tta_adapters/tta_v2961
[2026-08-27 17:27:07,370][openttl.online.tta_runner][INFO] - TTA sync LoRA -> SGLang name=tta_v2962 path=outputs/online_tta/online_tta_adapters/tta_v2962
[2026-08-27 17:27:08,999][openttl.online.tta_runner][INFO] - TTA sync LoRA -> SGLang name=tta_v2963 path=outputs/online_tta/online_tta_adapters/tta_v2963
[2026-08-27 17:27:10,637][openttl.online.tta_runner][INFO] - TTA sync LoRA -> SGLang name=tta_v2964 path=outputs/online_tta/online_tta_adapters/tta_v2964
[2026-08-27 17:27:12,274][openttl.online.tta_runner][INFO] - TTA sync LoRA -> SGLang name=tta_v2965 path=outputs/online_tta/online_tta_adapters/tta_v2965
[2026-08-27 17:27:13,923][openttl.online.tta_runner][INFO] - TTA sync LoRA -> SGLang name=tta_v2966 path=outputs/online_tta/online_tta_adapters/tta_v2966
[2026-08-27 17:27:15,642][openttl.online.tta_runner][INFO] - TTA sync LoRA -> SGLang name=tta_v2967 path=outputs/online_tta/online_tta_adapters/tta_v2967
[2026-08-27 17:27:17,359][openttl.online.tta_runner][INFO] - TTA sync LoRA -> SGLang name=tta_v2968 path=outputs/online_tta/online_tta_adapters/tta_v2968
[2026-08-27 17:27:18,833][openttl.online.tta_runner][INFO] - TTA sync LoRA -> SGLang name=tta_v2969 path=outputs/online_tta/online_tta_adapters/tta_v2969
[2026-08-27 17:27:20,575][openttl.online.tta_runner][INFO] - TTA sync LoRA -> SGLang name=tta_v2970 path=outputs/online_tta/online_tta_adapters/tta_v2970
[2026-08-27 17:27:22,355][openttl.online.tta_runner][INFO] - TTA sync LoRA -> SGLang name=tta_v2971 path=outputs/online_tta/online_tta_adapters/tta_v2971
[2026-08-27 17:27:24,003][openttl.online.tta_runner][INFO] - TTA sync LoRA -> SGLang name=tta_v2972 path=outputs/online_tta/online_tta_adapters/tta_v2972
[2026-08-27 17:27:25,752][openttl.online.tta_runner][INFO] - TTA sync LoRA -> SGLang name=tta_v2973 path=outputs/online_tta/online_tta_adapters/tta_v2973
[2026-08-27 17:27:27,512][openttl.online.tta_runner][INFO] - TTA sync LoRA -> SGLang name=tta_v2974 path=outputs/online_tta/online_tta_adapters/tta_v2974
[2026-08-27 17:27:29,183][openttl.online.tta_runner][INFO] - TTA sync LoRA -> SGLang name=tta_v2975 path=outputs/online_tta/online_tta_adapters/tta_v2975
[2026-08-27 17:27:30,900][openttl.online.tta_runner][INFO] - TTA sync LoRA -> SGLang name=tta_v2976 path=outputs/online_tta/online_tta_adapters/tta_v2976
[2026-08-27 17:27:32,621][openttl.online.tta_runner][INFO] - TTA sync LoRA -> SGLang name=tta_v2977 path=outputs/online_tta/online_tta_adapters/tta_v2977
[2026-08-27 17:27:34,185][openttl.online.tta_runner][INFO] - TTA sync LoRA -> SGLang name=tta_v2978 path=outputs/online_tta/online_tta_adapters/tta_v2978
[2026-08-27 17:27:35,820][openttl.online.tta_runner][INFO] - TTA sync LoRA -> SGLang name=tta_v2979 path=outputs/online_tta/online_tta_adapters/tta_v2979
[2026-08-27 17:27:37,525][openttl.online.tta_runner][INFO] - TTA sync LoRA -> SGLang name=tta_v2980 path=outputs/online_tta/online_tta_adapters/tta_v2980
[2980/4329] acc=0.4262 pred=D gold=D loss=1.6639102113913395e-06 (1.7s/sample)
[2026-08-27 17:27:39,352][openttl.online.tta_runner][INFO] - TTA sync LoRA -> SGLang name=tta_v2981 path=outputs/online_tta/online_tta_adapters/tta_v2981
[2026-08-27 17:27:41,088][openttl.online.tta_runner][INFO] - TTA sync LoRA -> SGLang name=tta_v2982 path=outputs/online_tta/online_tta_adapters/tta_v2982
[2026-08-27 17:27:42,781][openttl.online.tta_runner][INFO] - TTA sync LoRA -> SGLang name=tta_v2983 path=outputs/online_tta/online_tta_adapters/tta_v2983
[2026-08-27 17:27:44,542][openttl.online.tta_runner][INFO] - TTA sync LoRA -> SGLang name=tta_v2984 path=outputs/online_tta/online_tta_adapters/tta_v2984
[2026-08-27 17:27:46,240][openttl.online.tta_runner][INFO] - TTA sync LoRA -> SGLang name=tta_v2985 path=outputs/online_tta/online_tta_adapters/tta_v2985
[2026-08-27 17:27:48,017][openttl.online.tta_runner][INFO] - TTA sync LoRA -> SGLang name=tta_v2986 path=outputs/online_tta/online_tta_adapters/tta_v2986
[2026-08-27 17:27:49,773][openttl.online.tta_runner][INFO] - TTA sync LoRA -> SGLang name=tta_v2987 path=outputs/online_tta/online_tta_adapters/tta_v2987
[2026-08-27 17:27:51,466][openttl.online.tta_runner][INFO] - TTA sync LoRA -> SGLang name=tta_v2988 path=outputs/online_tta/online_tta_adapters/tta_v2988
[2026-08-27 17:27:53,265][openttl.online.tta_runner][INFO] - TTA sync LoRA -> SGLang name=tta_v2989 path=outputs/online_tta/online_tta_adapters/tta_v2989
[2026-08-27 17:27:54,933][openttl.online.tta_runner][INFO] - TTA sync LoRA -> SGLang name=tta_v2990 path=outputs/online_tta/online_tta_adapters/tta_v2990
[2026-08-27 17:27:56,736][openttl.online.tta_runner][INFO] - TTA sync LoRA -> SGLang name=tta_v2991 path=outputs/online_tta/online_tta_adapters/tta_v2991
[2026-08-27 17:27:58,236][openttl.online.tta_runner][INFO] - TTA sync LoRA -> SGLang name=tta_v2992 path=outputs/online_tta/online_tta_adapters/tta_v2992
[2026-08-27 17:27:59,729][openttl.online.tta_runner][INFO] - TTA sync LoRA -> SGLang name=tta_v2993 path=outputs/online_tta/online_tta_adapters/tta_v2993
[2026-08-27 17:28:01,246][openttl.online.tta_runner][INFO] - TTA sync LoRA -> SGLang name=tta_v2994 path=outputs/online_tta/online_tta_adapters/tta_v2994
[2026-08-27 17:28:02,801][openttl.online.tta_runner][INFO] - TTA sync LoRA -> SGLang name=tta_v2995 path=outputs/online_tta/online_tta_adapters/tta_v2995
[2026-08-27 17:28:04,359][openttl.online.tta_runner][INFO] - TTA sync LoRA -> SGLang name=tta_v2996 path=outputs/online_tta/online_tta_adapters/tta_v2996
[2026-08-27 17:28:05,902][openttl.online.tta_runner][INFO] - TTA sync LoRA -> SGLang name=tta_v2997 path=outputs/online_tta/online_tta_adapters/tta_v2997
[2026-08-27 17:28:07,457][openttl.online.tta_runner][INFO] - TTA sync LoRA -> SGLang name=tta_v2998 path=outputs/online_tta/online_tta_adapters/tta_v2998
[2026-08-27 17:28:09,039][openttl.online.tta_runner][INFO] - TTA sync LoRA -> SGLang name=tta_v2999 path=outputs/online_tta/online_tta_adapters/tta_v2999
[2026-08-27 17:28:10,608][openttl.online.tta_runner][INFO] - TTA sync LoRA -> SGLang name=tta_v3000 path=outputs/online_tta/online_tta_adapters/tta_v3000
[3000/4329] acc=0.4250 pred=D gold=C loss=3.031730102520669e-06 (1.7s/sample)
[2026-08-27 17:28:12,187][openttl.online.tta_runner][INFO] - TTA sync LoRA -> SGLang name=tta_v3001 path=outputs/online_tta/online_tta_adapters/tta_v3001
[2026-08-27 17:28:13,863][openttl.online.tta_runner][INFO] - TTA sync LoRA -> SGLang name=tta_v3002 path=outputs/online_tta/online_tta_adapters/tta_v3002
[2026-08-27 17:28:15,553][openttl.online.tta_runner][INFO] - TTA sync LoRA -> SGLang name=tta_v3003 path=outputs/online_tta/online_tta_adapters/tta_v3003
[2026-08-27 17:28:17,246][openttl.online.tta_runner][INFO] - TTA sync LoRA -> SGLang name=tta_v3004 path=outputs/online_tta/online_tta_adapters/tta_v3004
[2026-08-27 17:28:18,919][openttl.online.tta_runner][INFO] - TTA sync LoRA -> SGLang name=tta_v3005 path=outputs/online_tta/online_tta_adapters/tta_v3005
[2026-08-27 17:28:20,576][openttl.online.tta_runner][INFO] - TTA sync LoRA -> SGLang name=tta_v3006 path=outputs/online_tta/online_tta_adapters/tta_v3006
[2026-08-27 17:28:22,323][openttl.online.tta_runner][INFO] - TTA sync LoRA -> SGLang name=tta_v3007 path=outputs/online_tta/online_tta_adapters/tta_v3007
[2026-08-27 17:28:23,999][openttl.online.tta_runner][INFO] - TTA sync LoRA -> SGLang name=tta_v3008 path=outputs/online_tta/online_tta_adapters/tta_v3008
[2026-08-27 17:28:25,745][openttl.online.tta_runner][INFO] - TTA sync LoRA -> SGLang name=tta_v3009 path=outputs/online_tta/online_tta_adapters/tta_v3009
[2026-08-27 17:28:27,408][openttl.online.tta_runner][INFO] - TTA sync LoRA -> SGLang name=tta_v3010 path=outputs/online_tta/online_tta_adapters/tta_v3010
[2026-08-27 17:28:29,126][openttl.online.tta_runner][INFO] - TTA sync LoRA -> SGLang name=tta_v3011 path=outputs/online_tta/online_tta_adapters/tta_v3011
[2026-08-27 17:28:30,797][openttl.online.tta_runner][INFO] - TTA sync LoRA -> SGLang name=tta_v3012 path=outputs/online_tta/online_tta_adapters/tta_v3012
[2026-08-27 17:28:32,470][openttl.online.tta_runner][INFO] - TTA sync LoRA -> SGLang name=tta_v3013 path=outputs/online_tta/online_tta_adapters/tta_v3013
[2026-08-27 17:28:34,325][openttl.online.tta_runner][INFO] - TTA sync LoRA -> SGLang name=tta_v3014 path=outputs/online_tta/online_tta_adapters/tta_v3014
[2026-08-27 17:28:35,980][openttl.online.tta_runner][INFO] - TTA sync LoRA -> SGLang name=tta_v3015 path=outputs/online_tta/online_tta_adapters/tta_v3015
[2026-08-27 17:28:37,661][openttl.online.tta_runner][INFO] - TTA sync LoRA -> SGLang name=tta_v3016 path=outputs/online_tta/online_tta_adapters/tta_v3016
[2026-08-27 17:28:39,364][openttl.online.tta_runner][INFO] - TTA sync LoRA -> SGLang name=tta_v3017 path=outputs/online_tta/online_tta_adapters/tta_v3017
[2026-08-27 17:28:41,030][openttl.online.tta_runner][INFO] - TTA sync LoRA -> SGLang name=tta_v3018 path=outputs/online_tta/online_tta_adapters/tta_v3018
[2026-08-27 17:28:42,695][openttl.online.tta_runner][INFO] - TTA sync LoRA -> SGLang name=tta_v3019 path=outputs/online_tta/online_tta_adapters/tta_v3019
[2026-08-27 17:28:44,365][openttl.online.tta_runner][INFO] - TTA sync LoRA -> SGLang name=tta_v3020 path=outputs/online_tta/online_tta_adapters/tta_v3020
[3020/4329] acc=0.4228 pred=D gold=A loss=1.8773134797811508e-06 (1.7s/sample)
[2026-08-27 17:28:46,043][openttl.online.tta_runner][INFO] - TTA sync LoRA -> SGLang name=tta_v3021 path=outputs/online_tta/online_tta_adapters/tta_v3021
[2026-08-27 17:28:47,686][openttl.online.tta_runner][INFO] - TTA sync LoRA -> SGLang name=tta_v3022 path=outputs/online_tta/online_tta_adapters/tta_v3022
[2026-08-27 17:28:49,342][openttl.online.tta_runner][INFO] - TTA sync LoRA -> SGLang name=tta_v3023 path=outputs/online_tta/online_tta_adapters/tta_v3023
[2026-08-27 17:28:51,028][openttl.online.tta_runner][INFO] - TTA sync LoRA -> SGLang name=tta_v3024 path=outputs/online_tta/online_tta_adapters/tta_v3024
[2026-08-27 17:28:52,665][openttl.online.tta_runner][INFO] - TTA sync LoRA -> SGLang name=tta_v3025 path=outputs/online_tta/online_tta_adapters/tta_v3025
[2026-08-27 17:28:54,288][openttl.online.tta_runner][INFO] - TTA sync LoRA -> SGLang name=tta_v3026 path=outputs/online_tta/online_tta_adapters/tta_v3026
[2026-08-27 17:28:55,909][openttl.online.tta_runner][INFO] - TTA sync LoRA -> SGLang name=tta_v3027 path=outputs/online_tta/online_tta_adapters/tta_v3027
[2026-08-27 17:28:57,521][openttl.online.tta_runner][INFO] - TTA sync LoRA -> SGLang name=tta_v3028 path=outputs/online_tta/online_tta_adapters/tta_v3028
[2026-08-27 17:28:59,090][openttl.online.tta_runner][INFO] - TTA sync LoRA -> SGLang name=tta_v3029 path=outputs/online_tta/online_tta_adapters/tta_v3029
[2026-08-27 17:29:00,674][openttl.online.tta_runner][INFO] - TTA sync LoRA -> SGLang name=tta_v3030 path=outputs/online_tta/online_tta_adapters/tta_v3030
[2026-08-27 17:29:02,226][openttl.online.tta_runner][INFO] - TTA sync LoRA -> SGLang name=tta_v3031 path=outputs/online_tta/online_tta_adapters/tta_v3031
[2026-08-27 17:29:03,737][openttl.online.tta_runner][INFO] - TTA sync LoRA -> SGLang name=tta_v3032 path=outputs/online_tta/online_tta_adapters/tta_v3032
[2026-08-27 17:29:05,266][openttl.online.tta_runner][INFO] - TTA sync LoRA -> SGLang name=tta_v3033 path=outputs/online_tta/online_tta_adapters/tta_v3033
[2026-08-27 17:29:06,787][openttl.online.tta_runner][INFO] - TTA sync LoRA -> SGLang name=tta_v3034 path=outputs/online_tta/online_tta_adapters/tta_v3034
[2026-08-27 17:29:08,387][openttl.online.tta_runner][INFO] - TTA sync LoRA -> SGLang name=tta_v3035 path=outputs/online_tta/online_tta_adapters/tta_v3035
[2026-08-27 17:29:09,987][openttl.online.tta_runner][INFO] - TTA sync LoRA -> SGLang name=tta_v3036 path=outputs/online_tta/online_tta_adapters/tta_v3036
[2026-08-27 17:29:11,530][openttl.online.tta_runner][INFO] - TTA sync LoRA -> SGLang name=tta_v3037 path=outputs/online_tta/online_tta_adapters/tta_v3037
[2026-08-27 17:29:13,100][openttl.online.tta_runner][INFO] - TTA sync LoRA -> SGLang name=tta_v3038 path=outputs/online_tta/online_tta_adapters/tta_v3038
[2026-08-27 17:29:14,660][openttl.online.tta_runner][INFO] - TTA sync LoRA -> SGLang name=tta_v3039 path=outputs/online_tta/online_tta_adapters/tta_v3039
[2026-08-27 17:29:16,242][openttl.online.tta_runner][INFO] - TTA sync LoRA -> SGLang name=tta_v3040 path=outputs/online_tta/online_tta_adapters/tta_v3040
[3040/4329] acc=0.4214 pred=D gold=D loss=2.9972788979648612e-06 (1.7s/sample)
[2026-08-27 17:29:17,794][openttl.online.tta_runner][INFO] - TTA sync LoRA -> SGLang name=tta_v3041 path=outputs/online_tta/online_tta_adapters/tta_v3041
[2026-08-27 17:29:19,371][openttl.online.tta_runner][INFO] - TTA sync LoRA -> SGLang name=tta_v3042 path=outputs/online_tta/online_tta_adapters/tta_v3042
[2026-08-27 17:29:20,928][openttl.online.tta_runner][INFO] - TTA sync LoRA -> SGLang name=tta_v3043 path=outputs/online_tta/online_tta_adapters/tta_v3043
[2026-08-27 17:29:22,501][openttl.online.tta_runner][INFO] - TTA sync LoRA -> SGLang name=tta_v3044 path=outputs/online_tta/online_tta_adapters/tta_v3044
[2026-08-27 17:29:24,077][openttl.online.tta_runner][INFO] - TTA sync LoRA -> SGLang name=tta_v3045 path=outputs/online_tta/online_tta_adapters/tta_v3045
[2026-08-27 17:29:25,651][openttl.online.tta_runner][INFO] - TTA sync LoRA -> SGLang name=tta_v3046 path=outputs/online_tta/online_tta_adapters/tta_v3046
[2026-08-27 17:29:27,258][openttl.online.tta_runner][INFO] - TTA sync LoRA -> SGLang name=tta_v3047 path=outputs/online_tta/online_tta_adapters/tta_v3047
[2026-08-27 17:29:28,951][openttl.online.tta_runner][INFO] - TTA sync LoRA -> SGLang name=tta_v3048 path=outputs/online_tta/online_tta_adapters/tta_v3048
[2026-08-27 17:29:30,626][openttl.online.tta_runner][INFO] - TTA sync LoRA -> SGLang name=tta_v3049 path=outputs/online_tta/online_tta_adapters/tta_v3049
[2026-08-27 17:29:32,339][openttl.online.tta_runner][INFO] - TTA sync LoRA -> SGLang name=tta_v3050 path=outputs/online_tta/online_tta_adapters/tta_v3050
[2026-08-27 17:29:33,881][openttl.online.tta_runner][INFO] - TTA sync LoRA -> SGLang name=tta_v3051 path=outputs/online_tta/online_tta_adapters/tta_v3051
[2026-08-27 17:29:35,372][openttl.online.tta_runner][INFO] - TTA sync LoRA -> SGLang name=tta_v3052 path=outputs/online_tta/online_tta_adapters/tta_v3052
[2026-08-27 17:29:36,883][openttl.online.tta_runner][INFO] - TTA sync LoRA -> SGLang name=tta_v3053 path=outputs/online_tta/online_tta_adapters/tta_v3053
[2026-08-27 17:29:38,516][openttl.online.tta_runner][INFO] - TTA sync LoRA -> SGLang name=tta_v3054 path=outputs/online_tta/online_tta_adapters/tta_v3054
[2026-08-27 17:29:40,236][openttl.online.tta_runner][INFO] - TTA sync LoRA -> SGLang name=tta_v3055 path=outputs/online_tta/online_tta_adapters/tta_v3055
[2026-08-27 17:29:42,061][openttl.online.tta_runner][INFO] - TTA sync LoRA -> SGLang name=tta_v3056 path=outputs/online_tta/online_tta_adapters/tta_v3056
[2026-08-27 17:29:43,770][openttl.online.tta_runner][INFO] - TTA sync LoRA -> SGLang name=tta_v3057 path=outputs/online_tta/online_tta_adapters/tta_v3057
[2026-08-27 17:29:45,483][openttl.online.tta_runner][INFO] - TTA sync LoRA -> SGLang name=tta_v3058 path=outputs/online_tta/online_tta_adapters/tta_v3058
[2026-08-27 17:29:47,183][openttl.online.tta_runner][INFO] - TTA sync LoRA -> SGLang name=tta_v3059 path=outputs/online_tta/online_tta_adapters/tta_v3059
[2026-08-27 17:29:48,957][openttl.online.tta_runner][INFO] - TTA sync LoRA -> SGLang name=tta_v3060 path=outputs/online_tta/online_tta_adapters/tta_v3060
[3060/4329] acc=0.4199 pred=D gold=D loss=1.8297480437468039e-06 (1.7s/sample)
[2026-08-27 17:29:50,679][openttl.online.tta_runner][INFO] - TTA sync LoRA -> SGLang name=tta_v3061 path=outputs/online_tta/online_tta_adapters/tta_v3061
[2026-08-27 17:29:52,387][openttl.online.tta_runner][INFO] - TTA sync LoRA -> SGLang name=tta_v3062 path=outputs/online_tta/online_tta_adapters/tta_v3062
[2026-08-27 17:29:54,163][openttl.online.tta_runner][INFO] - TTA sync LoRA -> SGLang name=tta_v3063 path=outputs/online_tta/online_tta_adapters/tta_v3063
[2026-08-27 17:29:55,951][openttl.online.tta_runner][INFO] - TTA sync LoRA -> SGLang name=tta_v3064 path=outputs/online_tta/online_tta_adapters/tta_v3064
[2026-08-27 17:29:57,699][openttl.online.tta_runner][INFO] - TTA sync LoRA -> SGLang name=tta_v3065 path=outputs/online_tta/online_tta_adapters/tta_v3065
[2026-08-27 17:29:59,397][openttl.online.tta_runner][INFO] - TTA sync LoRA -> SGLang name=tta_v3066 path=outputs/online_tta/online_tta_adapters/tta_v3066
[2026-08-27 17:30:01,253][openttl.online.tta_runner][INFO] - TTA sync LoRA -> SGLang name=tta_v3067 path=outputs/online_tta/online_tta_adapters/tta_v3067
[2026-08-27 17:30:02,835][openttl.online.tta_runner][INFO] - TTA sync LoRA -> SGLang name=tta_v3068 path=outputs/online_tta/online_tta_adapters/tta_v3068
[2026-08-27 17:30:04,531][openttl.online.tta_runner][INFO] - TTA sync LoRA -> SGLang name=tta_v3069 path=outputs/online_tta/online_tta_adapters/tta_v3069
[2026-08-27 17:30:06,250][openttl.online.tta_runner][INFO] - TTA sync LoRA -> SGLang name=tta_v3070 path=outputs/online_tta/online_tta_adapters/tta_v3070
[2026-08-27 17:30:07,992][openttl.online.tta_runner][INFO] - TTA sync LoRA -> SGLang name=tta_v3071 path=outputs/online_tta/online_tta_adapters/tta_v3071
[2026-08-27 17:30:09,838][openttl.online.tta_runner][INFO] - TTA sync LoRA -> SGLang name=tta_v3072 path=outputs/online_tta/online_tta_adapters/tta_v3072
[2026-08-27 17:30:11,520][openttl.online.tta_runner][INFO] - TTA sync LoRA -> SGLang name=tta_v3073 path=outputs/online_tta/online_tta_adapters/tta_v3073
[2026-08-27 17:30:13,208][openttl.online.tta_runner][INFO] - TTA sync LoRA -> SGLang name=tta_v3074 path=outputs/online_tta/online_tta_adapters/tta_v3074
[2026-08-27 17:30:14,899][openttl.online.tta_runner][INFO] - TTA sync LoRA -> SGLang name=tta_v3075 path=outputs/online_tta/online_tta_adapters/tta_v3075
[2026-08-27 17:30:16,615][openttl.online.tta_runner][INFO] - TTA sync LoRA -> SGLang name=tta_v3076 path=outputs/online_tta/online_tta_adapters/tta_v3076
[2026-08-27 17:30:18,426][openttl.online.tta_runner][INFO] - TTA sync LoRA -> SGLang name=tta_v3077 path=outputs/online_tta/online_tta_adapters/tta_v3077
[2026-08-27 17:30:20,247][openttl.online.tta_runner][INFO] - TTA sync LoRA -> SGLang name=tta_v3078 path=outputs/online_tta/online_tta_adapters/tta_v3078
[2026-08-27 17:30:21,997][openttl.online.tta_runner][INFO] - TTA sync LoRA -> SGLang name=tta_v3079 path=outputs/online_tta/online_tta_adapters/tta_v3079
[2026-08-27 17:30:23,783][openttl.online.tta_runner][INFO] - TTA sync LoRA -> SGLang name=tta_v3080 path=outputs/online_tta/online_tta_adapters/tta_v3080
[3080/4329] acc=0.4192 pred=D gold=C loss=2.0355896594992373e-06 (1.7s/sample)
[2026-08-27 17:30:25,594][openttl.online.tta_runner][INFO] - TTA sync LoRA -> SGLang name=tta_v3081 path=outputs/online_tta/online_tta_adapters/tta_v3081
[2026-08-27 17:30:27,385][openttl.online.tta_runner][INFO] - TTA sync LoRA -> SGLang name=tta_v3082 path=outputs/online_tta/online_tta_adapters/tta_v3082
[2026-08-27 17:30:29,139][openttl.online.tta_runner][INFO] - TTA sync LoRA -> SGLang name=tta_v3083 path=outputs/online_tta/online_tta_adapters/tta_v3083
[2026-08-27 17:30:30,964][openttl.online.tta_runner][INFO] - TTA sync LoRA -> SGLang name=tta_v3084 path=outputs/online_tta/online_tta_adapters/tta_v3084
[2026-08-27 17:30:32,722][openttl.online.tta_runner][INFO] - TTA sync LoRA -> SGLang name=tta_v3085 path=outputs/online_tta/online_tta_adapters/tta_v3085
[2026-08-27 17:30:34,518][openttl.online.tta_runner][INFO] - TTA sync LoRA -> SGLang name=tta_v3086 path=outputs/online_tta/online_tta_adapters/tta_v3086
[2026-08-27 17:30:36,303][openttl.online.tta_runner][INFO] - TTA sync LoRA -> SGLang name=tta_v3087 path=outputs/online_tta/online_tta_adapters/tta_v3087
[2026-08-27 17:30:38,109][openttl.online.tta_runner][INFO] - TTA sync LoRA -> SGLang name=tta_v3088 path=outputs/online_tta/online_tta_adapters/tta_v3088
[2026-08-27 17:30:39,817][openttl.online.tta_runner][INFO] - TTA sync LoRA -> SGLang name=tta_v3089 path=outputs/online_tta/online_tta_adapters/tta_v3089
[2026-08-27 17:30:41,592][openttl.online.tta_runner][INFO] - TTA sync LoRA -> SGLang name=tta_v3090 path=outputs/online_tta/online_tta_adapters/tta_v3090
[2026-08-27 17:30:43,399][openttl.online.tta_runner][INFO] - TTA sync LoRA -> SGLang name=tta_v3091 path=outputs/online_tta/online_tta_adapters/tta_v3091
[2026-08-27 17:30:45,122][openttl.online.tta_runner][INFO] - TTA sync LoRA -> SGLang name=tta_v3092 path=outputs/online_tta/online_tta_adapters/tta_v3092
[2026-08-27 17:30:46,836][openttl.online.tta_runner][INFO] - TTA sync LoRA -> SGLang name=tta_v3093 path=outputs/online_tta/online_tta_adapters/tta_v3093
[2026-08-27 17:30:48,538][openttl.online.tta_runner][INFO] - TTA sync LoRA -> SGLang name=tta_v3094 path=outputs/online_tta/online_tta_adapters/tta_v3094
[2026-08-27 17:30:50,232][openttl.online.tta_runner][INFO] - TTA sync LoRA -> SGLang name=tta_v3095 path=outputs/online_tta/online_tta_adapters/tta_v3095
[2026-08-27 17:30:51,905][openttl.online.tta_runner][INFO] - TTA sync LoRA -> SGLang name=tta_v3096 path=outputs/online_tta/online_tta_adapters/tta_v3096
[2026-08-27 17:30:53,652][openttl.online.tta_runner][INFO] - TTA sync LoRA -> SGLang name=tta_v3097 path=outputs/online_tta/online_tta_adapters/tta_v3097
[2026-08-27 17:30:55,456][openttl.online.tta_runner][INFO] - TTA sync LoRA -> SGLang name=tta_v3098 path=outputs/online_tta/online_tta_adapters/tta_v3098
[2026-08-27 17:30:57,193][openttl.online.tta_runner][INFO] - TTA sync LoRA -> SGLang name=tta_v3099 path=outputs/online_tta/online_tta_adapters/tta_v3099
[2026-08-27 17:30:58,900][openttl.online.tta_runner][INFO] - TTA sync LoRA -> SGLang name=tta_v3100 path=outputs/online_tta/online_tta_adapters/tta_v3100
[3100/4329] acc=0.4181 pred=D gold=B loss=1.5841101230762433e-06 (1.7s/sample)
[2026-08-27 17:31:00,573][openttl.online.tta_runner][INFO] - TTA sync LoRA -> SGLang name=tta_v3101 path=outputs/online_tta/online_tta_adapters/tta_v3101
[2026-08-27 17:31:02,308][openttl.online.tta_runner][INFO] - TTA sync LoRA -> SGLang name=tta_v3102 path=outputs/online_tta/online_tta_adapters/tta_v3102
[2026-08-27 17:31:03,981][openttl.online.tta_runner][INFO] - TTA sync LoRA -> SGLang name=tta_v3103 path=outputs/online_tta/online_tta_adapters/tta_v3103
[2026-08-27 17:31:05,740][openttl.online.tta_runner][INFO] - TTA sync LoRA -> SGLang name=tta_v3104 path=outputs/online_tta/online_tta_adapters/tta_v3104
[2026-08-27 17:31:07,407][openttl.online.tta_runner][INFO] - TTA sync LoRA -> SGLang name=tta_v3105 path=outputs/online_tta/online_tta_adapters/tta_v3105
[2026-08-27 17:31:09,397][openttl.online.tta_runner][INFO] - TTA sync LoRA -> SGLang name=tta_v3106 path=outputs/online_tta/online_tta_adapters/tta_v3106
[2026-08-27 17:31:11,312][openttl.online.tta_runner][INFO] - TTA sync LoRA -> SGLang name=tta_v3107 path=outputs/online_tta/online_tta_adapters/tta_v3107
[2026-08-27 17:31:13,208][openttl.online.tta_runner][INFO] - TTA sync LoRA -> SGLang name=tta_v3108 path=outputs/online_tta/online_tta_adapters/tta_v3108
[2026-08-27 17:31:15,107][openttl.online.tta_runner][INFO] - TTA sync LoRA -> SGLang name=tta_v3109 path=outputs/online_tta/online_tta_adapters/tta_v3109
[2026-08-27 17:31:17,047][openttl.online.tta_runner][INFO] - TTA sync LoRA -> SGLang name=tta_v3110 path=outputs/online_tta/online_tta_adapters/tta_v3110
[2026-08-27 17:31:18,997][openttl.online.tta_runner][INFO] - TTA sync LoRA -> SGLang name=tta_v3111 path=outputs/online_tta/online_tta_adapters/tta_v3111
[2026-08-27 17:31:20,983][openttl.online.tta_runner][INFO] - TTA sync LoRA -> SGLang name=tta_v3112 path=outputs/online_tta/online_tta_adapters/tta_v3112
[2026-08-27 17:31:22,905][openttl.online.tta_runner][INFO] - TTA sync LoRA -> SGLang name=tta_v3113 path=outputs/online_tta/online_tta_adapters/tta_v3113
[2026-08-27 17:31:24,850][openttl.online.tta_runner][INFO] - TTA sync LoRA -> SGLang name=tta_v3114 path=outputs/online_tta/online_tta_adapters/tta_v3114
[2026-08-27 17:31:26,780][openttl.online.tta_runner][INFO] - TTA sync LoRA -> SGLang name=tta_v3115 path=outputs/online_tta/online_tta_adapters/tta_v3115
[2026-08-27 17:31:28,692][openttl.online.tta_runner][INFO] - TTA sync LoRA -> SGLang name=tta_v3116 path=outputs/online_tta/online_tta_adapters/tta_v3116
[2026-08-27 17:31:30,608][openttl.online.tta_runner][INFO] - TTA sync LoRA -> SGLang name=tta_v3117 path=outputs/online_tta/online_tta_adapters/tta_v3117
[2026-08-27 17:31:32,543][openttl.online.tta_runner][INFO] - TTA sync LoRA -> SGLang name=tta_v3118 path=outputs/online_tta/online_tta_adapters/tta_v3118
[2026-08-27 17:31:34,538][openttl.online.tta_runner][INFO] - TTA sync LoRA -> SGLang name=tta_v3119 path=outputs/online_tta/online_tta_adapters/tta_v3119
[2026-08-27 17:31:36,501][openttl.online.tta_runner][INFO] - TTA sync LoRA -> SGLang name=tta_v3120 path=outputs/online_tta/online_tta_adapters/tta_v3120
[3120/4329] acc=0.4163 pred=D gold=D loss=1.716753786240588e-06 (1.7s/sample)
[2026-08-27 17:31:38,478][openttl.online.tta_runner][INFO] - TTA sync LoRA -> SGLang name=tta_v3121 path=outputs/online_tta/online_tta_adapters/tta_v3121
[2026-08-27 17:31:40,397][openttl.online.tta_runner][INFO] - TTA sync LoRA -> SGLang name=tta_v3122 path=outputs/online_tta/online_tta_adapters/tta_v3122
[2026-08-27 17:31:42,122][openttl.online.tta_runner][INFO] - TTA sync LoRA -> SGLang name=tta_v3123 path=outputs/online_tta/online_tta_adapters/tta_v3123
[2026-08-27 17:31:43,822][openttl.online.tta_runner][INFO] - TTA sync LoRA -> SGLang name=tta_v3124 path=outputs/online_tta/online_tta_adapters/tta_v3124
[2026-08-27 17:31:45,486][openttl.online.tta_runner][INFO] - TTA sync LoRA -> SGLang name=tta_v3125 path=outputs/online_tta/online_tta_adapters/tta_v3125
[2026-08-27 17:31:47,135][openttl.online.tta_runner][INFO] - TTA sync LoRA -> SGLang name=tta_v3126 path=outputs/online_tta/online_tta_adapters/tta_v3126
[2026-08-27 17:31:48,834][openttl.online.tta_runner][INFO] - TTA sync LoRA -> SGLang name=tta_v3127 path=outputs/online_tta/online_tta_adapters/tta_v3127
[2026-08-27 17:31:50,516][openttl.online.tta_runner][INFO] - TTA sync LoRA -> SGLang name=tta_v3128 path=outputs/online_tta/online_tta_adapters/tta_v3128
[2026-08-27 17:31:52,344][openttl.online.tta_runner][INFO] - TTA sync LoRA -> SGLang name=tta_v3129 path=outputs/online_tta/online_tta_adapters/tta_v3129
[2026-08-27 17:31:54,060][openttl.online.tta_runner][INFO] - TTA sync LoRA -> SGLang name=tta_v3130 path=outputs/online_tta/online_tta_adapters/tta_v3130
[2026-08-27 17:31:55,719][openttl.online.tta_runner][INFO] - TTA sync LoRA -> SGLang name=tta_v3131 path=outputs/online_tta/online_tta_adapters/tta_v3131
[2026-08-27 17:31:57,613][openttl.online.tta_runner][INFO] - TTA sync LoRA -> SGLang name=tta_v3132 path=outputs/online_tta/online_tta_adapters/tta_v3132
[2026-08-27 17:31:59,346][openttl.online.tta_runner][INFO] - TTA sync LoRA -> SGLang name=tta_v3133 path=outputs/online_tta/online_tta_adapters/tta_v3133
[2026-08-27 17:32:00,979][openttl.online.tta_runner][INFO] - TTA sync LoRA -> SGLang name=tta_v3134 path=outputs/online_tta/online_tta_adapters/tta_v3134
[2026-08-27 17:32:02,536][openttl.online.tta_runner][INFO] - TTA sync LoRA -> SGLang name=tta_v3135 path=outputs/online_tta/online_tta_adapters/tta_v3135
[2026-08-27 17:32:04,192][openttl.online.tta_runner][INFO] - TTA sync LoRA -> SGLang name=tta_v3136 path=outputs/online_tta/online_tta_adapters/tta_v3136
[2026-08-27 17:32:05,765][openttl.online.tta_runner][INFO] - TTA sync LoRA -> SGLang name=tta_v3137 path=outputs/online_tta/online_tta_adapters/tta_v3137
[2026-08-27 17:32:07,458][openttl.online.tta_runner][INFO] - TTA sync LoRA -> SGLang name=tta_v3138 path=outputs/online_tta/online_tta_adapters/tta_v3138
[2026-08-27 17:32:09,282][openttl.online.tta_runner][INFO] - TTA sync LoRA -> SGLang name=tta_v3139 path=outputs/online_tta/online_tta_adapters/tta_v3139
[2026-08-27 17:32:11,073][openttl.online.tta_runner][INFO] - TTA sync LoRA -> SGLang name=tta_v3140 path=outputs/online_tta/online_tta_adapters/tta_v3140
[3140/4329] acc=0.4156 pred=D gold=B loss=2.087734856104362e-06 (1.7s/sample)
[2026-08-27 17:32:12,685][openttl.online.tta_runner][INFO] - TTA sync LoRA -> SGLang name=tta_v3141 path=outputs/online_tta/online_tta_adapters/tta_v3141
[2026-08-27 17:32:14,411][openttl.online.tta_runner][INFO] - TTA sync LoRA -> SGLang name=tta_v3142 path=outputs/online_tta/online_tta_adapters/tta_v3142
[2026-08-27 17:32:16,141][openttl.online.tta_runner][INFO] - TTA sync LoRA -> SGLang name=tta_v3143 path=outputs/online_tta/online_tta_adapters/tta_v3143
[2026-08-27 17:32:17,818][openttl.online.tta_runner][INFO] - TTA sync LoRA -> SGLang name=tta_v3144 path=outputs/online_tta/online_tta_adapters/tta_v3144
[2026-08-27 17:32:19,503][openttl.online.tta_runner][INFO] - TTA sync LoRA -> SGLang name=tta_v3145 path=outputs/online_tta/online_tta_adapters/tta_v3145
[2026-08-27 17:32:21,273][openttl.online.tta_runner][INFO] - TTA sync LoRA -> SGLang name=tta_v3146 path=outputs/online_tta/online_tta_adapters/tta_v3146
[2026-08-27 17:32:22,876][openttl.online.tta_runner][INFO] - TTA sync LoRA -> SGLang name=tta_v3147 path=outputs/online_tta/online_tta_adapters/tta_v3147
[2026-08-27 17:32:24,568][openttl.online.tta_runner][INFO] - TTA sync LoRA -> SGLang name=tta_v3148 path=outputs/online_tta/online_tta_adapters/tta_v3148
[2026-08-27 17:32:26,252][openttl.online.tta_runner][INFO] - TTA sync LoRA -> SGLang name=tta_v3149 path=outputs/online_tta/online_tta_adapters/tta_v3149
[2026-08-27 17:32:27,913][openttl.online.tta_runner][INFO] - TTA sync LoRA -> SGLang name=tta_v3150 path=outputs/online_tta/online_tta_adapters/tta_v3150
[2026-08-27 17:32:29,506][openttl.online.tta_runner][INFO] - TTA sync LoRA -> SGLang name=tta_v3151 path=outputs/online_tta/online_tta_adapters/tta_v3151
[2026-08-27 17:32:31,053][openttl.online.tta_runner][INFO] - TTA sync LoRA -> SGLang name=tta_v3152 path=outputs/online_tta/online_tta_adapters/tta_v3152
[2026-08-27 17:32:32,719][openttl.online.tta_runner][INFO] - TTA sync LoRA -> SGLang name=tta_v3153 path=outputs/online_tta/online_tta_adapters/tta_v3153
[2026-08-27 17:32:34,261][openttl.online.tta_runner][INFO] - TTA sync LoRA -> SGLang name=tta_v3154 path=outputs/online_tta/online_tta_adapters/tta_v3154
[2026-08-27 17:32:35,943][openttl.online.tta_runner][INFO] - TTA sync LoRA -> SGLang name=tta_v3155 path=outputs/online_tta/online_tta_adapters/tta_v3155
[2026-08-27 17:32:37,600][openttl.online.tta_runner][INFO] - TTA sync LoRA -> SGLang name=tta_v3156 path=outputs/online_tta/online_tta_adapters/tta_v3156
[2026-08-27 17:32:39,261][openttl.online.tta_runner][INFO] - TTA sync LoRA -> SGLang name=tta_v3157 path=outputs/online_tta/online_tta_adapters/tta_v3157
[2026-08-27 17:32:40,812][openttl.online.tta_runner][INFO] - TTA sync LoRA -> SGLang name=tta_v3158 path=outputs/online_tta/online_tta_adapters/tta_v3158
[2026-08-27 17:32:42,462][openttl.online.tta_runner][INFO] - TTA sync LoRA -> SGLang name=tta_v3159 path=outputs/online_tta/online_tta_adapters/tta_v3159
[2026-08-27 17:32:44,101][openttl.online.tta_runner][INFO] - TTA sync LoRA -> SGLang name=tta_v3160 path=outputs/online_tta/online_tta_adapters/tta_v3160
[3160/4329] acc=0.4142 pred=D gold=D loss=1.517641294412897e-06 (1.7s/sample)
[2026-08-27 17:32:45,769][openttl.online.tta_runner][INFO] - TTA sync LoRA -> SGLang name=tta_v3161 path=outputs/online_tta/online_tta_adapters/tta_v3161
[2026-08-27 17:32:47,362][openttl.online.tta_runner][INFO] - TTA sync LoRA -> SGLang name=tta_v3162 path=outputs/online_tta/online_tta_adapters/tta_v3162
[2026-08-27 17:32:48,922][openttl.online.tta_runner][INFO] - TTA sync LoRA -> SGLang name=tta_v3163 path=outputs/online_tta/online_tta_adapters/tta_v3163
[2026-08-27 17:32:50,517][openttl.online.tta_runner][INFO] - TTA sync LoRA -> SGLang name=tta_v3164 path=outputs/online_tta/online_tta_adapters/tta_v3164
[2026-08-27 17:32:52,076][openttl.online.tta_runner][INFO] - TTA sync LoRA -> SGLang name=tta_v3165 path=outputs/online_tta/online_tta_adapters/tta_v3165
[2026-08-27 17:32:53,659][openttl.online.tta_runner][INFO] - TTA sync LoRA -> SGLang name=tta_v3166 path=outputs/online_tta/online_tta_adapters/tta_v3166
[2026-08-27 17:32:55,225][openttl.online.tta_runner][INFO] - TTA sync LoRA -> SGLang name=tta_v3167 path=outputs/online_tta/online_tta_adapters/tta_v3167
[2026-08-27 17:32:56,801][openttl.online.tta_runner][INFO] - TTA sync LoRA -> SGLang name=tta_v3168 path=outputs/online_tta/online_tta_adapters/tta_v3168
[2026-08-27 17:32:58,326][openttl.online.tta_runner][INFO] - TTA sync LoRA -> SGLang name=tta_v3169 path=outputs/online_tta/online_tta_adapters/tta_v3169
[2026-08-27 17:33:00,010][openttl.online.tta_runner][INFO] - TTA sync LoRA -> SGLang name=tta_v3170 path=outputs/online_tta/online_tta_adapters/tta_v3170
[2026-08-27 17:33:01,776][openttl.online.tta_runner][INFO] - TTA sync LoRA -> SGLang name=tta_v3171 path=outputs/online_tta/online_tta_adapters/tta_v3171
[2026-08-27 17:33:03,510][openttl.online.tta_runner][INFO] - TTA sync LoRA -> SGLang name=tta_v3172 path=outputs/online_tta/online_tta_adapters/tta_v3172
[2026-08-27 17:33:05,296][openttl.online.tta_runner][INFO] - TTA sync LoRA -> SGLang name=tta_v3173 path=outputs/online_tta/online_tta_adapters/tta_v3173
[2026-08-27 17:33:07,004][openttl.online.tta_runner][INFO] - TTA sync LoRA -> SGLang name=tta_v3174 path=outputs/online_tta/online_tta_adapters/tta_v3174
[2026-08-27 17:33:08,743][openttl.online.tta_runner][INFO] - TTA sync LoRA -> SGLang name=tta_v3175 path=outputs/online_tta/online_tta_adapters/tta_v3175
[2026-08-27 17:33:10,411][openttl.online.tta_runner][INFO] - TTA sync LoRA -> SGLang name=tta_v3176 path=outputs/online_tta/online_tta_adapters/tta_v3176
[2026-08-27 17:33:12,107][openttl.online.tta_runner][INFO] - TTA sync LoRA -> SGLang name=tta_v3177 path=outputs/online_tta/online_tta_adapters/tta_v3177
[2026-08-27 17:33:13,977][openttl.online.tta_runner][INFO] - TTA sync LoRA -> SGLang name=tta_v3178 path=outputs/online_tta/online_tta_adapters/tta_v3178
[2026-08-27 17:33:15,759][openttl.online.tta_runner][INFO] - TTA sync LoRA -> SGLang name=tta_v3179 path=outputs/online_tta/online_tta_adapters/tta_v3179
[2026-08-27 17:33:17,811][openttl.online.tta_runner][INFO] - TTA sync LoRA -> SGLang name=tta_v3180 path=outputs/online_tta/online_tta_adapters/tta_v3180
[3180/4329] acc=0.4123 pred=D gold=C loss=1.0625140021147672e-05 (1.7s/sample)
[2026-08-27 17:33:20,071][openttl.online.tta_runner][INFO] - TTA sync LoRA -> SGLang name=tta_v3181 path=outputs/online_tta/online_tta_adapters/tta_v3181
[2026-08-27 17:33:22,285][openttl.online.tta_runner][INFO] - TTA sync LoRA -> SGLang name=tta_v3182 path=outputs/online_tta/online_tta_adapters/tta_v3182
[2026-08-27 17:33:24,067][openttl.online.tta_runner][INFO] - TTA sync LoRA -> SGLang name=tta_v3183 path=outputs/online_tta/online_tta_adapters/tta_v3183
[2026-08-27 17:33:25,794][openttl.online.tta_runner][INFO] - TTA sync LoRA -> SGLang name=tta_v3184 path=outputs/online_tta/online_tta_adapters/tta_v3184
[2026-08-27 17:33:27,460][openttl.online.tta_runner][INFO] - TTA sync LoRA -> SGLang name=tta_v3185 path=outputs/online_tta/online_tta_adapters/tta_v3185
[2026-08-27 17:33:29,023][openttl.online.tta_runner][INFO] - TTA sync LoRA -> SGLang name=tta_v3186 path=outputs/online_tta/online_tta_adapters/tta_v3186
[2026-08-27 17:33:30,730][openttl.online.tta_runner][INFO] - TTA sync LoRA -> SGLang name=tta_v3187 path=outputs/online_tta/online_tta_adapters/tta_v3187
[2026-08-27 17:33:32,479][openttl.online.tta_runner][INFO] - TTA sync LoRA -> SGLang name=tta_v3188 path=outputs/online_tta/online_tta_adapters/tta_v3188
[2026-08-27 17:33:34,113][openttl.online.tta_runner][INFO] - TTA sync LoRA -> SGLang name=tta_v3189 path=outputs/online_tta/online_tta_adapters/tta_v3189
[2026-08-27 17:33:35,842][openttl.online.tta_runner][INFO] - TTA sync LoRA -> SGLang name=tta_v3190 path=outputs/online_tta/online_tta_adapters/tta_v3190
[2026-08-27 17:33:37,829][openttl.online.tta_runner][INFO] - TTA sync LoRA -> SGLang name=tta_v3191 path=outputs/online_tta/online_tta_adapters/tta_v3191
[2026-08-27 17:33:39,485][openttl.online.tta_runner][INFO] - TTA sync LoRA -> SGLang name=tta_v3192 path=outputs/online_tta/online_tta_adapters/tta_v3192
[2026-08-27 17:33:41,184][openttl.online.tta_runner][INFO] - TTA sync LoRA -> SGLang name=tta_v3193 path=outputs/online_tta/online_tta_adapters/tta_v3193
[2026-08-27 17:33:43,203][openttl.online.tta_runner][INFO] - TTA sync LoRA -> SGLang name=tta_v3194 path=outputs/online_tta/online_tta_adapters/tta_v3194
[2026-08-27 17:33:45,180][openttl.online.tta_runner][INFO] - TTA sync LoRA -> SGLang name=tta_v3195 path=outputs/online_tta/online_tta_adapters/tta_v3195
[2026-08-27 17:33:46,884][openttl.online.tta_runner][INFO] - TTA sync LoRA -> SGLang name=tta_v3196 path=outputs/online_tta/online_tta_adapters/tta_v3196
[2026-08-27 17:33:48,922][openttl.online.tta_runner][INFO] - TTA sync LoRA -> SGLang name=tta_v3197 path=outputs/online_tta/online_tta_adapters/tta_v3197
[2026-08-27 17:33:50,750][openttl.online.tta_runner][INFO] - TTA sync LoRA -> SGLang name=tta_v3198 path=outputs/online_tta/online_tta_adapters/tta_v3198
[2026-08-27 17:33:52,413][openttl.online.tta_runner][INFO] - TTA sync LoRA -> SGLang name=tta_v3199 path=outputs/online_tta/online_tta_adapters/tta_v3199
[2026-08-27 17:33:54,103][openttl.online.tta_runner][INFO] - TTA sync LoRA -> SGLang name=tta_v3200 path=outputs/online_tta/online_tta_adapters/tta_v3200
[3200/4329] acc=0.4109 pred=D gold=C loss=3.5718537674256368e-06 (1.7s/sample)
[2026-08-27 17:33:55,777][openttl.online.tta_runner][INFO] - TTA sync LoRA -> SGLang name=tta_v3201 path=outputs/online_tta/online_tta_adapters/tta_v3201
[2026-08-27 17:33:57,475][openttl.online.tta_runner][INFO] - TTA sync LoRA -> SGLang name=tta_v3202 path=outputs/online_tta/online_tta_adapters/tta_v3202
[2026-08-27 17:33:59,324][openttl.online.tta_runner][INFO] - TTA sync LoRA -> SGLang name=tta_v3203 path=outputs/online_tta/online_tta_adapters/tta_v3203
[2026-08-27 17:34:01,014][openttl.online.tta_runner][INFO] - TTA sync LoRA -> SGLang name=tta_v3204 path=outputs/online_tta/online_tta_adapters/tta_v3204
[2026-08-27 17:34:02,740][openttl.online.tta_runner][INFO] - TTA sync LoRA -> SGLang name=tta_v3205 path=outputs/online_tta/online_tta_adapters/tta_v3205
[2026-08-27 17:34:04,482][openttl.online.tta_runner][INFO] - TTA sync LoRA -> SGLang name=tta_v3206 path=outputs/online_tta/online_tta_adapters/tta_v3206
[2026-08-27 17:34:06,183][openttl.online.tta_runner][INFO] - TTA sync LoRA -> SGLang name=tta_v3207 path=outputs/online_tta/online_tta_adapters/tta_v3207
[2026-08-27 17:34:07,911][openttl.online.tta_runner][INFO] - TTA sync LoRA -> SGLang name=tta_v3208 path=outputs/online_tta/online_tta_adapters/tta_v3208
[2026-08-27 17:34:09,660][openttl.online.tta_runner][INFO] - TTA sync LoRA -> SGLang name=tta_v3209 path=outputs/online_tta/online_tta_adapters/tta_v3209
[2026-08-27 17:34:11,291][openttl.online.tta_runner][INFO] - TTA sync LoRA -> SGLang name=tta_v3210 path=outputs/online_tta/online_tta_adapters/tta_v3210
[2026-08-27 17:34:13,065][openttl.online.tta_runner][INFO] - TTA sync LoRA -> SGLang name=tta_v3211 path=outputs/online_tta/online_tta_adapters/tta_v3211
[2026-08-27 17:34:14,800][openttl.online.tta_runner][INFO] - TTA sync LoRA -> SGLang name=tta_v3212 path=outputs/online_tta/online_tta_adapters/tta_v3212
[2026-08-27 17:34:16,462][openttl.online.tta_runner][INFO] - TTA sync LoRA -> SGLang name=tta_v3213 path=outputs/online_tta/online_tta_adapters/tta_v3213
[2026-08-27 17:34:18,228][openttl.online.tta_runner][INFO] - TTA sync LoRA -> SGLang name=tta_v3214 path=outputs/online_tta/online_tta_adapters/tta_v3214
[2026-08-27 17:34:20,008][openttl.online.tta_runner][INFO] - TTA sync LoRA -> SGLang name=tta_v3215 path=outputs/online_tta/online_tta_adapters/tta_v3215
[2026-08-27 17:34:21,769][openttl.online.tta_runner][INFO] - TTA sync LoRA -> SGLang name=tta_v3216 path=outputs/online_tta/online_tta_adapters/tta_v3216
[2026-08-27 17:34:23,506][openttl.online.tta_runner][INFO] - TTA sync LoRA -> SGLang name=tta_v3217 path=outputs/online_tta/online_tta_adapters/tta_v3217
[2026-08-27 17:34:25,211][openttl.online.tta_runner][INFO] - TTA sync LoRA -> SGLang name=tta_v3218 path=outputs/online_tta/online_tta_adapters/tta_v3218
[2026-08-27 17:34:26,847][openttl.online.tta_runner][INFO] - TTA sync LoRA -> SGLang name=tta_v3219 path=outputs/online_tta/online_tta_adapters/tta_v3219
[2026-08-27 17:34:28,555][openttl.online.tta_runner][INFO] - TTA sync LoRA -> SGLang name=tta_v3220 path=outputs/online_tta/online_tta_adapters/tta_v3220
[3220/4329] acc=0.4090 pred=D gold=A loss=1.7876449192044674e-06 (1.7s/sample)
[2026-08-27 17:34:30,317][openttl.online.tta_runner][INFO] - TTA sync LoRA -> SGLang name=tta_v3221 path=outputs/online_tta/online_tta_adapters/tta_v3221
[2026-08-27 17:34:32,011][openttl.online.tta_runner][INFO] - TTA sync LoRA -> SGLang name=tta_v3222 path=outputs/online_tta/online_tta_adapters/tta_v3222
[2026-08-27 17:34:33,693][openttl.online.tta_runner][INFO] - TTA sync LoRA -> SGLang name=tta_v3223 path=outputs/online_tta/online_tta_adapters/tta_v3223
[2026-08-27 17:34:35,350][openttl.online.tta_runner][INFO] - TTA sync LoRA -> SGLang name=tta_v3224 path=outputs/online_tta/online_tta_adapters/tta_v3224
[2026-08-27 17:34:36,986][openttl.online.tta_runner][INFO] - TTA sync LoRA -> SGLang name=tta_v3225 path=outputs/online_tta/online_tta_adapters/tta_v3225
[2026-08-27 17:34:38,678][openttl.online.tta_runner][INFO] - TTA sync LoRA -> SGLang name=tta_v3226 path=outputs/online_tta/online_tta_adapters/tta_v3226
[2026-08-27 17:34:40,268][openttl.online.tta_runner][INFO] - TTA sync LoRA -> SGLang name=tta_v3227 path=outputs/online_tta/online_tta_adapters/tta_v3227
[2026-08-27 17:34:41,952][openttl.online.tta_runner][INFO] - TTA sync LoRA -> SGLang name=tta_v3228 path=outputs/online_tta/online_tta_adapters/tta_v3228
[2026-08-27 17:34:43,720][openttl.online.tta_runner][INFO] - TTA sync LoRA -> SGLang name=tta_v3229 path=outputs/online_tta/online_tta_adapters/tta_v3229
[2026-08-27 17:34:45,516][openttl.online.tta_runner][INFO] - TTA sync LoRA -> SGLang name=tta_v3230 path=outputs/online_tta/online_tta_adapters/tta_v3230
[2026-08-27 17:34:47,307][openttl.online.tta_runner][INFO] - TTA sync LoRA -> SGLang name=tta_v3231 path=outputs/online_tta/online_tta_adapters/tta_v3231
[2026-08-27 17:34:49,048][openttl.online.tta_runner][INFO] - TTA sync LoRA -> SGLang name=tta_v3232 path=outputs/online_tta/online_tta_adapters/tta_v3232
[2026-08-27 17:34:50,754][openttl.online.tta_runner][INFO] - TTA sync LoRA -> SGLang name=tta_v3233 path=outputs/online_tta/online_tta_adapters/tta_v3233
[2026-08-27 17:34:52,524][openttl.online.tta_runner][INFO] - TTA sync LoRA -> SGLang name=tta_v3234 path=outputs/online_tta/online_tta_adapters/tta_v3234
[2026-08-27 17:34:54,249][openttl.online.tta_runner][INFO] - TTA sync LoRA -> SGLang name=tta_v3235 path=outputs/online_tta/online_tta_adapters/tta_v3235
[2026-08-27 17:34:56,014][openttl.online.tta_runner][INFO] - TTA sync LoRA -> SGLang name=tta_v3236 path=outputs/online_tta/online_tta_adapters/tta_v3236
[2026-08-27 17:34:57,749][openttl.online.tta_runner][INFO] - TTA sync LoRA -> SGLang name=tta_v3237 path=outputs/online_tta/online_tta_adapters/tta_v3237
[2026-08-27 17:34:59,617][openttl.online.tta_runner][INFO] - TTA sync LoRA -> SGLang name=tta_v3238 path=outputs/online_tta/online_tta_adapters/tta_v3238
[2026-08-27 17:35:01,414][openttl.online.tta_runner][INFO] - TTA sync LoRA -> SGLang name=tta_v3239 path=outputs/online_tta/online_tta_adapters/tta_v3239
[2026-08-27 17:35:02,995][openttl.online.tta_runner][INFO] - TTA sync LoRA -> SGLang name=tta_v3240 path=outputs/online_tta/online_tta_adapters/tta_v3240
[3240/4329] acc=0.4083 pred=D gold=A loss=2.20029937736399e-06 (1.7s/sample)
[2026-08-27 17:35:04,714][openttl.online.tta_runner][INFO] - TTA sync LoRA -> SGLang name=tta_v3241 path=outputs/online_tta/online_tta_adapters/tta_v3241
[2026-08-27 17:35:06,431][openttl.online.tta_runner][INFO] - TTA sync LoRA -> SGLang name=tta_v3242 path=outputs/online_tta/online_tta_adapters/tta_v3242
[2026-08-27 17:35:07,993][openttl.online.tta_runner][INFO] - TTA sync LoRA -> SGLang name=tta_v3243 path=outputs/online_tta/online_tta_adapters/tta_v3243
[2026-08-27 17:35:09,591][openttl.online.tta_runner][INFO] - TTA sync LoRA -> SGLang name=tta_v3244 path=outputs/online_tta/online_tta_adapters/tta_v3244
[2026-08-27 17:35:11,167][openttl.online.tta_runner][INFO] - TTA sync LoRA -> SGLang name=tta_v3245 path=outputs/online_tta/online_tta_adapters/tta_v3245
[2026-08-27 17:35:12,792][openttl.online.tta_runner][INFO] - TTA sync LoRA -> SGLang name=tta_v3246 path=outputs/online_tta/online_tta_adapters/tta_v3246
[2026-08-27 17:35:14,370][openttl.online.tta_runner][INFO] - TTA sync LoRA -> SGLang name=tta_v3247 path=outputs/online_tta/online_tta_adapters/tta_v3247
[2026-08-27 17:35:15,985][openttl.online.tta_runner][INFO] - TTA sync LoRA -> SGLang name=tta_v3248 path=outputs/online_tta/online_tta_adapters/tta_v3248
[2026-08-27 17:35:17,554][openttl.online.tta_runner][INFO] - TTA sync LoRA -> SGLang name=tta_v3249 path=outputs/online_tta/online_tta_adapters/tta_v3249
[2026-08-27 17:35:19,145][openttl.online.tta_runner][INFO] - TTA sync LoRA -> SGLang name=tta_v3250 path=outputs/online_tta/online_tta_adapters/tta_v3250
[2026-08-27 17:35:20,974][openttl.online.tta_runner][INFO] - TTA sync LoRA -> SGLang name=tta_v3251 path=outputs/online_tta/online_tta_adapters/tta_v3251
[2026-08-27 17:35:22,817][openttl.online.tta_runner][INFO] - TTA sync LoRA -> SGLang name=tta_v3252 path=outputs/online_tta/online_tta_adapters/tta_v3252
[2026-08-27 17:35:24,409][openttl.online.tta_runner][INFO] - TTA sync LoRA -> SGLang name=tta_v3253 path=outputs/online_tta/online_tta_adapters/tta_v3253
[2026-08-27 17:35:25,914][openttl.online.tta_runner][INFO] - TTA sync LoRA -> SGLang name=tta_v3254 path=outputs/online_tta/online_tta_adapters/tta_v3254
[2026-08-27 17:35:27,491][openttl.online.tta_runner][INFO] - TTA sync LoRA -> SGLang name=tta_v3255 path=outputs/online_tta/online_tta_adapters/tta_v3255
[2026-08-27 17:35:29,050][openttl.online.tta_runner][INFO] - TTA sync LoRA -> SGLang name=tta_v3256 path=outputs/online_tta/online_tta_adapters/tta_v3256
[2026-08-27 17:35:30,646][openttl.online.tta_runner][INFO] - TTA sync LoRA -> SGLang name=tta_v3257 path=outputs/online_tta/online_tta_adapters/tta_v3257
[2026-08-27 17:35:32,273][openttl.online.tta_runner][INFO] - TTA sync LoRA -> SGLang name=tta_v3258 path=outputs/online_tta/online_tta_adapters/tta_v3258
[2026-08-27 17:35:33,851][openttl.online.tta_runner][INFO] - TTA sync LoRA -> SGLang name=tta_v3259 path=outputs/online_tta/online_tta_adapters/tta_v3259
[2026-08-27 17:35:35,476][openttl.online.tta_runner][INFO] - TTA sync LoRA -> SGLang name=tta_v3260 path=outputs/online_tta/online_tta_adapters/tta_v3260
[3260/4329] acc=0.4080 pred=D gold=D loss=2.1298722003848525e-06 (1.7s/sample)
[2026-08-27 17:35:37,102][openttl.online.tta_runner][INFO] - TTA sync LoRA -> SGLang name=tta_v3261 path=outputs/online_tta/online_tta_adapters/tta_v3261
[2026-08-27 17:35:38,755][openttl.online.tta_runner][INFO] - TTA sync LoRA -> SGLang name=tta_v3262 path=outputs/online_tta/online_tta_adapters/tta_v3262
[2026-08-27 17:35:40,409][openttl.online.tta_runner][INFO] - TTA sync LoRA -> SGLang name=tta_v3263 path=outputs/online_tta/online_tta_adapters/tta_v3263
[2026-08-27 17:35:42,023][openttl.online.tta_runner][INFO] - TTA sync LoRA -> SGLang name=tta_v3264 path=outputs/online_tta/online_tta_adapters/tta_v3264
[2026-08-27 17:35:43,635][openttl.online.tta_runner][INFO] - TTA sync LoRA -> SGLang name=tta_v3265 path=outputs/online_tta/online_tta_adapters/tta_v3265
[2026-08-27 17:35:45,425][openttl.online.tta_runner][INFO] - TTA sync LoRA -> SGLang name=tta_v3266 path=outputs/online_tta/online_tta_adapters/tta_v3266
[2026-08-27 17:35:47,121][openttl.online.tta_runner][INFO] - TTA sync LoRA -> SGLang name=tta_v3267 path=outputs/online_tta/online_tta_adapters/tta_v3267
[2026-08-27 17:35:48,745][openttl.online.tta_runner][INFO] - TTA sync LoRA -> SGLang name=tta_v3268 path=outputs/online_tta/online_tta_adapters/tta_v3268
[2026-08-27 17:35:50,513][openttl.online.tta_runner][INFO] - TTA sync LoRA -> SGLang name=tta_v3269 path=outputs/online_tta/online_tta_adapters/tta_v3269
[2026-08-27 17:35:52,273][openttl.online.tta_runner][INFO] - TTA sync LoRA -> SGLang name=tta_v3270 path=outputs/online_tta/online_tta_adapters/tta_v3270
[2026-08-27 17:35:54,144][openttl.online.tta_runner][INFO] - TTA sync LoRA -> SGLang name=tta_v3271 path=outputs/online_tta/online_tta_adapters/tta_v3271
[2026-08-27 17:35:55,862][openttl.online.tta_runner][INFO] - TTA sync LoRA -> SGLang name=tta_v3272 path=outputs/online_tta/online_tta_adapters/tta_v3272
[2026-08-27 17:35:57,576][openttl.online.tta_runner][INFO] - TTA sync LoRA -> SGLang name=tta_v3273 path=outputs/online_tta/online_tta_adapters/tta_v3273
[2026-08-27 17:35:59,267][openttl.online.tta_runner][INFO] - TTA sync LoRA -> SGLang name=tta_v3274 path=outputs/online_tta/online_tta_adapters/tta_v3274
[2026-08-27 17:36:00,827][openttl.online.tta_runner][INFO] - TTA sync LoRA -> SGLang name=tta_v3275 path=outputs/online_tta/online_tta_adapters/tta_v3275
[2026-08-27 17:36:02,487][openttl.online.tta_runner][INFO] - TTA sync LoRA -> SGLang name=tta_v3276 path=outputs/online_tta/online_tta_adapters/tta_v3276
[2026-08-27 17:36:04,148][openttl.online.tta_runner][INFO] - TTA sync LoRA -> SGLang name=tta_v3277 path=outputs/online_tta/online_tta_adapters/tta_v3277
[2026-08-27 17:36:05,705][openttl.online.tta_runner][INFO] - TTA sync LoRA -> SGLang name=tta_v3278 path=outputs/online_tta/online_tta_adapters/tta_v3278
[2026-08-27 17:36:07,441][openttl.online.tta_runner][INFO] - TTA sync LoRA -> SGLang name=tta_v3279 path=outputs/online_tta/online_tta_adapters/tta_v3279
[2026-08-27 17:36:09,128][openttl.online.tta_runner][INFO] - TTA sync LoRA -> SGLang name=tta_v3280 path=outputs/online_tta/online_tta_adapters/tta_v3280
[3280/4329] acc=0.4067 pred=D gold=A loss=2.311991693204618e-06 (1.7s/sample)
[2026-08-27 17:36:10,881][openttl.online.tta_runner][INFO] - TTA sync LoRA -> SGLang name=tta_v3281 path=outputs/online_tta/online_tta_adapters/tta_v3281
[2026-08-27 17:36:12,667][openttl.online.tta_runner][INFO] - TTA sync LoRA -> SGLang name=tta_v3282 path=outputs/online_tta/online_tta_adapters/tta_v3282
[2026-08-27 17:36:14,290][openttl.online.tta_runner][INFO] - TTA sync LoRA -> SGLang name=tta_v3283 path=outputs/online_tta/online_tta_adapters/tta_v3283
[2026-08-27 17:36:15,893][openttl.online.tta_runner][INFO] - TTA sync LoRA -> SGLang name=tta_v3284 path=outputs/online_tta/online_tta_adapters/tta_v3284
[2026-08-27 17:36:17,590][openttl.online.tta_runner][INFO] - TTA sync LoRA -> SGLang name=tta_v3285 path=outputs/online_tta/online_tta_adapters/tta_v3285
[2026-08-27 17:36:19,310][openttl.online.tta_runner][INFO] - TTA sync LoRA -> SGLang name=tta_v3286 path=outputs/online_tta/online_tta_adapters/tta_v3286
[2026-08-27 17:36:21,029][openttl.online.tta_runner][INFO] - TTA sync LoRA -> SGLang name=tta_v3287 path=outputs/online_tta/online_tta_adapters/tta_v3287
[2026-08-27 17:36:22,777][openttl.online.tta_runner][INFO] - TTA sync LoRA -> SGLang name=tta_v3288 path=outputs/online_tta/online_tta_adapters/tta_v3288
[2026-08-27 17:36:24,570][openttl.online.tta_runner][INFO] - TTA sync LoRA -> SGLang name=tta_v3289 path=outputs/online_tta/online_tta_adapters/tta_v3289
[2026-08-27 17:36:26,360][openttl.online.tta_runner][INFO] - TTA sync LoRA -> SGLang name=tta_v3290 path=outputs/online_tta/online_tta_adapters/tta_v3290
[2026-08-27 17:36:28,086][openttl.online.tta_runner][INFO] - TTA sync LoRA -> SGLang name=tta_v3291 path=outputs/online_tta/online_tta_adapters/tta_v3291
[2026-08-27 17:36:29,772][openttl.online.tta_runner][INFO] - TTA sync LoRA -> SGLang name=tta_v3292 path=outputs/online_tta/online_tta_adapters/tta_v3292
[2026-08-27 17:36:31,475][openttl.online.tta_runner][INFO] - TTA sync LoRA -> SGLang name=tta_v3293 path=outputs/online_tta/online_tta_adapters/tta_v3293
[2026-08-27 17:36:33,157][openttl.online.tta_runner][INFO] - TTA sync LoRA -> SGLang name=tta_v3294 path=outputs/online_tta/online_tta_adapters/tta_v3294
[2026-08-27 17:36:34,841][openttl.online.tta_runner][INFO] - TTA sync LoRA -> SGLang name=tta_v3295 path=outputs/online_tta/online_tta_adapters/tta_v3295
[2026-08-27 17:36:36,519][openttl.online.tta_runner][INFO] - TTA sync LoRA -> SGLang name=tta_v3296 path=outputs/online_tta/online_tta_adapters/tta_v3296
[2026-08-27 17:36:38,223][openttl.online.tta_runner][INFO] - TTA sync LoRA -> SGLang name=tta_v3297 path=outputs/online_tta/online_tta_adapters/tta_v3297
[2026-08-27 17:36:39,966][openttl.online.tta_runner][INFO] - TTA sync LoRA -> SGLang name=tta_v3298 path=outputs/online_tta/online_tta_adapters/tta_v3298
[2026-08-27 17:36:41,714][openttl.online.tta_runner][INFO] - TTA sync LoRA -> SGLang name=tta_v3299 path=outputs/online_tta/online_tta_adapters/tta_v3299
[2026-08-27 17:36:43,401][openttl.online.tta_runner][INFO] - TTA sync LoRA -> SGLang name=tta_v3300 path=outputs/online_tta/online_tta_adapters/tta_v3300
[3300/4329] acc=0.4055 pred=D gold=B loss=1.9436890852375655e-06 (1.7s/sample)
[2026-08-27 17:36:45,085][openttl.online.tta_runner][INFO] - TTA sync LoRA -> SGLang name=tta_v3301 path=outputs/online_tta/online_tta_adapters/tta_v3301
[2026-08-27 17:36:46,813][openttl.online.tta_runner][INFO] - TTA sync LoRA -> SGLang name=tta_v3302 path=outputs/online_tta/online_tta_adapters/tta_v3302
[2026-08-27 17:36:48,404][openttl.online.tta_runner][INFO] - TTA sync LoRA -> SGLang name=tta_v3303 path=outputs/online_tta/online_tta_adapters/tta_v3303
[2026-08-27 17:36:50,178][openttl.online.tta_runner][INFO] - TTA sync LoRA -> SGLang name=tta_v3304 path=outputs/online_tta/online_tta_adapters/tta_v3304
[2026-08-27 17:36:51,879][openttl.online.tta_runner][INFO] - TTA sync LoRA -> SGLang name=tta_v3305 path=outputs/online_tta/online_tta_adapters/tta_v3305
[2026-08-27 17:36:53,518][openttl.online.tta_runner][INFO] - TTA sync LoRA -> SGLang name=tta_v3306 path=outputs/online_tta/online_tta_adapters/tta_v3306
[2026-08-27 17:36:55,167][openttl.online.tta_runner][INFO] - TTA sync LoRA -> SGLang name=tta_v3307 path=outputs/online_tta/online_tta_adapters/tta_v3307
[2026-08-27 17:36:56,824][openttl.online.tta_runner][INFO] - TTA sync LoRA -> SGLang name=tta_v3308 path=outputs/online_tta/online_tta_adapters/tta_v3308
[2026-08-27 17:36:58,622][openttl.online.tta_runner][INFO] - TTA sync LoRA -> SGLang name=tta_v3309 path=outputs/online_tta/online_tta_adapters/tta_v3309
[2026-08-27 17:37:00,241][openttl.online.tta_runner][INFO] - TTA sync LoRA -> SGLang name=tta_v3310 path=outputs/online_tta/online_tta_adapters/tta_v3310
[2026-08-27 17:37:01,875][openttl.online.tta_runner][INFO] - TTA sync LoRA -> SGLang name=tta_v3311 path=outputs/online_tta/online_tta_adapters/tta_v3311
[2026-08-27 17:37:03,503][openttl.online.tta_runner][INFO] - TTA sync LoRA -> SGLang name=tta_v3312 path=outputs/online_tta/online_tta_adapters/tta_v3312
[2026-08-27 17:37:05,122][openttl.online.tta_runner][INFO] - TTA sync LoRA -> SGLang name=tta_v3313 path=outputs/online_tta/online_tta_adapters/tta_v3313
[2026-08-27 17:37:06,768][openttl.online.tta_runner][INFO] - TTA sync LoRA -> SGLang name=tta_v3314 path=outputs/online_tta/online_tta_adapters/tta_v3314
[2026-08-27 17:37:08,411][openttl.online.tta_runner][INFO] - TTA sync LoRA -> SGLang name=tta_v3315 path=outputs/online_tta/online_tta_adapters/tta_v3315
[2026-08-27 17:37:10,072][openttl.online.tta_runner][INFO] - TTA sync LoRA -> SGLang name=tta_v3316 path=outputs/online_tta/online_tta_adapters/tta_v3316
[2026-08-27 17:37:11,756][openttl.online.tta_runner][INFO] - TTA sync LoRA -> SGLang name=tta_v3317 path=outputs/online_tta/online_tta_adapters/tta_v3317
[2026-08-27 17:37:13,436][openttl.online.tta_runner][INFO] - TTA sync LoRA -> SGLang name=tta_v3318 path=outputs/online_tta/online_tta_adapters/tta_v3318
[2026-08-27 17:37:15,128][openttl.online.tta_runner][INFO] - TTA sync LoRA -> SGLang name=tta_v3319 path=outputs/online_tta/online_tta_adapters/tta_v3319
[2026-08-27 17:37:16,882][openttl.online.tta_runner][INFO] - TTA sync LoRA -> SGLang name=tta_v3320 path=outputs/online_tta/online_tta_adapters/tta_v3320
[3320/4329] acc=0.4036 pred=D gold=C loss=1.6965957456704928e-06 (1.7s/sample)
[2026-08-27 17:37:18,620][openttl.online.tta_runner][INFO] - TTA sync LoRA -> SGLang name=tta_v3321 path=outputs/online_tta/online_tta_adapters/tta_v3321
[2026-08-27 17:37:20,356][openttl.online.tta_runner][INFO] - TTA sync LoRA -> SGLang name=tta_v3322 path=outputs/online_tta/online_tta_adapters/tta_v3322
[2026-08-27 17:37:22,108][openttl.online.tta_runner][INFO] - TTA sync LoRA -> SGLang name=tta_v3323 path=outputs/online_tta/online_tta_adapters/tta_v3323
[2026-08-27 17:37:23,852][openttl.online.tta_runner][INFO] - TTA sync LoRA -> SGLang name=tta_v3324 path=outputs/online_tta/online_tta_adapters/tta_v3324
[2026-08-27 17:37:25,612][openttl.online.tta_runner][INFO] - TTA sync LoRA -> SGLang name=tta_v3325 path=outputs/online_tta/online_tta_adapters/tta_v3325
[2026-08-27 17:37:27,495][openttl.online.tta_runner][INFO] - TTA sync LoRA -> SGLang name=tta_v3326 path=outputs/online_tta/online_tta_adapters/tta_v3326
[2026-08-27 17:37:29,251][openttl.online.tta_runner][INFO] - TTA sync LoRA -> SGLang name=tta_v3327 path=outputs/online_tta/online_tta_adapters/tta_v3327
[2026-08-27 17:37:30,928][openttl.online.tta_runner][INFO] - TTA sync LoRA -> SGLang name=tta_v3328 path=outputs/online_tta/online_tta_adapters/tta_v3328
[2026-08-27 17:37:32,644][openttl.online.tta_runner][INFO] - TTA sync LoRA -> SGLang name=tta_v3329 path=outputs/online_tta/online_tta_adapters/tta_v3329
[2026-08-27 17:37:34,380][openttl.online.tta_runner][INFO] - TTA sync LoRA -> SGLang name=tta_v3330 path=outputs/online_tta/online_tta_adapters/tta_v3330
[2026-08-27 17:37:36,140][openttl.online.tta_runner][INFO] - TTA sync LoRA -> SGLang name=tta_v3331 path=outputs/online_tta/online_tta_adapters/tta_v3331
[2026-08-27 17:37:37,849][openttl.online.tta_runner][INFO] - TTA sync LoRA -> SGLang name=tta_v3332 path=outputs/online_tta/online_tta_adapters/tta_v3332
[2026-08-27 17:37:39,550][openttl.online.tta_runner][INFO] - TTA sync LoRA -> SGLang name=tta_v3333 path=outputs/online_tta/online_tta_adapters/tta_v3333
[2026-08-27 17:37:41,236][openttl.online.tta_runner][INFO] - TTA sync LoRA -> SGLang name=tta_v3334 path=outputs/online_tta/online_tta_adapters/tta_v3334
[2026-08-27 17:37:42,921][openttl.online.tta_runner][INFO] - TTA sync LoRA -> SGLang name=tta_v3335 path=outputs/online_tta/online_tta_adapters/tta_v3335
[2026-08-27 17:37:44,673][openttl.online.tta_runner][INFO] - TTA sync LoRA -> SGLang name=tta_v3336 path=outputs/online_tta/online_tta_adapters/tta_v3336
[2026-08-27 17:37:46,445][openttl.online.tta_runner][INFO] - TTA sync LoRA -> SGLang name=tta_v3337 path=outputs/online_tta/online_tta_adapters/tta_v3337
[2026-08-27 17:37:48,168][openttl.online.tta_runner][INFO] - TTA sync LoRA -> SGLang name=tta_v3338 path=outputs/online_tta/online_tta_adapters/tta_v3338
[2026-08-27 17:37:49,916][openttl.online.tta_runner][INFO] - TTA sync LoRA -> SGLang name=tta_v3339 path=outputs/online_tta/online_tta_adapters/tta_v3339
[2026-08-27 17:37:51,753][openttl.online.tta_runner][INFO] - TTA sync LoRA -> SGLang name=tta_v3340 path=outputs/online_tta/online_tta_adapters/tta_v3340
[3340/4329] acc=0.4021 pred=D gold=D loss=1.5028107327452744e-06 (1.7s/sample)
[2026-08-27 17:37:53,512][openttl.online.tta_runner][INFO] - TTA sync LoRA -> SGLang name=tta_v3341 path=outputs/online_tta/online_tta_adapters/tta_v3341
[2026-08-27 17:37:55,292][openttl.online.tta_runner][INFO] - TTA sync LoRA -> SGLang name=tta_v3342 path=outputs/online_tta/online_tta_adapters/tta_v3342
[2026-08-27 17:37:57,078][openttl.online.tta_runner][INFO] - TTA sync LoRA -> SGLang name=tta_v3343 path=outputs/online_tta/online_tta_adapters/tta_v3343
[2026-08-27 17:37:58,834][openttl.online.tta_runner][INFO] - TTA sync LoRA -> SGLang name=tta_v3344 path=outputs/online_tta/online_tta_adapters/tta_v3344
[2026-08-27 17:38:00,677][openttl.online.tta_runner][INFO] - TTA sync LoRA -> SGLang name=tta_v3345 path=outputs/online_tta/online_tta_adapters/tta_v3345
[2026-08-27 17:38:02,573][openttl.online.tta_runner][INFO] - TTA sync LoRA -> SGLang name=tta_v3346 path=outputs/online_tta/online_tta_adapters/tta_v3346
[2026-08-27 17:38:04,496][openttl.online.tta_runner][INFO] - TTA sync LoRA -> SGLang name=tta_v3347 path=outputs/online_tta/online_tta_adapters/tta_v3347
[2026-08-27 17:38:06,387][openttl.online.tta_runner][INFO] - TTA sync LoRA -> SGLang name=tta_v3348 path=outputs/online_tta/online_tta_adapters/tta_v3348
[2026-08-27 17:38:08,174][openttl.online.tta_runner][INFO] - TTA sync LoRA -> SGLang name=tta_v3349 path=outputs/online_tta/online_tta_adapters/tta_v3349
[2026-08-27 17:38:09,903][openttl.online.tta_runner][INFO] - TTA sync LoRA -> SGLang name=tta_v3350 path=outputs/online_tta/online_tta_adapters/tta_v3350
[2026-08-27 17:38:11,698][openttl.online.tta_runner][INFO] - TTA sync LoRA -> SGLang name=tta_v3351 path=outputs/online_tta/online_tta_adapters/tta_v3351
[2026-08-27 17:38:13,493][openttl.online.tta_runner][INFO] - TTA sync LoRA -> SGLang name=tta_v3352 path=outputs/online_tta/online_tta_adapters/tta_v3352
[2026-08-27 17:38:15,309][openttl.online.tta_runner][INFO] - TTA sync LoRA -> SGLang name=tta_v3353 path=outputs/online_tta/online_tta_adapters/tta_v3353
[2026-08-27 17:38:17,121][openttl.online.tta_runner][INFO] - TTA sync LoRA -> SGLang name=tta_v3354 path=outputs/online_tta/online_tta_adapters/tta_v3354
[2026-08-27 17:38:18,947][openttl.online.tta_runner][INFO] - TTA sync LoRA -> SGLang name=tta_v3355 path=outputs/online_tta/online_tta_adapters/tta_v3355
[2026-08-27 17:38:20,666][openttl.online.tta_runner][INFO] - TTA sync LoRA -> SGLang name=tta_v3356 path=outputs/online_tta/online_tta_adapters/tta_v3356
[2026-08-27 17:38:22,478][openttl.online.tta_runner][INFO] - TTA sync LoRA -> SGLang name=tta_v3357 path=outputs/online_tta/online_tta_adapters/tta_v3357
[2026-08-27 17:38:24,282][openttl.online.tta_runner][INFO] - TTA sync LoRA -> SGLang name=tta_v3358 path=outputs/online_tta/online_tta_adapters/tta_v3358
[2026-08-27 17:38:26,086][openttl.online.tta_runner][INFO] - TTA sync LoRA -> SGLang name=tta_v3359 path=outputs/online_tta/online_tta_adapters/tta_v3359
[2026-08-27 17:38:27,895][openttl.online.tta_runner][INFO] - TTA sync LoRA -> SGLang name=tta_v3360 path=outputs/online_tta/online_tta_adapters/tta_v3360
[3360/4329] acc=0.4009 pred=D gold=C loss=1.5509652939726948e-06 (1.7s/sample)
[2026-08-27 17:38:29,719][openttl.online.tta_runner][INFO] - TTA sync LoRA -> SGLang name=tta_v3361 path=outputs/online_tta/online_tta_adapters/tta_v3361
[2026-08-27 17:38:31,501][openttl.online.tta_runner][INFO] - TTA sync LoRA -> SGLang name=tta_v3362 path=outputs/online_tta/online_tta_adapters/tta_v3362
[2026-08-27 17:38:33,388][openttl.online.tta_runner][INFO] - TTA sync LoRA -> SGLang name=tta_v3363 path=outputs/online_tta/online_tta_adapters/tta_v3363
[2026-08-27 17:38:35,282][openttl.online.tta_runner][INFO] - TTA sync LoRA -> SGLang name=tta_v3364 path=outputs/online_tta/online_tta_adapters/tta_v3364
[2026-08-27 17:38:37,145][openttl.online.tta_runner][INFO] - TTA sync LoRA -> SGLang name=tta_v3365 path=outputs/online_tta/online_tta_adapters/tta_v3365
[2026-08-27 17:38:39,060][openttl.online.tta_runner][INFO] - TTA sync LoRA -> SGLang name=tta_v3366 path=outputs/online_tta/online_tta_adapters/tta_v3366
[2026-08-27 17:38:40,888][openttl.online.tta_runner][INFO] - TTA sync LoRA -> SGLang name=tta_v3367 path=outputs/online_tta/online_tta_adapters/tta_v3367
[2026-08-27 17:38:42,640][openttl.online.tta_runner][INFO] - TTA sync LoRA -> SGLang name=tta_v3368 path=outputs/online_tta/online_tta_adapters/tta_v3368
[2026-08-27 17:38:44,512][openttl.online.tta_runner][INFO] - TTA sync LoRA -> SGLang name=tta_v3369 path=outputs/online_tta/online_tta_adapters/tta_v3369
[2026-08-27 17:38:46,343][openttl.online.tta_runner][INFO] - TTA sync LoRA -> SGLang name=tta_v3370 path=outputs/online_tta/online_tta_adapters/tta_v3370
[2026-08-27 17:38:48,021][openttl.online.tta_runner][INFO] - TTA sync LoRA -> SGLang name=tta_v3371 path=outputs/online_tta/online_tta_adapters/tta_v3371
[2026-08-27 17:38:49,706][openttl.online.tta_runner][INFO] - TTA sync LoRA -> SGLang name=tta_v3372 path=outputs/online_tta/online_tta_adapters/tta_v3372
[2026-08-27 17:38:51,277][openttl.online.tta_runner][INFO] - TTA sync LoRA -> SGLang name=tta_v3373 path=outputs/online_tta/online_tta_adapters/tta_v3373
[2026-08-27 17:38:52,882][openttl.online.tta_runner][INFO] - TTA sync LoRA -> SGLang name=tta_v3374 path=outputs/online_tta/online_tta_adapters/tta_v3374
[2026-08-27 17:38:54,446][openttl.online.tta_runner][INFO] - TTA sync LoRA -> SGLang name=tta_v3375 path=outputs/online_tta/online_tta_adapters/tta_v3375
[2026-08-27 17:38:56,132][openttl.online.tta_runner][INFO] - TTA sync LoRA -> SGLang name=tta_v3376 path=outputs/online_tta/online_tta_adapters/tta_v3376
[2026-08-27 17:38:57,903][openttl.online.tta_runner][INFO] - TTA sync LoRA -> SGLang name=tta_v3377 path=outputs/online_tta/online_tta_adapters/tta_v3377
[2026-08-27 17:38:59,608][openttl.online.tta_runner][INFO] - TTA sync LoRA -> SGLang name=tta_v3378 path=outputs/online_tta/online_tta_adapters/tta_v3378
[2026-08-27 17:39:01,189][openttl.online.tta_runner][INFO] - TTA sync LoRA -> SGLang name=tta_v3379 path=outputs/online_tta/online_tta_adapters/tta_v3379
[2026-08-27 17:39:02,889][openttl.online.tta_runner][INFO] - TTA sync LoRA -> SGLang name=tta_v3380 path=outputs/online_tta/online_tta_adapters/tta_v3380
[3380/4329] acc=0.4000 pred=D gold=D loss=1.5624200386810116e-06 (1.7s/sample)
[2026-08-27 17:39:04,486][openttl.online.tta_runner][INFO] - TTA sync LoRA -> SGLang name=tta_v3381 path=outputs/online_tta/online_tta_adapters/tta_v3381
[2026-08-27 17:39:06,246][openttl.online.tta_runner][INFO] - TTA sync LoRA -> SGLang name=tta_v3382 path=outputs/online_tta/online_tta_adapters/tta_v3382
[2026-08-27 17:39:07,941][openttl.online.tta_runner][INFO] - TTA sync LoRA -> SGLang name=tta_v3383 path=outputs/online_tta/online_tta_adapters/tta_v3383
[2026-08-27 17:39:09,558][openttl.online.tta_runner][INFO] - TTA sync LoRA -> SGLang name=tta_v3384 path=outputs/online_tta/online_tta_adapters/tta_v3384
[2026-08-27 17:39:11,117][openttl.online.tta_runner][INFO] - TTA sync LoRA -> SGLang name=tta_v3385 path=outputs/online_tta/online_tta_adapters/tta_v3385
[2026-08-27 17:39:12,705][openttl.online.tta_runner][INFO] - TTA sync LoRA -> SGLang name=tta_v3386 path=outputs/online_tta/online_tta_adapters/tta_v3386
[2026-08-27 17:39:14,401][openttl.online.tta_runner][INFO] - TTA sync LoRA -> SGLang name=tta_v3387 path=outputs/online_tta/online_tta_adapters/tta_v3387
[2026-08-27 17:39:16,057][openttl.online.tta_runner][INFO] - TTA sync LoRA -> SGLang name=tta_v3388 path=outputs/online_tta/online_tta_adapters/tta_v3388
[2026-08-27 17:39:17,695][openttl.online.tta_runner][INFO] - TTA sync LoRA -> SGLang name=tta_v3389 path=outputs/online_tta/online_tta_adapters/tta_v3389
[2026-08-27 17:39:19,310][openttl.online.tta_runner][INFO] - TTA sync LoRA -> SGLang name=tta_v3390 path=outputs/online_tta/online_tta_adapters/tta_v3390
[2026-08-27 17:39:20,974][openttl.online.tta_runner][INFO] - TTA sync LoRA -> SGLang name=tta_v3391 path=outputs/online_tta/online_tta_adapters/tta_v3391
[2026-08-27 17:39:22,575][openttl.online.tta_runner][INFO] - TTA sync LoRA -> SGLang name=tta_v3392 path=outputs/online_tta/online_tta_adapters/tta_v3392
[2026-08-27 17:39:24,203][openttl.online.tta_runner][INFO] - TTA sync LoRA -> SGLang name=tta_v3393 path=outputs/online_tta/online_tta_adapters/tta_v3393
[2026-08-27 17:39:25,848][openttl.online.tta_runner][INFO] - TTA sync LoRA -> SGLang name=tta_v3394 path=outputs/online_tta/online_tta_adapters/tta_v3394
[2026-08-27 17:39:27,427][openttl.online.tta_runner][INFO] - TTA sync LoRA -> SGLang name=tta_v3395 path=outputs/online_tta/online_tta_adapters/tta_v3395
[2026-08-27 17:39:29,111][openttl.online.tta_runner][INFO] - TTA sync LoRA -> SGLang name=tta_v3396 path=outputs/online_tta/online_tta_adapters/tta_v3396
[2026-08-27 17:39:30,806][openttl.online.tta_runner][INFO] - TTA sync LoRA -> SGLang name=tta_v3397 path=outputs/online_tta/online_tta_adapters/tta_v3397
[2026-08-27 17:39:32,366][openttl.online.tta_runner][INFO] - TTA sync LoRA -> SGLang name=tta_v3398 path=outputs/online_tta/online_tta_adapters/tta_v3398
[2026-08-27 17:39:34,183][openttl.online.tta_runner][INFO] - TTA sync LoRA -> SGLang name=tta_v3399 path=outputs/online_tta/online_tta_adapters/tta_v3399
[2026-08-27 17:39:35,750][openttl.online.tta_runner][INFO] - TTA sync LoRA -> SGLang name=tta_v3400 path=outputs/online_tta/online_tta_adapters/tta_v3400
[3400/4329] acc=0.4006 pred=D gold=C loss=2.698764774322626e-06 (1.7s/sample)
[2026-08-27 17:39:37,327][openttl.online.tta_runner][INFO] - TTA sync LoRA -> SGLang name=tta_v3401 path=outputs/online_tta/online_tta_adapters/tta_v3401
[2026-08-27 17:39:39,100][openttl.online.tta_runner][INFO] - TTA sync LoRA -> SGLang name=tta_v3402 path=outputs/online_tta/online_tta_adapters/tta_v3402
[2026-08-27 17:39:40,853][openttl.online.tta_runner][INFO] - TTA sync LoRA -> SGLang name=tta_v3403 path=outputs/online_tta/online_tta_adapters/tta_v3403
[2026-08-27 17:39:42,557][openttl.online.tta_runner][INFO] - TTA sync LoRA -> SGLang name=tta_v3404 path=outputs/online_tta/online_tta_adapters/tta_v3404
[2026-08-27 17:39:44,291][openttl.online.tta_runner][INFO] - TTA sync LoRA -> SGLang name=tta_v3405 path=outputs/online_tta/online_tta_adapters/tta_v3405
[2026-08-27 17:39:46,036][openttl.online.tta_runner][INFO] - TTA sync LoRA -> SGLang name=tta_v3406 path=outputs/online_tta/online_tta_adapters/tta_v3406
[2026-08-27 17:39:47,777][openttl.online.tta_runner][INFO] - TTA sync LoRA -> SGLang name=tta_v3407 path=outputs/online_tta/online_tta_adapters/tta_v3407
[2026-08-27 17:39:49,423][openttl.online.tta_runner][INFO] - TTA sync LoRA -> SGLang name=tta_v3408 path=outputs/online_tta/online_tta_adapters/tta_v3408
[2026-08-27 17:39:51,156][openttl.online.tta_runner][INFO] - TTA sync LoRA -> SGLang name=tta_v3409 path=outputs/online_tta/online_tta_adapters/tta_v3409
[2026-08-27 17:39:52,952][openttl.online.tta_runner][INFO] - TTA sync LoRA -> SGLang name=tta_v3410 path=outputs/online_tta/online_tta_adapters/tta_v3410
[2026-08-27 17:39:54,700][openttl.online.tta_runner][INFO] - TTA sync LoRA -> SGLang name=tta_v3411 path=outputs/online_tta/online_tta_adapters/tta_v3411
[2026-08-27 17:39:56,408][openttl.online.tta_runner][INFO] - TTA sync LoRA -> SGLang name=tta_v3412 path=outputs/online_tta/online_tta_adapters/tta_v3412
[2026-08-27 17:39:58,049][openttl.online.tta_runner][INFO] - TTA sync LoRA -> SGLang name=tta_v3413 path=outputs/online_tta/online_tta_adapters/tta_v3413
[2026-08-27 17:39:59,744][openttl.online.tta_runner][INFO] - TTA sync LoRA -> SGLang name=tta_v3414 path=outputs/online_tta/online_tta_adapters/tta_v3414
[2026-08-27 17:40:01,479][openttl.online.tta_runner][INFO] - TTA sync LoRA -> SGLang name=tta_v3415 path=outputs/online_tta/online_tta_adapters/tta_v3415
[2026-08-27 17:40:03,234][openttl.online.tta_runner][INFO] - TTA sync LoRA -> SGLang name=tta_v3416 path=outputs/online_tta/online_tta_adapters/tta_v3416
[2026-08-27 17:40:05,030][openttl.online.tta_runner][INFO] - TTA sync LoRA -> SGLang name=tta_v3417 path=outputs/online_tta/online_tta_adapters/tta_v3417
[2026-08-27 17:40:06,769][openttl.online.tta_runner][INFO] - TTA sync LoRA -> SGLang name=tta_v3418 path=outputs/online_tta/online_tta_adapters/tta_v3418
[2026-08-27 17:40:08,532][openttl.online.tta_runner][INFO] - TTA sync LoRA -> SGLang name=tta_v3419 path=outputs/online_tta/online_tta_adapters/tta_v3419
[2026-08-27 17:40:10,225][openttl.online.tta_runner][INFO] - TTA sync LoRA -> SGLang name=tta_v3420 path=outputs/online_tta/online_tta_adapters/tta_v3420
[3420/4329] acc=0.4003 pred=D gold=D loss=1.9837818854284706e-06 (1.7s/sample)
[2026-08-27 17:40:11,899][openttl.online.tta_runner][INFO] - TTA sync LoRA -> SGLang name=tta_v3421 path=outputs/online_tta/online_tta_adapters/tta_v3421
[2026-08-27 17:40:13,633][openttl.online.tta_runner][INFO] - TTA sync LoRA -> SGLang name=tta_v3422 path=outputs/online_tta/online_tta_adapters/tta_v3422
[2026-08-27 17:40:15,330][openttl.online.tta_runner][INFO] - TTA sync LoRA -> SGLang name=tta_v3423 path=outputs/online_tta/online_tta_adapters/tta_v3423
[2026-08-27 17:40:17,191][openttl.online.tta_runner][INFO] - TTA sync LoRA -> SGLang name=tta_v3424 path=outputs/online_tta/online_tta_adapters/tta_v3424
[2026-08-27 17:40:18,956][openttl.online.tta_runner][INFO] - TTA sync LoRA -> SGLang name=tta_v3425 path=outputs/online_tta/online_tta_adapters/tta_v3425
[2026-08-27 17:40:20,677][openttl.online.tta_runner][INFO] - TTA sync LoRA -> SGLang name=tta_v3426 path=outputs/online_tta/online_tta_adapters/tta_v3426
[2026-08-27 17:40:22,382][openttl.online.tta_runner][INFO] - TTA sync LoRA -> SGLang name=tta_v3427 path=outputs/online_tta/online_tta_adapters/tta_v3427
[2026-08-27 17:40:24,111][openttl.online.tta_runner][INFO] - TTA sync LoRA -> SGLang name=tta_v3428 path=outputs/online_tta/online_tta_adapters/tta_v3428
[2026-08-27 17:40:25,869][openttl.online.tta_runner][INFO] - TTA sync LoRA -> SGLang name=tta_v3429 path=outputs/online_tta/online_tta_adapters/tta_v3429
[2026-08-27 17:40:27,611][openttl.online.tta_runner][INFO] - TTA sync LoRA -> SGLang name=tta_v3430 path=outputs/online_tta/online_tta_adapters/tta_v3430
[2026-08-27 17:40:29,330][openttl.online.tta_runner][INFO] - TTA sync LoRA -> SGLang name=tta_v3431 path=outputs/online_tta/online_tta_adapters/tta_v3431
[2026-08-27 17:40:31,100][openttl.online.tta_runner][INFO] - TTA sync LoRA -> SGLang name=tta_v3432 path=outputs/online_tta/online_tta_adapters/tta_v3432
[2026-08-27 17:40:32,885][openttl.online.tta_runner][INFO] - TTA sync LoRA -> SGLang name=tta_v3433 path=outputs/online_tta/online_tta_adapters/tta_v3433
[2026-08-27 17:40:34,630][openttl.online.tta_runner][INFO] - TTA sync LoRA -> SGLang name=tta_v3434 path=outputs/online_tta/online_tta_adapters/tta_v3434
[2026-08-27 17:40:36,393][openttl.online.tta_runner][INFO] - TTA sync LoRA -> SGLang name=tta_v3435 path=outputs/online_tta/online_tta_adapters/tta_v3435
[2026-08-27 17:40:38,111][openttl.online.tta_runner][INFO] - TTA sync LoRA -> SGLang name=tta_v3436 path=outputs/online_tta/online_tta_adapters/tta_v3436
[2026-08-27 17:40:39,913][openttl.online.tta_runner][INFO] - TTA sync LoRA -> SGLang name=tta_v3437 path=outputs/online_tta/online_tta_adapters/tta_v3437
[2026-08-27 17:40:41,712][openttl.online.tta_runner][INFO] - TTA sync LoRA -> SGLang name=tta_v3438 path=outputs/online_tta/online_tta_adapters/tta_v3438
[2026-08-27 17:40:43,466][openttl.online.tta_runner][INFO] - TTA sync LoRA -> SGLang name=tta_v3439 path=outputs/online_tta/online_tta_adapters/tta_v3439
[2026-08-27 17:40:45,196][openttl.online.tta_runner][INFO] - TTA sync LoRA -> SGLang name=tta_v3440 path=outputs/online_tta/online_tta_adapters/tta_v3440
[3440/4329] acc=0.3997 pred=D gold=D loss=1.466395929128339e-06 (1.7s/sample)
[2026-08-27 17:40:46,955][openttl.online.tta_runner][INFO] - TTA sync LoRA -> SGLang name=tta_v3441 path=outputs/online_tta/online_tta_adapters/tta_v3441
[2026-08-27 17:40:48,697][openttl.online.tta_runner][INFO] - TTA sync LoRA -> SGLang name=tta_v3442 path=outputs/online_tta/online_tta_adapters/tta_v3442
[2026-08-27 17:40:50,403][openttl.online.tta_runner][INFO] - TTA sync LoRA -> SGLang name=tta_v3443 path=outputs/online_tta/online_tta_adapters/tta_v3443
[2026-08-27 17:40:52,056][openttl.online.tta_runner][INFO] - TTA sync LoRA -> SGLang name=tta_v3444 path=outputs/online_tta/online_tta_adapters/tta_v3444
[2026-08-27 17:40:53,825][openttl.online.tta_runner][INFO] - TTA sync LoRA -> SGLang name=tta_v3445 path=outputs/online_tta/online_tta_adapters/tta_v3445
[2026-08-27 17:40:55,557][openttl.online.tta_runner][INFO] - TTA sync LoRA -> SGLang name=tta_v3446 path=outputs/online_tta/online_tta_adapters/tta_v3446
[2026-08-27 17:40:57,298][openttl.online.tta_runner][INFO] - TTA sync LoRA -> SGLang name=tta_v3447 path=outputs/online_tta/online_tta_adapters/tta_v3447
[2026-08-27 17:40:59,097][openttl.online.tta_runner][INFO] - TTA sync LoRA -> SGLang name=tta_v3448 path=outputs/online_tta/online_tta_adapters/tta_v3448
[2026-08-27 17:41:00,863][openttl.online.tta_runner][INFO] - TTA sync LoRA -> SGLang name=tta_v3449 path=outputs/online_tta/online_tta_adapters/tta_v3449
[2026-08-27 17:41:02,690][openttl.online.tta_runner][INFO] - TTA sync LoRA -> SGLang name=tta_v3450 path=outputs/online_tta/online_tta_adapters/tta_v3450
[2026-08-27 17:41:04,443][openttl.online.tta_runner][INFO] - TTA sync LoRA -> SGLang name=tta_v3451 path=outputs/online_tta/online_tta_adapters/tta_v3451
[2026-08-27 17:41:06,189][openttl.online.tta_runner][INFO] - TTA sync LoRA -> SGLang name=tta_v3452 path=outputs/online_tta/online_tta_adapters/tta_v3452
[2026-08-27 17:41:07,860][openttl.online.tta_runner][INFO] - TTA sync LoRA -> SGLang name=tta_v3453 path=outputs/online_tta/online_tta_adapters/tta_v3453
[2026-08-27 17:41:09,576][openttl.online.tta_runner][INFO] - TTA sync LoRA -> SGLang name=tta_v3454 path=outputs/online_tta/online_tta_adapters/tta_v3454
[2026-08-27 17:41:11,128][openttl.online.tta_runner][INFO] - TTA sync LoRA -> SGLang name=tta_v3455 path=outputs/online_tta/online_tta_adapters/tta_v3455
[2026-08-27 17:41:12,788][openttl.online.tta_runner][INFO] - TTA sync LoRA -> SGLang name=tta_v3456 path=outputs/online_tta/online_tta_adapters/tta_v3456
[2026-08-27 17:41:14,524][openttl.online.tta_runner][INFO] - TTA sync LoRA -> SGLang name=tta_v3457 path=outputs/online_tta/online_tta_adapters/tta_v3457
[2026-08-27 17:41:16,243][openttl.online.tta_runner][INFO] - TTA sync LoRA -> SGLang name=tta_v3458 path=outputs/online_tta/online_tta_adapters/tta_v3458
[2026-08-27 17:41:18,011][openttl.online.tta_runner][INFO] - TTA sync LoRA -> SGLang name=tta_v3459 path=outputs/online_tta/online_tta_adapters/tta_v3459
[2026-08-27 17:41:19,727][openttl.online.tta_runner][INFO] - TTA sync LoRA -> SGLang name=tta_v3460 path=outputs/online_tta/online_tta_adapters/tta_v3460
[3460/4329] acc=0.3988 pred=D gold=B loss=1.265977061848389e-06 (1.7s/sample)
[2026-08-27 17:41:21,515][openttl.online.tta_runner][INFO] - TTA sync LoRA -> SGLang name=tta_v3461 path=outputs/online_tta/online_tta_adapters/tta_v3461
[2026-08-27 17:41:23,229][openttl.online.tta_runner][INFO] - TTA sync LoRA -> SGLang name=tta_v3462 path=outputs/online_tta/online_tta_adapters/tta_v3462
[2026-08-27 17:41:25,032][openttl.online.tta_runner][INFO] - TTA sync LoRA -> SGLang name=tta_v3463 path=outputs/online_tta/online_tta_adapters/tta_v3463
[2026-08-27 17:41:26,775][openttl.online.tta_runner][INFO] - TTA sync LoRA -> SGLang name=tta_v3464 path=outputs/online_tta/online_tta_adapters/tta_v3464
[2026-08-27 17:41:28,436][openttl.online.tta_runner][INFO] - TTA sync LoRA -> SGLang name=tta_v3465 path=outputs/online_tta/online_tta_adapters/tta_v3465
[2026-08-27 17:41:30,157][openttl.online.tta_runner][INFO] - TTA sync LoRA -> SGLang name=tta_v3466 path=outputs/online_tta/online_tta_adapters/tta_v3466
[2026-08-27 17:41:31,889][openttl.online.tta_runner][INFO] - TTA sync LoRA -> SGLang name=tta_v3467 path=outputs/online_tta/online_tta_adapters/tta_v3467
[2026-08-27 17:41:33,647][openttl.online.tta_runner][INFO] - TTA sync LoRA -> SGLang name=tta_v3468 path=outputs/online_tta/online_tta_adapters/tta_v3468
[2026-08-27 17:41:35,370][openttl.online.tta_runner][INFO] - TTA sync LoRA -> SGLang name=tta_v3469 path=outputs/online_tta/online_tta_adapters/tta_v3469
[2026-08-27 17:41:37,099][openttl.online.tta_runner][INFO] - TTA sync LoRA -> SGLang name=tta_v3470 path=outputs/online_tta/online_tta_adapters/tta_v3470
[2026-08-27 17:41:38,860][openttl.online.tta_runner][INFO] - TTA sync LoRA -> SGLang name=tta_v3471 path=outputs/online_tta/online_tta_adapters/tta_v3471
[2026-08-27 17:41:40,582][openttl.online.tta_runner][INFO] - TTA sync LoRA -> SGLang name=tta_v3472 path=outputs/online_tta/online_tta_adapters/tta_v3472
[2026-08-27 17:41:42,304][openttl.online.tta_runner][INFO] - TTA sync LoRA -> SGLang name=tta_v3473 path=outputs/online_tta/online_tta_adapters/tta_v3473
[2026-08-27 17:41:44,123][openttl.online.tta_runner][INFO] - TTA sync LoRA -> SGLang name=tta_v3474 path=outputs/online_tta/online_tta_adapters/tta_v3474
[2026-08-27 17:41:45,841][openttl.online.tta_runner][INFO] - TTA sync LoRA -> SGLang name=tta_v3475 path=outputs/online_tta/online_tta_adapters/tta_v3475
[2026-08-27 17:41:47,668][openttl.online.tta_runner][INFO] - TTA sync LoRA -> SGLang name=tta_v3476 path=outputs/online_tta/online_tta_adapters/tta_v3476
[2026-08-27 17:41:49,417][openttl.online.tta_runner][INFO] - TTA sync LoRA -> SGLang name=tta_v3477 path=outputs/online_tta/online_tta_adapters/tta_v3477
[2026-08-27 17:41:51,139][openttl.online.tta_runner][INFO] - TTA sync LoRA -> SGLang name=tta_v3478 path=outputs/online_tta/online_tta_adapters/tta_v3478
[2026-08-27 17:41:52,881][openttl.online.tta_runner][INFO] - TTA sync LoRA -> SGLang name=tta_v3479 path=outputs/online_tta/online_tta_adapters/tta_v3479
[2026-08-27 17:41:54,683][openttl.online.tta_runner][INFO] - TTA sync LoRA -> SGLang name=tta_v3480 path=outputs/online_tta/online_tta_adapters/tta_v3480
[3480/4329] acc=0.3983 pred=D gold=D loss=1.3009372423766763e-06 (1.7s/sample)
[2026-08-27 17:41:56,413][openttl.online.tta_runner][INFO] - TTA sync LoRA -> SGLang name=tta_v3481 path=outputs/online_tta/online_tta_adapters/tta_v3481
[2026-08-27 17:41:58,160][openttl.online.tta_runner][INFO] - TTA sync LoRA -> SGLang name=tta_v3482 path=outputs/online_tta/online_tta_adapters/tta_v3482
[2026-08-27 17:41:59,972][openttl.online.tta_runner][INFO] - TTA sync LoRA -> SGLang name=tta_v3483 path=outputs/online_tta/online_tta_adapters/tta_v3483
[2026-08-27 17:42:01,729][openttl.online.tta_runner][INFO] - TTA sync LoRA -> SGLang name=tta_v3484 path=outputs/online_tta/online_tta_adapters/tta_v3484
[2026-08-27 17:42:03,499][openttl.online.tta_runner][INFO] - TTA sync LoRA -> SGLang name=tta_v3485 path=outputs/online_tta/online_tta_adapters/tta_v3485
[2026-08-27 17:42:05,230][openttl.online.tta_runner][INFO] - TTA sync LoRA -> SGLang name=tta_v3486 path=outputs/online_tta/online_tta_adapters/tta_v3486
[2026-08-27 17:42:06,983][openttl.online.tta_runner][INFO] - TTA sync LoRA -> SGLang name=tta_v3487 path=outputs/online_tta/online_tta_adapters/tta_v3487
[2026-08-27 17:42:08,709][openttl.online.tta_runner][INFO] - TTA sync LoRA -> SGLang name=tta_v3488 path=outputs/online_tta/online_tta_adapters/tta_v3488
[2026-08-27 17:42:10,425][openttl.online.tta_runner][INFO] - TTA sync LoRA -> SGLang name=tta_v3489 path=outputs/online_tta/online_tta_adapters/tta_v3489
[2026-08-27 17:42:12,160][openttl.online.tta_runner][INFO] - TTA sync LoRA -> SGLang name=tta_v3490 path=outputs/online_tta/online_tta_adapters/tta_v3490
[2026-08-27 17:42:13,946][openttl.online.tta_runner][INFO] - TTA sync LoRA -> SGLang name=tta_v3491 path=outputs/online_tta/online_tta_adapters/tta_v3491
[2026-08-27 17:42:15,697][openttl.online.tta_runner][INFO] - TTA sync LoRA -> SGLang name=tta_v3492 path=outputs/online_tta/online_tta_adapters/tta_v3492
[2026-08-27 17:42:17,464][openttl.online.tta_runner][INFO] - TTA sync LoRA -> SGLang name=tta_v3493 path=outputs/online_tta/online_tta_adapters/tta_v3493
[2026-08-27 17:42:19,261][openttl.online.tta_runner][INFO] - TTA sync LoRA -> SGLang name=tta_v3494 path=outputs/online_tta/online_tta_adapters/tta_v3494
[2026-08-27 17:42:20,963][openttl.online.tta_runner][INFO] - TTA sync LoRA -> SGLang name=tta_v3495 path=outputs/online_tta/online_tta_adapters/tta_v3495
[2026-08-27 17:42:22,705][openttl.online.tta_runner][INFO] - TTA sync LoRA -> SGLang name=tta_v3496 path=outputs/online_tta/online_tta_adapters/tta_v3496
[2026-08-27 17:42:24,358][openttl.online.tta_runner][INFO] - TTA sync LoRA -> SGLang name=tta_v3497 path=outputs/online_tta/online_tta_adapters/tta_v3497
[2026-08-27 17:42:26,090][openttl.online.tta_runner][INFO] - TTA sync LoRA -> SGLang name=tta_v3498 path=outputs/online_tta/online_tta_adapters/tta_v3498
[2026-08-27 17:42:27,821][openttl.online.tta_runner][INFO] - TTA sync LoRA -> SGLang name=tta_v3499 path=outputs/online_tta/online_tta_adapters/tta_v3499
[2026-08-27 17:42:29,551][openttl.online.tta_runner][INFO] - TTA sync LoRA -> SGLang name=tta_v3500 path=outputs/online_tta/online_tta_adapters/tta_v3500
[3500/4329] acc=0.4000 pred=D gold=D loss=1.2403281743900152e-06 (1.7s/sample)
[2026-08-27 17:42:31,283][openttl.online.tta_runner][INFO] - TTA sync LoRA -> SGLang name=tta_v3501 path=outputs/online_tta/online_tta_adapters/tta_v3501
[2026-08-27 17:42:33,073][openttl.online.tta_runner][INFO] - TTA sync LoRA -> SGLang name=tta_v3502 path=outputs/online_tta/online_tta_adapters/tta_v3502
[2026-08-27 17:42:34,779][openttl.online.tta_runner][INFO] - TTA sync LoRA -> SGLang name=tta_v3503 path=outputs/online_tta/online_tta_adapters/tta_v3503
[2026-08-27 17:42:36,528][openttl.online.tta_runner][INFO] - TTA sync LoRA -> SGLang name=tta_v3504 path=outputs/online_tta/online_tta_adapters/tta_v3504
[2026-08-27 17:42:38,280][openttl.online.tta_runner][INFO] - TTA sync LoRA -> SGLang name=tta_v3505 path=outputs/online_tta/online_tta_adapters/tta_v3505
[2026-08-27 17:42:40,055][openttl.online.tta_runner][INFO] - TTA sync LoRA -> SGLang name=tta_v3506 path=outputs/online_tta/online_tta_adapters/tta_v3506
[2026-08-27 17:42:41,785][openttl.online.tta_runner][INFO] - TTA sync LoRA -> SGLang name=tta_v3507 path=outputs/online_tta/online_tta_adapters/tta_v3507
[2026-08-27 17:42:43,513][openttl.online.tta_runner][INFO] - TTA sync LoRA -> SGLang name=tta_v3508 path=outputs/online_tta/online_tta_adapters/tta_v3508
[2026-08-27 17:42:45,406][openttl.online.tta_runner][INFO] - TTA sync LoRA -> SGLang name=tta_v3509 path=outputs/online_tta/online_tta_adapters/tta_v3509
[2026-08-27 17:42:47,074][openttl.online.tta_runner][INFO] - TTA sync LoRA -> SGLang name=tta_v3510 path=outputs/online_tta/online_tta_adapters/tta_v3510
[2026-08-27 17:42:48,763][openttl.online.tta_runner][INFO] - TTA sync LoRA -> SGLang name=tta_v3511 path=outputs/online_tta/online_tta_adapters/tta_v3511
[2026-08-27 17:42:50,502][openttl.online.tta_runner][INFO] - TTA sync LoRA -> SGLang name=tta_v3512 path=outputs/online_tta/online_tta_adapters/tta_v3512
[2026-08-27 17:42:52,197][openttl.online.tta_runner][INFO] - TTA sync LoRA -> SGLang name=tta_v3513 path=outputs/online_tta/online_tta_adapters/tta_v3513
[2026-08-27 17:42:53,888][openttl.online.tta_runner][INFO] - TTA sync LoRA -> SGLang name=tta_v3514 path=outputs/online_tta/online_tta_adapters/tta_v3514
[2026-08-27 17:42:55,518][openttl.online.tta_runner][INFO] - TTA sync LoRA -> SGLang name=tta_v3515 path=outputs/online_tta/online_tta_adapters/tta_v3515
[2026-08-27 17:42:57,219][openttl.online.tta_runner][INFO] - TTA sync LoRA -> SGLang name=tta_v3516 path=outputs/online_tta/online_tta_adapters/tta_v3516
[2026-08-27 17:42:58,792][openttl.online.tta_runner][INFO] - TTA sync LoRA -> SGLang name=tta_v3517 path=outputs/online_tta/online_tta_adapters/tta_v3517
[2026-08-27 17:43:00,512][openttl.online.tta_runner][INFO] - TTA sync LoRA -> SGLang name=tta_v3518 path=outputs/online_tta/online_tta_adapters/tta_v3518
[2026-08-27 17:43:02,259][openttl.online.tta_runner][INFO] - TTA sync LoRA -> SGLang name=tta_v3519 path=outputs/online_tta/online_tta_adapters/tta_v3519
[2026-08-27 17:43:04,059][openttl.online.tta_runner][INFO] - TTA sync LoRA -> SGLang name=tta_v3520 path=outputs/online_tta/online_tta_adapters/tta_v3520
[3520/4329] acc=0.4009 pred=D gold=D loss=1.0709813977882732e-06 (1.7s/sample)
[2026-08-27 17:43:05,795][openttl.online.tta_runner][INFO] - TTA sync LoRA -> SGLang name=tta_v3521 path=outputs/online_tta/online_tta_adapters/tta_v3521
[2026-08-27 17:43:07,535][openttl.online.tta_runner][INFO] - TTA sync LoRA -> SGLang name=tta_v3522 path=outputs/online_tta/online_tta_adapters/tta_v3522
[2026-08-27 17:43:09,228][openttl.online.tta_runner][INFO] - TTA sync LoRA -> SGLang name=tta_v3523 path=outputs/online_tta/online_tta_adapters/tta_v3523
[2026-08-27 17:43:10,954][openttl.online.tta_runner][INFO] - TTA sync LoRA -> SGLang name=tta_v3524 path=outputs/online_tta/online_tta_adapters/tta_v3524
[2026-08-27 17:43:12,685][openttl.online.tta_runner][INFO] - TTA sync LoRA -> SGLang name=tta_v3525 path=outputs/online_tta/online_tta_adapters/tta_v3525
[2026-08-27 17:43:14,496][openttl.online.tta_runner][INFO] - TTA sync LoRA -> SGLang name=tta_v3526 path=outputs/online_tta/online_tta_adapters/tta_v3526
[2026-08-27 17:43:16,231][openttl.online.tta_runner][INFO] - TTA sync LoRA -> SGLang name=tta_v3527 path=outputs/online_tta/online_tta_adapters/tta_v3527
[2026-08-27 17:43:17,902][openttl.online.tta_runner][INFO] - TTA sync LoRA -> SGLang name=tta_v3528 path=outputs/online_tta/online_tta_adapters/tta_v3528
[2026-08-27 17:43:19,678][openttl.online.tta_runner][INFO] - TTA sync LoRA -> SGLang name=tta_v3529 path=outputs/online_tta/online_tta_adapters/tta_v3529
[2026-08-27 17:43:21,426][openttl.online.tta_runner][INFO] - TTA sync LoRA -> SGLang name=tta_v3530 path=outputs/online_tta/online_tta_adapters/tta_v3530
[2026-08-27 17:43:23,149][openttl.online.tta_runner][INFO] - TTA sync LoRA -> SGLang name=tta_v3531 path=outputs/online_tta/online_tta_adapters/tta_v3531
[2026-08-27 17:43:24,852][openttl.online.tta_runner][INFO] - TTA sync LoRA -> SGLang name=tta_v3532 path=outputs/online_tta/online_tta_adapters/tta_v3532
[2026-08-27 17:43:26,584][openttl.online.tta_runner][INFO] - TTA sync LoRA -> SGLang name=tta_v3533 path=outputs/online_tta/online_tta_adapters/tta_v3533
[2026-08-27 17:43:28,312][openttl.online.tta_runner][INFO] - TTA sync LoRA -> SGLang name=tta_v3534 path=outputs/online_tta/online_tta_adapters/tta_v3534
[2026-08-27 17:43:30,040][openttl.online.tta_runner][INFO] - TTA sync LoRA -> SGLang name=tta_v3535 path=outputs/online_tta/online_tta_adapters/tta_v3535
[2026-08-27 17:43:32,010][openttl.online.tta_runner][INFO] - TTA sync LoRA -> SGLang name=tta_v3536 path=outputs/online_tta/online_tta_adapters/tta_v3536
[2026-08-27 17:43:34,000][openttl.online.tta_runner][INFO] - TTA sync LoRA -> SGLang name=tta_v3537 path=outputs/online_tta/online_tta_adapters/tta_v3537
[2026-08-27 17:43:35,978][openttl.online.tta_runner][INFO] - TTA sync LoRA -> SGLang name=tta_v3538 path=outputs/online_tta/online_tta_adapters/tta_v3538
[2026-08-27 17:43:37,648][openttl.online.tta_runner][INFO] - TTA sync LoRA -> SGLang name=tta_v3539 path=outputs/online_tta/online_tta_adapters/tta_v3539
[2026-08-27 17:43:39,251][openttl.online.tta_runner][INFO] - TTA sync LoRA -> SGLang name=tta_v3540 path=outputs/online_tta/online_tta_adapters/tta_v3540
[3540/4329] acc=0.4006 pred=D gold=D loss=1.7110867247538408e-06 (1.7s/sample)
[2026-08-27 17:43:41,015][openttl.online.tta_runner][INFO] - TTA sync LoRA -> SGLang name=tta_v3541 path=outputs/online_tta/online_tta_adapters/tta_v3541
[2026-08-27 17:43:42,695][openttl.online.tta_runner][INFO] - TTA sync LoRA -> SGLang name=tta_v3542 path=outputs/online_tta/online_tta_adapters/tta_v3542
[2026-08-27 17:43:44,422][openttl.online.tta_runner][INFO] - TTA sync LoRA -> SGLang name=tta_v3543 path=outputs/online_tta/online_tta_adapters/tta_v3543
[2026-08-27 17:43:46,041][openttl.online.tta_runner][INFO] - TTA sync LoRA -> SGLang name=tta_v3544 path=outputs/online_tta/online_tta_adapters/tta_v3544
[2026-08-27 17:43:47,713][openttl.online.tta_runner][INFO] - TTA sync LoRA -> SGLang name=tta_v3545 path=outputs/online_tta/online_tta_adapters/tta_v3545
[2026-08-27 17:43:49,318][openttl.online.tta_runner][INFO] - TTA sync LoRA -> SGLang name=tta_v3546 path=outputs/online_tta/online_tta_adapters/tta_v3546
[2026-08-27 17:43:50,941][openttl.online.tta_runner][INFO] - TTA sync LoRA -> SGLang name=tta_v3547 path=outputs/online_tta/online_tta_adapters/tta_v3547
[2026-08-27 17:43:52,539][openttl.online.tta_runner][INFO] - TTA sync LoRA -> SGLang name=tta_v3548 path=outputs/online_tta/online_tta_adapters/tta_v3548
[2026-08-27 17:43:54,154][openttl.online.tta_runner][INFO] - TTA sync LoRA -> SGLang name=tta_v3549 path=outputs/online_tta/online_tta_adapters/tta_v3549
[2026-08-27 17:43:55,829][openttl.online.tta_runner][INFO] - TTA sync LoRA -> SGLang name=tta_v3550 path=outputs/online_tta/online_tta_adapters/tta_v3550
[2026-08-27 17:43:57,720][openttl.online.tta_runner][INFO] - TTA sync LoRA -> SGLang name=tta_v3551 path=outputs/online_tta/online_tta_adapters/tta_v3551
[2026-08-27 17:43:59,683][openttl.online.tta_runner][INFO] - TTA sync LoRA -> SGLang name=tta_v3552 path=outputs/online_tta/online_tta_adapters/tta_v3552
[2026-08-27 17:44:01,600][openttl.online.tta_runner][INFO] - TTA sync LoRA -> SGLang name=tta_v3553 path=outputs/online_tta/online_tta_adapters/tta_v3553
[2026-08-27 17:44:03,371][openttl.online.tta_runner][INFO] - TTA sync LoRA -> SGLang name=tta_v3554 path=outputs/online_tta/online_tta_adapters/tta_v3554
[2026-08-27 17:44:05,316][openttl.online.tta_runner][INFO] - TTA sync LoRA -> SGLang name=tta_v3555 path=outputs/online_tta/online_tta_adapters/tta_v3555
[2026-08-27 17:44:07,187][openttl.online.tta_runner][INFO] - TTA sync LoRA -> SGLang name=tta_v3556 path=outputs/online_tta/online_tta_adapters/tta_v3556
[2026-08-27 17:44:09,154][openttl.online.tta_runner][INFO] - TTA sync LoRA -> SGLang name=tta_v3557 path=outputs/online_tta/online_tta_adapters/tta_v3557
[2026-08-27 17:44:10,920][openttl.online.tta_runner][INFO] - TTA sync LoRA -> SGLang name=tta_v3558 path=outputs/online_tta/online_tta_adapters/tta_v3558
[2026-08-27 17:44:12,790][openttl.online.tta_runner][INFO] - TTA sync LoRA -> SGLang name=tta_v3559 path=outputs/online_tta/online_tta_adapters/tta_v3559
[2026-08-27 17:44:14,745][openttl.online.tta_runner][INFO] - TTA sync LoRA -> SGLang name=tta_v3560 path=outputs/online_tta/online_tta_adapters/tta_v3560
[3560/4329] acc=0.4020 pred=D gold=D loss=1.2864819609603728e-06 (1.7s/sample)
[2026-08-27 17:44:16,845][openttl.online.tta_runner][INFO] - TTA sync LoRA -> SGLang name=tta_v3561 path=outputs/online_tta/online_tta_adapters/tta_v3561
[2026-08-27 17:44:18,440][openttl.online.tta_runner][INFO] - TTA sync LoRA -> SGLang name=tta_v3562 path=outputs/online_tta/online_tta_adapters/tta_v3562
[2026-08-27 17:44:19,955][openttl.online.tta_runner][INFO] - TTA sync LoRA -> SGLang name=tta_v3563 path=outputs/online_tta/online_tta_adapters/tta_v3563
[2026-08-27 17:44:21,453][openttl.online.tta_runner][INFO] - TTA sync LoRA -> SGLang name=tta_v3564 path=outputs/online_tta/online_tta_adapters/tta_v3564
[2026-08-27 17:44:22,994][openttl.online.tta_runner][INFO] - TTA sync LoRA -> SGLang name=tta_v3565 path=outputs/online_tta/online_tta_adapters/tta_v3565
[2026-08-27 17:44:24,718][openttl.online.tta_runner][INFO] - TTA sync LoRA -> SGLang name=tta_v3566 path=outputs/online_tta/online_tta_adapters/tta_v3566
[2026-08-27 17:44:26,267][openttl.online.tta_runner][INFO] - TTA sync LoRA -> SGLang name=tta_v3567 path=outputs/online_tta/online_tta_adapters/tta_v3567
[2026-08-27 17:44:27,746][openttl.online.tta_runner][INFO] - TTA sync LoRA -> SGLang name=tta_v3568 path=outputs/online_tta/online_tta_adapters/tta_v3568
[2026-08-27 17:44:29,220][openttl.online.tta_runner][INFO] - TTA sync LoRA -> SGLang name=tta_v3569 path=outputs/online_tta/online_tta_adapters/tta_v3569
[2026-08-27 17:44:30,964][openttl.online.tta_runner][INFO] - TTA sync LoRA -> SGLang name=tta_v3570 path=outputs/online_tta/online_tta_adapters/tta_v3570
[2026-08-27 17:44:32,592][openttl.online.tta_runner][INFO] - TTA sync LoRA -> SGLang name=tta_v3571 path=outputs/online_tta/online_tta_adapters/tta_v3571
[2026-08-27 17:44:34,279][openttl.online.tta_runner][INFO] - TTA sync LoRA -> SGLang name=tta_v3572 path=outputs/online_tta/online_tta_adapters/tta_v3572
[2026-08-27 17:44:35,938][openttl.online.tta_runner][INFO] - TTA sync LoRA -> SGLang name=tta_v3573 path=outputs/online_tta/online_tta_adapters/tta_v3573
[2026-08-27 17:44:37,481][openttl.online.tta_runner][INFO] - TTA sync LoRA -> SGLang name=tta_v3574 path=outputs/online_tta/online_tta_adapters/tta_v3574
[2026-08-27 17:44:39,063][openttl.online.tta_runner][INFO] - TTA sync LoRA -> SGLang name=tta_v3575 path=outputs/online_tta/online_tta_adapters/tta_v3575
[2026-08-27 17:44:40,758][openttl.online.tta_runner][INFO] - TTA sync LoRA -> SGLang name=tta_v3576 path=outputs/online_tta/online_tta_adapters/tta_v3576
[2026-08-27 17:44:42,422][openttl.online.tta_runner][INFO] - TTA sync LoRA -> SGLang name=tta_v3577 path=outputs/online_tta/online_tta_adapters/tta_v3577
[2026-08-27 17:44:43,959][openttl.online.tta_runner][INFO] - TTA sync LoRA -> SGLang name=tta_v3578 path=outputs/online_tta/online_tta_adapters/tta_v3578
[2026-08-27 17:44:45,770][openttl.online.tta_runner][INFO] - TTA sync LoRA -> SGLang name=tta_v3579 path=outputs/online_tta/online_tta_adapters/tta_v3579
[2026-08-27 17:44:47,505][openttl.online.tta_runner][INFO] - TTA sync LoRA -> SGLang name=tta_v3580 path=outputs/online_tta/online_tta_adapters/tta_v3580
[3580/4329] acc=0.4020 pred=D gold=A loss=1.1410689921831363e-06 (1.7s/sample)
[2026-08-27 17:44:49,240][openttl.online.tta_runner][INFO] - TTA sync LoRA -> SGLang name=tta_v3581 path=outputs/online_tta/online_tta_adapters/tta_v3581
[2026-08-27 17:44:50,963][openttl.online.tta_runner][INFO] - TTA sync LoRA -> SGLang name=tta_v3582 path=outputs/online_tta/online_tta_adapters/tta_v3582
[2026-08-27 17:44:52,708][openttl.online.tta_runner][INFO] - TTA sync LoRA -> SGLang name=tta_v3583 path=outputs/online_tta/online_tta_adapters/tta_v3583
[2026-08-27 17:44:54,460][openttl.online.tta_runner][INFO] - TTA sync LoRA -> SGLang name=tta_v3584 path=outputs/online_tta/online_tta_adapters/tta_v3584
[2026-08-27 17:44:56,237][openttl.online.tta_runner][INFO] - TTA sync LoRA -> SGLang name=tta_v3585 path=outputs/online_tta/online_tta_adapters/tta_v3585
[2026-08-27 17:44:58,003][openttl.online.tta_runner][INFO] - TTA sync LoRA -> SGLang name=tta_v3586 path=outputs/online_tta/online_tta_adapters/tta_v3586
[2026-08-27 17:44:59,781][openttl.online.tta_runner][INFO] - TTA sync LoRA -> SGLang name=tta_v3587 path=outputs/online_tta/online_tta_adapters/tta_v3587
[2026-08-27 17:45:01,536][openttl.online.tta_runner][INFO] - TTA sync LoRA -> SGLang name=tta_v3588 path=outputs/online_tta/online_tta_adapters/tta_v3588
[2026-08-27 17:45:03,306][openttl.online.tta_runner][INFO] - TTA sync LoRA -> SGLang name=tta_v3589 path=outputs/online_tta/online_tta_adapters/tta_v3589
[2026-08-27 17:45:05,077][openttl.online.tta_runner][INFO] - TTA sync LoRA -> SGLang name=tta_v3590 path=outputs/online_tta/online_tta_adapters/tta_v3590
[2026-08-27 17:45:06,878][openttl.online.tta_runner][INFO] - TTA sync LoRA -> SGLang name=tta_v3591 path=outputs/online_tta/online_tta_adapters/tta_v3591
[2026-08-27 17:45:08,600][openttl.online.tta_runner][INFO] - TTA sync LoRA -> SGLang name=tta_v3592 path=outputs/online_tta/online_tta_adapters/tta_v3592
[2026-08-27 17:45:10,269][openttl.online.tta_runner][INFO] - TTA sync LoRA -> SGLang name=tta_v3593 path=outputs/online_tta/online_tta_adapters/tta_v3593
[2026-08-27 17:45:11,934][openttl.online.tta_runner][INFO] - TTA sync LoRA -> SGLang name=tta_v3594 path=outputs/online_tta/online_tta_adapters/tta_v3594
[2026-08-27 17:45:13,578][openttl.online.tta_runner][INFO] - TTA sync LoRA -> SGLang name=tta_v3595 path=outputs/online_tta/online_tta_adapters/tta_v3595
[2026-08-27 17:45:15,217][openttl.online.tta_runner][INFO] - TTA sync LoRA -> SGLang name=tta_v3596 path=outputs/online_tta/online_tta_adapters/tta_v3596
[2026-08-27 17:45:16,858][openttl.online.tta_runner][INFO] - TTA sync LoRA -> SGLang name=tta_v3597 path=outputs/online_tta/online_tta_adapters/tta_v3597
[2026-08-27 17:45:18,401][openttl.online.tta_runner][INFO] - TTA sync LoRA -> SGLang name=tta_v3598 path=outputs/online_tta/online_tta_adapters/tta_v3598
[2026-08-27 17:45:20,055][openttl.online.tta_runner][INFO] - TTA sync LoRA -> SGLang name=tta_v3599 path=outputs/online_tta/online_tta_adapters/tta_v3599
[2026-08-27 17:45:21,699][openttl.online.tta_runner][INFO] - TTA sync LoRA -> SGLang name=tta_v3600 path=outputs/online_tta/online_tta_adapters/tta_v3600
[3600/4329] acc=0.4014 pred=D gold=B loss=1.2616417279787129e-06 (1.7s/sample)
[2026-08-27 17:45:23,369][openttl.online.tta_runner][INFO] - TTA sync LoRA -> SGLang name=tta_v3601 path=outputs/online_tta/online_tta_adapters/tta_v3601
[2026-08-27 17:45:25,036][openttl.online.tta_runner][INFO] - TTA sync LoRA -> SGLang name=tta_v3602 path=outputs/online_tta/online_tta_adapters/tta_v3602
[2026-08-27 17:45:26,712][openttl.online.tta_runner][INFO] - TTA sync LoRA -> SGLang name=tta_v3603 path=outputs/online_tta/online_tta_adapters/tta_v3603
[2026-08-27 17:45:28,275][openttl.online.tta_runner][INFO] - TTA sync LoRA -> SGLang name=tta_v3604 path=outputs/online_tta/online_tta_adapters/tta_v3604
[2026-08-27 17:45:30,033][openttl.online.tta_runner][INFO] - TTA sync LoRA -> SGLang name=tta_v3605 path=outputs/online_tta/online_tta_adapters/tta_v3605
[2026-08-27 17:45:31,686][openttl.online.tta_runner][INFO] - TTA sync LoRA -> SGLang name=tta_v3606 path=outputs/online_tta/online_tta_adapters/tta_v3606
[2026-08-27 17:45:33,367][openttl.online.tta_runner][INFO] - TTA sync LoRA -> SGLang name=tta_v3607 path=outputs/online_tta/online_tta_adapters/tta_v3607
[2026-08-27 17:45:35,047][openttl.online.tta_runner][INFO] - TTA sync LoRA -> SGLang name=tta_v3608 path=outputs/online_tta/online_tta_adapters/tta_v3608
[2026-08-27 17:45:36,778][openttl.online.tta_runner][INFO] - TTA sync LoRA -> SGLang name=tta_v3609 path=outputs/online_tta/online_tta_adapters/tta_v3609
[2026-08-27 17:45:38,460][openttl.online.tta_runner][INFO] - TTA sync LoRA -> SGLang name=tta_v3610 path=outputs/online_tta/online_tta_adapters/tta_v3610
[2026-08-27 17:45:40,069][openttl.online.tta_runner][INFO] - TTA sync LoRA -> SGLang name=tta_v3611 path=outputs/online_tta/online_tta_adapters/tta_v3611
[2026-08-27 17:45:41,631][openttl.online.tta_runner][INFO] - TTA sync LoRA -> SGLang name=tta_v3612 path=outputs/online_tta/online_tta_adapters/tta_v3612
[2026-08-27 17:45:43,228][openttl.online.tta_runner][INFO] - TTA sync LoRA -> SGLang name=tta_v3613 path=outputs/online_tta/online_tta_adapters/tta_v3613
[2026-08-27 17:45:44,827][openttl.online.tta_runner][INFO] - TTA sync LoRA -> SGLang name=tta_v3614 path=outputs/online_tta/online_tta_adapters/tta_v3614
[2026-08-27 17:45:46,394][openttl.online.tta_runner][INFO] - TTA sync LoRA -> SGLang name=tta_v3615 path=outputs/online_tta/online_tta_adapters/tta_v3615
[2026-08-27 17:45:47,965][openttl.online.tta_runner][INFO] - TTA sync LoRA -> SGLang name=tta_v3616 path=outputs/online_tta/online_tta_adapters/tta_v3616
[2026-08-27 17:45:49,473][openttl.online.tta_runner][INFO] - TTA sync LoRA -> SGLang name=tta_v3617 path=outputs/online_tta/online_tta_adapters/tta_v3617
[2026-08-27 17:45:51,188][openttl.online.tta_runner][INFO] - TTA sync LoRA -> SGLang name=tta_v3618 path=outputs/online_tta/online_tta_adapters/tta_v3618
[2026-08-27 17:45:52,855][openttl.online.tta_runner][INFO] - TTA sync LoRA -> SGLang name=tta_v3619 path=outputs/online_tta/online_tta_adapters/tta_v3619
[2026-08-27 17:45:54,571][openttl.online.tta_runner][INFO] - TTA sync LoRA -> SGLang name=tta_v3620 path=outputs/online_tta/online_tta_adapters/tta_v3620
[3620/4329] acc=0.4000 pred=D gold=B loss=1.4489517070614966e-06 (1.7s/sample)
[2026-08-27 17:45:56,335][openttl.online.tta_runner][INFO] - TTA sync LoRA -> SGLang name=tta_v3621 path=outputs/online_tta/online_tta_adapters/tta_v3621
[2026-08-27 17:45:58,054][openttl.online.tta_runner][INFO] - TTA sync LoRA -> SGLang name=tta_v3622 path=outputs/online_tta/online_tta_adapters/tta_v3622
[2026-08-27 17:45:59,946][openttl.online.tta_runner][INFO] - TTA sync LoRA -> SGLang name=tta_v3623 path=outputs/online_tta/online_tta_adapters/tta_v3623
[2026-08-27 17:46:01,743][openttl.online.tta_runner][INFO] - TTA sync LoRA -> SGLang name=tta_v3624 path=outputs/online_tta/online_tta_adapters/tta_v3624
[2026-08-27 17:46:03,465][openttl.online.tta_runner][INFO] - TTA sync LoRA -> SGLang name=tta_v3625 path=outputs/online_tta/online_tta_adapters/tta_v3625
[2026-08-27 17:46:05,180][openttl.online.tta_runner][INFO] - TTA sync LoRA -> SGLang name=tta_v3626 path=outputs/online_tta/online_tta_adapters/tta_v3626
[2026-08-27 17:46:06,880][openttl.online.tta_runner][INFO] - TTA sync LoRA -> SGLang name=tta_v3627 path=outputs/online_tta/online_tta_adapters/tta_v3627
[2026-08-27 17:46:08,641][openttl.online.tta_runner][INFO] - TTA sync LoRA -> SGLang name=tta_v3628 path=outputs/online_tta/online_tta_adapters/tta_v3628
[2026-08-27 17:46:10,347][openttl.online.tta_runner][INFO] - TTA sync LoRA -> SGLang name=tta_v3629 path=outputs/online_tta/online_tta_adapters/tta_v3629
[2026-08-27 17:46:12,065][openttl.online.tta_runner][INFO] - TTA sync LoRA -> SGLang name=tta_v3630 path=outputs/online_tta/online_tta_adapters/tta_v3630
[2026-08-27 17:46:13,742][openttl.online.tta_runner][INFO] - TTA sync LoRA -> SGLang name=tta_v3631 path=outputs/online_tta/online_tta_adapters/tta_v3631
[2026-08-27 17:46:15,469][openttl.online.tta_runner][INFO] - TTA sync LoRA -> SGLang name=tta_v3632 path=outputs/online_tta/online_tta_adapters/tta_v3632
[2026-08-27 17:46:17,237][openttl.online.tta_runner][INFO] - TTA sync LoRA -> SGLang name=tta_v3633 path=outputs/online_tta/online_tta_adapters/tta_v3633
[2026-08-27 17:46:18,961][openttl.online.tta_runner][INFO] - TTA sync LoRA -> SGLang name=tta_v3634 path=outputs/online_tta/online_tta_adapters/tta_v3634
[2026-08-27 17:46:20,660][openttl.online.tta_runner][INFO] - TTA sync LoRA -> SGLang name=tta_v3635 path=outputs/online_tta/online_tta_adapters/tta_v3635
[2026-08-27 17:46:22,370][openttl.online.tta_runner][INFO] - TTA sync LoRA -> SGLang name=tta_v3636 path=outputs/online_tta/online_tta_adapters/tta_v3636
[2026-08-27 17:46:24,142][openttl.online.tta_runner][INFO] - TTA sync LoRA -> SGLang name=tta_v3637 path=outputs/online_tta/online_tta_adapters/tta_v3637
[2026-08-27 17:46:25,863][openttl.online.tta_runner][INFO] - TTA sync LoRA -> SGLang name=tta_v3638 path=outputs/online_tta/online_tta_adapters/tta_v3638
[2026-08-27 17:46:27,577][openttl.online.tta_runner][INFO] - TTA sync LoRA -> SGLang name=tta_v3639 path=outputs/online_tta/online_tta_adapters/tta_v3639
[2026-08-27 17:46:29,292][openttl.online.tta_runner][INFO] - TTA sync LoRA -> SGLang name=tta_v3640 path=outputs/online_tta/online_tta_adapters/tta_v3640
[3640/4329] acc=0.3997 pred=D gold=B loss=1.2615545301741804e-06 (1.7s/sample)
[2026-08-27 17:46:31,000][openttl.online.tta_runner][INFO] - TTA sync LoRA -> SGLang name=tta_v3641 path=outputs/online_tta/online_tta_adapters/tta_v3641
[2026-08-27 17:46:32,752][openttl.online.tta_runner][INFO] - TTA sync LoRA -> SGLang name=tta_v3642 path=outputs/online_tta/online_tta_adapters/tta_v3642
[2026-08-27 17:46:34,442][openttl.online.tta_runner][INFO] - TTA sync LoRA -> SGLang name=tta_v3643 path=outputs/online_tta/online_tta_adapters/tta_v3643
[2026-08-27 17:46:36,134][openttl.online.tta_runner][INFO] - TTA sync LoRA -> SGLang name=tta_v3644 path=outputs/online_tta/online_tta_adapters/tta_v3644
[2026-08-27 17:46:37,860][openttl.online.tta_runner][INFO] - TTA sync LoRA -> SGLang name=tta_v3645 path=outputs/online_tta/online_tta_adapters/tta_v3645
[2026-08-27 17:46:39,535][openttl.online.tta_runner][INFO] - TTA sync LoRA -> SGLang name=tta_v3646 path=outputs/online_tta/online_tta_adapters/tta_v3646
[2026-08-27 17:46:41,247][openttl.online.tta_runner][INFO] - TTA sync LoRA -> SGLang name=tta_v3647 path=outputs/online_tta/online_tta_adapters/tta_v3647
[2026-08-27 17:46:42,922][openttl.online.tta_runner][INFO] - TTA sync LoRA -> SGLang name=tta_v3648 path=outputs/online_tta/online_tta_adapters/tta_v3648
[2026-08-27 17:46:44,577][openttl.online.tta_runner][INFO] - TTA sync LoRA -> SGLang name=tta_v3649 path=outputs/online_tta/online_tta_adapters/tta_v3649
[2026-08-27 17:46:46,147][openttl.online.tta_runner][INFO] - TTA sync LoRA -> SGLang name=tta_v3650 path=outputs/online_tta/online_tta_adapters/tta_v3650
[2026-08-27 17:46:47,827][openttl.online.tta_runner][INFO] - TTA sync LoRA -> SGLang name=tta_v3651 path=outputs/online_tta/online_tta_adapters/tta_v3651
[2026-08-27 17:46:49,578][openttl.online.tta_runner][INFO] - TTA sync LoRA -> SGLang name=tta_v3652 path=outputs/online_tta/online_tta_adapters/tta_v3652
[2026-08-27 17:46:51,284][openttl.online.tta_runner][INFO] - TTA sync LoRA -> SGLang name=tta_v3653 path=outputs/online_tta/online_tta_adapters/tta_v3653
[2026-08-27 17:46:53,033][openttl.online.tta_runner][INFO] - TTA sync LoRA -> SGLang name=tta_v3654 path=outputs/online_tta/online_tta_adapters/tta_v3654
[2026-08-27 17:46:54,693][openttl.online.tta_runner][INFO] - TTA sync LoRA -> SGLang name=tta_v3655 path=outputs/online_tta/online_tta_adapters/tta_v3655
[2026-08-27 17:46:56,435][openttl.online.tta_runner][INFO] - TTA sync LoRA -> SGLang name=tta_v3656 path=outputs/online_tta/online_tta_adapters/tta_v3656
[2026-08-27 17:46:58,011][openttl.online.tta_runner][INFO] - TTA sync LoRA -> SGLang name=tta_v3657 path=outputs/online_tta/online_tta_adapters/tta_v3657
[2026-08-27 17:46:59,655][openttl.online.tta_runner][INFO] - TTA sync LoRA -> SGLang name=tta_v3658 path=outputs/online_tta/online_tta_adapters/tta_v3658
[2026-08-27 17:47:01,390][openttl.online.tta_runner][INFO] - TTA sync LoRA -> SGLang name=tta_v3659 path=outputs/online_tta/online_tta_adapters/tta_v3659
[2026-08-27 17:47:03,138][openttl.online.tta_runner][INFO] - TTA sync LoRA -> SGLang name=tta_v3660 path=outputs/online_tta/online_tta_adapters/tta_v3660
[3660/4329] acc=0.3995 pred=D gold=C loss=1.256794575965614e-06 (1.7s/sample)
[2026-08-27 17:47:04,879][openttl.online.tta_runner][INFO] - TTA sync LoRA -> SGLang name=tta_v3661 path=outputs/online_tta/online_tta_adapters/tta_v3661
[2026-08-27 17:47:06,518][openttl.online.tta_runner][INFO] - TTA sync LoRA -> SGLang name=tta_v3662 path=outputs/online_tta/online_tta_adapters/tta_v3662
[2026-08-27 17:47:08,182][openttl.online.tta_runner][INFO] - TTA sync LoRA -> SGLang name=tta_v3663 path=outputs/online_tta/online_tta_adapters/tta_v3663
[2026-08-27 17:47:09,852][openttl.online.tta_runner][INFO] - TTA sync LoRA -> SGLang name=tta_v3664 path=outputs/online_tta/online_tta_adapters/tta_v3664
[2026-08-27 17:47:11,487][openttl.online.tta_runner][INFO] - TTA sync LoRA -> SGLang name=tta_v3665 path=outputs/online_tta/online_tta_adapters/tta_v3665
[2026-08-27 17:47:13,171][openttl.online.tta_runner][INFO] - TTA sync LoRA -> SGLang name=tta_v3666 path=outputs/online_tta/online_tta_adapters/tta_v3666
[2026-08-27 17:47:14,813][openttl.online.tta_runner][INFO] - TTA sync LoRA -> SGLang name=tta_v3667 path=outputs/online_tta/online_tta_adapters/tta_v3667
[2026-08-27 17:47:16,507][openttl.online.tta_runner][INFO] - TTA sync LoRA -> SGLang name=tta_v3668 path=outputs/online_tta/online_tta_adapters/tta_v3668
[2026-08-27 17:47:18,265][openttl.online.tta_runner][INFO] - TTA sync LoRA -> SGLang name=tta_v3669 path=outputs/online_tta/online_tta_adapters/tta_v3669
[2026-08-27 17:47:19,934][openttl.online.tta_runner][INFO] - TTA sync LoRA -> SGLang name=tta_v3670 path=outputs/online_tta/online_tta_adapters/tta_v3670
[2026-08-27 17:47:21,588][openttl.online.tta_runner][INFO] - TTA sync LoRA -> SGLang name=tta_v3671 path=outputs/online_tta/online_tta_adapters/tta_v3671
[2026-08-27 17:47:23,254][openttl.online.tta_runner][INFO] - TTA sync LoRA -> SGLang name=tta_v3672 path=outputs/online_tta/online_tta_adapters/tta_v3672
[2026-08-27 17:47:25,098][openttl.online.tta_runner][INFO] - TTA sync LoRA -> SGLang name=tta_v3673 path=outputs/online_tta/online_tta_adapters/tta_v3673
[2026-08-27 17:47:26,629][openttl.online.tta_runner][INFO] - TTA sync LoRA -> SGLang name=tta_v3674 path=outputs/online_tta/online_tta_adapters/tta_v3674
[2026-08-27 17:47:28,263][openttl.online.tta_runner][INFO] - TTA sync LoRA -> SGLang name=tta_v3675 path=outputs/online_tta/online_tta_adapters/tta_v3675
[2026-08-27 17:47:30,106][openttl.online.tta_runner][INFO] - TTA sync LoRA -> SGLang name=tta_v3676 path=outputs/online_tta/online_tta_adapters/tta_v3676
[2026-08-27 17:47:31,798][openttl.online.tta_runner][INFO] - TTA sync LoRA -> SGLang name=tta_v3677 path=outputs/online_tta/online_tta_adapters/tta_v3677
[2026-08-27 17:47:33,471][openttl.online.tta_runner][INFO] - TTA sync LoRA -> SGLang name=tta_v3678 path=outputs/online_tta/online_tta_adapters/tta_v3678
[2026-08-27 17:47:35,063][openttl.online.tta_runner][INFO] - TTA sync LoRA -> SGLang name=tta_v3679 path=outputs/online_tta/online_tta_adapters/tta_v3679
[2026-08-27 17:47:36,688][openttl.online.tta_runner][INFO] - TTA sync LoRA -> SGLang name=tta_v3680 path=outputs/online_tta/online_tta_adapters/tta_v3680
[3680/4329] acc=0.3992 pred=D gold=A loss=2.159541281798738e-06 (1.7s/sample)
[2026-08-27 17:47:38,386][openttl.online.tta_runner][INFO] - TTA sync LoRA -> SGLang name=tta_v3681 path=outputs/online_tta/online_tta_adapters/tta_v3681
[2026-08-27 17:47:40,082][openttl.online.tta_runner][INFO] - TTA sync LoRA -> SGLang name=tta_v3682 path=outputs/online_tta/online_tta_adapters/tta_v3682
[2026-08-27 17:47:41,752][openttl.online.tta_runner][INFO] - TTA sync LoRA -> SGLang name=tta_v3683 path=outputs/online_tta/online_tta_adapters/tta_v3683
[2026-08-27 17:47:43,437][openttl.online.tta_runner][INFO] - TTA sync LoRA -> SGLang name=tta_v3684 path=outputs/online_tta/online_tta_adapters/tta_v3684
[2026-08-27 17:47:45,125][openttl.online.tta_runner][INFO] - TTA sync LoRA -> SGLang name=tta_v3685 path=outputs/online_tta/online_tta_adapters/tta_v3685
[2026-08-27 17:47:46,813][openttl.online.tta_runner][INFO] - TTA sync LoRA -> SGLang name=tta_v3686 path=outputs/online_tta/online_tta_adapters/tta_v3686
[2026-08-27 17:47:48,475][openttl.online.tta_runner][INFO] - TTA sync LoRA -> SGLang name=tta_v3687 path=outputs/online_tta/online_tta_adapters/tta_v3687
[2026-08-27 17:47:50,065][openttl.online.tta_runner][INFO] - TTA sync LoRA -> SGLang name=tta_v3688 path=outputs/online_tta/online_tta_adapters/tta_v3688
[2026-08-27 17:47:51,798][openttl.online.tta_runner][INFO] - TTA sync LoRA -> SGLang name=tta_v3689 path=outputs/online_tta/online_tta_adapters/tta_v3689
[2026-08-27 17:47:53,377][openttl.online.tta_runner][INFO] - TTA sync LoRA -> SGLang name=tta_v3690 path=outputs/online_tta/online_tta_adapters/tta_v3690
[2026-08-27 17:47:54,967][openttl.online.tta_runner][INFO] - TTA sync LoRA -> SGLang name=tta_v3691 path=outputs/online_tta/online_tta_adapters/tta_v3691
[2026-08-27 17:47:56,534][openttl.online.tta_runner][INFO] - TTA sync LoRA -> SGLang name=tta_v3692 path=outputs/online_tta/online_tta_adapters/tta_v3692
[2026-08-27 17:47:58,078][openttl.online.tta_runner][INFO] - TTA sync LoRA -> SGLang name=tta_v3693 path=outputs/online_tta/online_tta_adapters/tta_v3693
[2026-08-27 17:47:59,643][openttl.online.tta_runner][INFO] - TTA sync LoRA -> SGLang name=tta_v3694 path=outputs/online_tta/online_tta_adapters/tta_v3694
[2026-08-27 17:48:01,314][openttl.online.tta_runner][INFO] - TTA sync LoRA -> SGLang name=tta_v3695 path=outputs/online_tta/online_tta_adapters/tta_v3695
[2026-08-27 17:48:02,994][openttl.online.tta_runner][INFO] - TTA sync LoRA -> SGLang name=tta_v3696 path=outputs/online_tta/online_tta_adapters/tta_v3696
[2026-08-27 17:48:04,699][openttl.online.tta_runner][INFO] - TTA sync LoRA -> SGLang name=tta_v3697 path=outputs/online_tta/online_tta_adapters/tta_v3697
[2026-08-27 17:48:06,396][openttl.online.tta_runner][INFO] - TTA sync LoRA -> SGLang name=tta_v3698 path=outputs/online_tta/online_tta_adapters/tta_v3698
[2026-08-27 17:48:08,057][openttl.online.tta_runner][INFO] - TTA sync LoRA -> SGLang name=tta_v3699 path=outputs/online_tta/online_tta_adapters/tta_v3699
[2026-08-27 17:48:09,729][openttl.online.tta_runner][INFO] - TTA sync LoRA -> SGLang name=tta_v3700 path=outputs/online_tta/online_tta_adapters/tta_v3700
[3700/4329] acc=0.3973 pred=D gold=B loss=1.124726054513303e-06 (1.7s/sample)
[2026-08-27 17:48:11,439][openttl.online.tta_runner][INFO] - TTA sync LoRA -> SGLang name=tta_v3701 path=outputs/online_tta/online_tta_adapters/tta_v3701
[2026-08-27 17:48:13,148][openttl.online.tta_runner][INFO] - TTA sync LoRA -> SGLang name=tta_v3702 path=outputs/online_tta/online_tta_adapters/tta_v3702
[2026-08-27 17:48:14,886][openttl.online.tta_runner][INFO] - TTA sync LoRA -> SGLang name=tta_v3703 path=outputs/online_tta/online_tta_adapters/tta_v3703
[2026-08-27 17:48:16,559][openttl.online.tta_runner][INFO] - TTA sync LoRA -> SGLang name=tta_v3704 path=outputs/online_tta/online_tta_adapters/tta_v3704
[2026-08-27 17:48:18,256][openttl.online.tta_runner][INFO] - TTA sync LoRA -> SGLang name=tta_v3705 path=outputs/online_tta/online_tta_adapters/tta_v3705
[2026-08-27 17:48:19,925][openttl.online.tta_runner][INFO] - TTA sync LoRA -> SGLang name=tta_v3706 path=outputs/online_tta/online_tta_adapters/tta_v3706
[2026-08-27 17:48:21,588][openttl.online.tta_runner][INFO] - TTA sync LoRA -> SGLang name=tta_v3707 path=outputs/online_tta/online_tta_adapters/tta_v3707
[2026-08-27 17:48:23,283][openttl.online.tta_runner][INFO] - TTA sync LoRA -> SGLang name=tta_v3708 path=outputs/online_tta/online_tta_adapters/tta_v3708
[2026-08-27 17:48:25,019][openttl.online.tta_runner][INFO] - TTA sync LoRA -> SGLang name=tta_v3709 path=outputs/online_tta/online_tta_adapters/tta_v3709
[2026-08-27 17:48:26,725][openttl.online.tta_runner][INFO] - TTA sync LoRA -> SGLang name=tta_v3710 path=outputs/online_tta/online_tta_adapters/tta_v3710
[2026-08-27 17:48:28,375][openttl.online.tta_runner][INFO] - TTA sync LoRA -> SGLang name=tta_v3711 path=outputs/online_tta/online_tta_adapters/tta_v3711
[2026-08-27 17:48:30,060][openttl.online.tta_runner][INFO] - TTA sync LoRA -> SGLang name=tta_v3712 path=outputs/online_tta/online_tta_adapters/tta_v3712
[2026-08-27 17:48:31,767][openttl.online.tta_runner][INFO] - TTA sync LoRA -> SGLang name=tta_v3713 path=outputs/online_tta/online_tta_adapters/tta_v3713
[2026-08-27 17:48:33,491][openttl.online.tta_runner][INFO] - TTA sync LoRA -> SGLang name=tta_v3714 path=outputs/online_tta/online_tta_adapters/tta_v3714
[2026-08-27 17:48:35,257][openttl.online.tta_runner][INFO] - TTA sync LoRA -> SGLang name=tta_v3715 path=outputs/online_tta/online_tta_adapters/tta_v3715
[2026-08-27 17:48:37,137][openttl.online.tta_runner][INFO] - TTA sync LoRA -> SGLang name=tta_v3716 path=outputs/online_tta/online_tta_adapters/tta_v3716
[2026-08-27 17:48:38,874][openttl.online.tta_runner][INFO] - TTA sync LoRA -> SGLang name=tta_v3717 path=outputs/online_tta/online_tta_adapters/tta_v3717
[2026-08-27 17:48:40,637][openttl.online.tta_runner][INFO] - TTA sync LoRA -> SGLang name=tta_v3718 path=outputs/online_tta/online_tta_adapters/tta_v3718
[2026-08-27 17:48:42,301][openttl.online.tta_runner][INFO] - TTA sync LoRA -> SGLang name=tta_v3719 path=outputs/online_tta/online_tta_adapters/tta_v3719
[2026-08-27 17:48:43,965][openttl.online.tta_runner][INFO] - TTA sync LoRA -> SGLang name=tta_v3720 path=outputs/online_tta/online_tta_adapters/tta_v3720
[3720/4329] acc=0.3965 pred=D gold=B loss=3.066227236558916e-06 (1.7s/sample)
[2026-08-27 17:48:45,642][openttl.online.tta_runner][INFO] - TTA sync LoRA -> SGLang name=tta_v3721 path=outputs/online_tta/online_tta_adapters/tta_v3721
[2026-08-27 17:48:47,393][openttl.online.tta_runner][INFO] - TTA sync LoRA -> SGLang name=tta_v3722 path=outputs/online_tta/online_tta_adapters/tta_v3722
[2026-08-27 17:48:49,183][openttl.online.tta_runner][INFO] - TTA sync LoRA -> SGLang name=tta_v3723 path=outputs/online_tta/online_tta_adapters/tta_v3723
[2026-08-27 17:48:50,954][openttl.online.tta_runner][INFO] - TTA sync LoRA -> SGLang name=tta_v3724 path=outputs/online_tta/online_tta_adapters/tta_v3724
[2026-08-27 17:48:52,624][openttl.online.tta_runner][INFO] - TTA sync LoRA -> SGLang name=tta_v3725 path=outputs/online_tta/online_tta_adapters/tta_v3725
[2026-08-27 17:48:54,176][openttl.online.tta_runner][INFO] - TTA sync LoRA -> SGLang name=tta_v3726 path=outputs/online_tta/online_tta_adapters/tta_v3726
[2026-08-27 17:48:55,853][openttl.online.tta_runner][INFO] - TTA sync LoRA -> SGLang name=tta_v3727 path=outputs/online_tta/online_tta_adapters/tta_v3727
[2026-08-27 17:48:57,527][openttl.online.tta_runner][INFO] - TTA sync LoRA -> SGLang name=tta_v3728 path=outputs/online_tta/online_tta_adapters/tta_v3728
[2026-08-27 17:48:59,200][openttl.online.tta_runner][INFO] - TTA sync LoRA -> SGLang name=tta_v3729 path=outputs/online_tta/online_tta_adapters/tta_v3729
[2026-08-27 17:49:00,966][openttl.online.tta_runner][INFO] - TTA sync LoRA -> SGLang name=tta_v3730 path=outputs/online_tta/online_tta_adapters/tta_v3730
[2026-08-27 17:49:02,660][openttl.online.tta_runner][INFO] - TTA sync LoRA -> SGLang name=tta_v3731 path=outputs/online_tta/online_tta_adapters/tta_v3731
[2026-08-27 17:49:04,345][openttl.online.tta_runner][INFO] - TTA sync LoRA -> SGLang name=tta_v3732 path=outputs/online_tta/online_tta_adapters/tta_v3732
[2026-08-27 17:49:06,060][openttl.online.tta_runner][INFO] - TTA sync LoRA -> SGLang name=tta_v3733 path=outputs/online_tta/online_tta_adapters/tta_v3733
[2026-08-27 17:49:07,623][openttl.online.tta_runner][INFO] - TTA sync LoRA -> SGLang name=tta_v3734 path=outputs/online_tta/online_tta_adapters/tta_v3734
[2026-08-27 17:49:09,307][openttl.online.tta_runner][INFO] - TTA sync LoRA -> SGLang name=tta_v3735 path=outputs/online_tta/online_tta_adapters/tta_v3735
[2026-08-27 17:49:10,981][openttl.online.tta_runner][INFO] - TTA sync LoRA -> SGLang name=tta_v3736 path=outputs/online_tta/online_tta_adapters/tta_v3736
[2026-08-27 17:49:12,742][openttl.online.tta_runner][INFO] - TTA sync LoRA -> SGLang name=tta_v3737 path=outputs/online_tta/online_tta_adapters/tta_v3737
[2026-08-27 17:49:14,429][openttl.online.tta_runner][INFO] - TTA sync LoRA -> SGLang name=tta_v3738 path=outputs/online_tta/online_tta_adapters/tta_v3738
[2026-08-27 17:49:16,106][openttl.online.tta_runner][INFO] - TTA sync LoRA -> SGLang name=tta_v3739 path=outputs/online_tta/online_tta_adapters/tta_v3739
[2026-08-27 17:49:17,776][openttl.online.tta_runner][INFO] - TTA sync LoRA -> SGLang name=tta_v3740 path=outputs/online_tta/online_tta_adapters/tta_v3740
[3740/4329] acc=0.3957 pred=D gold=C loss=1.535840397082211e-06 (1.7s/sample)
[2026-08-27 17:49:19,468][openttl.online.tta_runner][INFO] - TTA sync LoRA -> SGLang name=tta_v3741 path=outputs/online_tta/online_tta_adapters/tta_v3741
[2026-08-27 17:49:21,153][openttl.online.tta_runner][INFO] - TTA sync LoRA -> SGLang name=tta_v3742 path=outputs/online_tta/online_tta_adapters/tta_v3742
[2026-08-27 17:49:22,692][openttl.online.tta_runner][INFO] - TTA sync LoRA -> SGLang name=tta_v3743 path=outputs/online_tta/online_tta_adapters/tta_v3743
[2026-08-27 17:49:24,437][openttl.online.tta_runner][INFO] - TTA sync LoRA -> SGLang name=tta_v3744 path=outputs/online_tta/online_tta_adapters/tta_v3744
[2026-08-27 17:49:26,122][openttl.online.tta_runner][INFO] - TTA sync LoRA -> SGLang name=tta_v3745 path=outputs/online_tta/online_tta_adapters/tta_v3745
[2026-08-27 17:49:27,806][openttl.online.tta_runner][INFO] - TTA sync LoRA -> SGLang name=tta_v3746 path=outputs/online_tta/online_tta_adapters/tta_v3746
[2026-08-27 17:49:29,446][openttl.online.tta_runner][INFO] - TTA sync LoRA -> SGLang name=tta_v3747 path=outputs/online_tta/online_tta_adapters/tta_v3747
[2026-08-27 17:49:31,085][openttl.online.tta_runner][INFO] - TTA sync LoRA -> SGLang name=tta_v3748 path=outputs/online_tta/online_tta_adapters/tta_v3748
[2026-08-27 17:49:33,056][openttl.online.tta_runner][INFO] - TTA sync LoRA -> SGLang name=tta_v3749 path=outputs/online_tta/online_tta_adapters/tta_v3749
[2026-08-27 17:49:35,035][openttl.online.tta_runner][INFO] - TTA sync LoRA -> SGLang name=tta_v3750 path=outputs/online_tta/online_tta_adapters/tta_v3750
[2026-08-27 17:49:37,023][openttl.online.tta_runner][INFO] - TTA sync LoRA -> SGLang name=tta_v3751 path=outputs/online_tta/online_tta_adapters/tta_v3751
[2026-08-27 17:49:39,021][openttl.online.tta_runner][INFO] - TTA sync LoRA -> SGLang name=tta_v3752 path=outputs/online_tta/online_tta_adapters/tta_v3752
[2026-08-27 17:49:40,825][openttl.online.tta_runner][INFO] - TTA sync LoRA -> SGLang name=tta_v3753 path=outputs/online_tta/online_tta_adapters/tta_v3753
[2026-08-27 17:49:42,651][openttl.online.tta_runner][INFO] - TTA sync LoRA -> SGLang name=tta_v3754 path=outputs/online_tta/online_tta_adapters/tta_v3754
[2026-08-27 17:49:44,464][openttl.online.tta_runner][INFO] - TTA sync LoRA -> SGLang name=tta_v3755 path=outputs/online_tta/online_tta_adapters/tta_v3755
[2026-08-27 17:49:46,257][openttl.online.tta_runner][INFO] - TTA sync LoRA -> SGLang name=tta_v3756 path=outputs/online_tta/online_tta_adapters/tta_v3756
[2026-08-27 17:49:48,045][openttl.online.tta_runner][INFO] - TTA sync LoRA -> SGLang name=tta_v3757 path=outputs/online_tta/online_tta_adapters/tta_v3757
[2026-08-27 17:49:49,852][openttl.online.tta_runner][INFO] - TTA sync LoRA -> SGLang name=tta_v3758 path=outputs/online_tta/online_tta_adapters/tta_v3758
[2026-08-27 17:49:51,658][openttl.online.tta_runner][INFO] - TTA sync LoRA -> SGLang name=tta_v3759 path=outputs/online_tta/online_tta_adapters/tta_v3759
[2026-08-27 17:49:53,516][openttl.online.tta_runner][INFO] - TTA sync LoRA -> SGLang name=tta_v3760 path=outputs/online_tta/online_tta_adapters/tta_v3760
[3760/4329] acc=0.3955 pred=D gold=D loss=1.494658022238582e-06 (1.7s/sample)
[2026-08-27 17:49:55,317][openttl.online.tta_runner][INFO] - TTA sync LoRA -> SGLang name=tta_v3761 path=outputs/online_tta/online_tta_adapters/tta_v3761
[2026-08-27 17:49:57,252][openttl.online.tta_runner][INFO] - TTA sync LoRA -> SGLang name=tta_v3762 path=outputs/online_tta/online_tta_adapters/tta_v3762
[2026-08-27 17:49:59,236][openttl.online.tta_runner][INFO] - TTA sync LoRA -> SGLang name=tta_v3763 path=outputs/online_tta/online_tta_adapters/tta_v3763
[2026-08-27 17:50:01,280][openttl.online.tta_runner][INFO] - TTA sync LoRA -> SGLang name=tta_v3764 path=outputs/online_tta/online_tta_adapters/tta_v3764
[2026-08-27 17:50:03,213][openttl.online.tta_runner][INFO] - TTA sync LoRA -> SGLang name=tta_v3765 path=outputs/online_tta/online_tta_adapters/tta_v3765
[2026-08-27 17:50:05,220][openttl.online.tta_runner][INFO] - TTA sync LoRA -> SGLang name=tta_v3766 path=outputs/online_tta/online_tta_adapters/tta_v3766
[2026-08-27 17:50:07,300][openttl.online.tta_runner][INFO] - TTA sync LoRA -> SGLang name=tta_v3767 path=outputs/online_tta/online_tta_adapters/tta_v3767
[2026-08-27 17:50:09,218][openttl.online.tta_runner][INFO] - TTA sync LoRA -> SGLang name=tta_v3768 path=outputs/online_tta/online_tta_adapters/tta_v3768
[2026-08-27 17:50:11,208][openttl.online.tta_runner][INFO] - TTA sync LoRA -> SGLang name=tta_v3769 path=outputs/online_tta/online_tta_adapters/tta_v3769
[2026-08-27 17:50:13,208][openttl.online.tta_runner][INFO] - TTA sync LoRA -> SGLang name=tta_v3770 path=outputs/online_tta/online_tta_adapters/tta_v3770
[2026-08-27 17:50:15,152][openttl.online.tta_runner][INFO] - TTA sync LoRA -> SGLang name=tta_v3771 path=outputs/online_tta/online_tta_adapters/tta_v3771
[2026-08-27 17:50:17,133][openttl.online.tta_runner][INFO] - TTA sync LoRA -> SGLang name=tta_v3772 path=outputs/online_tta/online_tta_adapters/tta_v3772
[2026-08-27 17:50:19,105][openttl.online.tta_runner][INFO] - TTA sync LoRA -> SGLang name=tta_v3773 path=outputs/online_tta/online_tta_adapters/tta_v3773
[2026-08-27 17:50:21,021][openttl.online.tta_runner][INFO] - TTA sync LoRA -> SGLang name=tta_v3774 path=outputs/online_tta/online_tta_adapters/tta_v3774
[2026-08-27 17:50:22,921][openttl.online.tta_runner][INFO] - TTA sync LoRA -> SGLang name=tta_v3775 path=outputs/online_tta/online_tta_adapters/tta_v3775
[2026-08-27 17:50:24,854][openttl.online.tta_runner][INFO] - TTA sync LoRA -> SGLang name=tta_v3776 path=outputs/online_tta/online_tta_adapters/tta_v3776
[2026-08-27 17:50:26,696][openttl.online.tta_runner][INFO] - TTA sync LoRA -> SGLang name=tta_v3777 path=outputs/online_tta/online_tta_adapters/tta_v3777
[2026-08-27 17:50:28,562][openttl.online.tta_runner][INFO] - TTA sync LoRA -> SGLang name=tta_v3778 path=outputs/online_tta/online_tta_adapters/tta_v3778
[2026-08-27 17:50:30,422][openttl.online.tta_runner][INFO] - TTA sync LoRA -> SGLang name=tta_v3779 path=outputs/online_tta/online_tta_adapters/tta_v3779
[2026-08-27 17:50:32,269][openttl.online.tta_runner][INFO] - TTA sync LoRA -> SGLang name=tta_v3780 path=outputs/online_tta/online_tta_adapters/tta_v3780
[3780/4329] acc=0.3955 pred=D gold=A loss=1.421004753865418e-06 (1.7s/sample)
[2026-08-27 17:50:34,245][openttl.online.tta_runner][INFO] - TTA sync LoRA -> SGLang name=tta_v3781 path=outputs/online_tta/online_tta_adapters/tta_v3781
[2026-08-27 17:50:36,165][openttl.online.tta_runner][INFO] - TTA sync LoRA -> SGLang name=tta_v3782 path=outputs/online_tta/online_tta_adapters/tta_v3782
[2026-08-27 17:50:38,151][openttl.online.tta_runner][INFO] - TTA sync LoRA -> SGLang name=tta_v3783 path=outputs/online_tta/online_tta_adapters/tta_v3783
[2026-08-27 17:50:40,142][openttl.online.tta_runner][INFO] - TTA sync LoRA -> SGLang name=tta_v3784 path=outputs/online_tta/online_tta_adapters/tta_v3784
[2026-08-27 17:50:42,015][openttl.online.tta_runner][INFO] - TTA sync LoRA -> SGLang name=tta_v3785 path=outputs/online_tta/online_tta_adapters/tta_v3785
[2026-08-27 17:50:43,951][openttl.online.tta_runner][INFO] - TTA sync LoRA -> SGLang name=tta_v3786 path=outputs/online_tta/online_tta_adapters/tta_v3786
[2026-08-27 17:50:45,906][openttl.online.tta_runner][INFO] - TTA sync LoRA -> SGLang name=tta_v3787 path=outputs/online_tta/online_tta_adapters/tta_v3787
[2026-08-27 17:50:47,745][openttl.online.tta_runner][INFO] - TTA sync LoRA -> SGLang name=tta_v3788 path=outputs/online_tta/online_tta_adapters/tta_v3788
[2026-08-27 17:50:49,615][openttl.online.tta_runner][INFO] - TTA sync LoRA -> SGLang name=tta_v3789 path=outputs/online_tta/online_tta_adapters/tta_v3789
[2026-08-27 17:50:51,469][openttl.online.tta_runner][INFO] - TTA sync LoRA -> SGLang name=tta_v3790 path=outputs/online_tta/online_tta_adapters/tta_v3790
[2026-08-27 17:50:53,326][openttl.online.tta_runner][INFO] - TTA sync LoRA -> SGLang name=tta_v3791 path=outputs/online_tta/online_tta_adapters/tta_v3791
[2026-08-27 17:50:55,225][openttl.online.tta_runner][INFO] - TTA sync LoRA -> SGLang name=tta_v3792 path=outputs/online_tta/online_tta_adapters/tta_v3792
[2026-08-27 17:50:57,076][openttl.online.tta_runner][INFO] - TTA sync LoRA -> SGLang name=tta_v3793 path=outputs/online_tta/online_tta_adapters/tta_v3793
[2026-08-27 17:50:58,940][openttl.online.tta_runner][INFO] - TTA sync LoRA -> SGLang name=tta_v3794 path=outputs/online_tta/online_tta_adapters/tta_v3794
[2026-08-27 17:51:00,808][openttl.online.tta_runner][INFO] - TTA sync LoRA -> SGLang name=tta_v3795 path=outputs/online_tta/online_tta_adapters/tta_v3795
[2026-08-27 17:51:02,666][openttl.online.tta_runner][INFO] - TTA sync LoRA -> SGLang name=tta_v3796 path=outputs/online_tta/online_tta_adapters/tta_v3796
[2026-08-27 17:51:04,543][openttl.online.tta_runner][INFO] - TTA sync LoRA -> SGLang name=tta_v3797 path=outputs/online_tta/online_tta_adapters/tta_v3797
[2026-08-27 17:51:06,409][openttl.online.tta_runner][INFO] - TTA sync LoRA -> SGLang name=tta_v3798 path=outputs/online_tta/online_tta_adapters/tta_v3798
[2026-08-27 17:51:08,288][openttl.online.tta_runner][INFO] - TTA sync LoRA -> SGLang name=tta_v3799 path=outputs/online_tta/online_tta_adapters/tta_v3799
[2026-08-27 17:51:10,189][openttl.online.tta_runner][INFO] - TTA sync LoRA -> SGLang name=tta_v3800 path=outputs/online_tta/online_tta_adapters/tta_v3800
[3800/4329] acc=0.3953 pred=D gold=D loss=2.1687660591851454e-06 (1.7s/sample)
[2026-08-27 17:51:12,058][openttl.online.tta_runner][INFO] - TTA sync LoRA -> SGLang name=tta_v3801 path=outputs/online_tta/online_tta_adapters/tta_v3801
[2026-08-27 17:51:13,962][openttl.online.tta_runner][INFO] - TTA sync LoRA -> SGLang name=tta_v3802 path=outputs/online_tta/online_tta_adapters/tta_v3802
[2026-08-27 17:51:15,698][openttl.online.tta_runner][INFO] - TTA sync LoRA -> SGLang name=tta_v3803 path=outputs/online_tta/online_tta_adapters/tta_v3803
[2026-08-27 17:51:17,391][openttl.online.tta_runner][INFO] - TTA sync LoRA -> SGLang name=tta_v3804 path=outputs/online_tta/online_tta_adapters/tta_v3804
[2026-08-27 17:51:19,266][openttl.online.tta_runner][INFO] - TTA sync LoRA -> SGLang name=tta_v3805 path=outputs/online_tta/online_tta_adapters/tta_v3805
[2026-08-27 17:51:21,133][openttl.online.tta_runner][INFO] - TTA sync LoRA -> SGLang name=tta_v3806 path=outputs/online_tta/online_tta_adapters/tta_v3806
[2026-08-27 17:51:22,986][openttl.online.tta_runner][INFO] - TTA sync LoRA -> SGLang name=tta_v3807 path=outputs/online_tta/online_tta_adapters/tta_v3807
[2026-08-27 17:51:24,859][openttl.online.tta_runner][INFO] - TTA sync LoRA -> SGLang name=tta_v3808 path=outputs/online_tta/online_tta_adapters/tta_v3808
[2026-08-27 17:51:26,711][openttl.online.tta_runner][INFO] - TTA sync LoRA -> SGLang name=tta_v3809 path=outputs/online_tta/online_tta_adapters/tta_v3809
[2026-08-27 17:51:28,650][openttl.online.tta_runner][INFO] - TTA sync LoRA -> SGLang name=tta_v3810 path=outputs/online_tta/online_tta_adapters/tta_v3810
[2026-08-27 17:51:30,604][openttl.online.tta_runner][INFO] - TTA sync LoRA -> SGLang name=tta_v3811 path=outputs/online_tta/online_tta_adapters/tta_v3811
[2026-08-27 17:51:32,549][openttl.online.tta_runner][INFO] - TTA sync LoRA -> SGLang name=tta_v3812 path=outputs/online_tta/online_tta_adapters/tta_v3812
[2026-08-27 17:51:34,455][openttl.online.tta_runner][INFO] - TTA sync LoRA -> SGLang name=tta_v3813 path=outputs/online_tta/online_tta_adapters/tta_v3813
[2026-08-27 17:51:36,385][openttl.online.tta_runner][INFO] - TTA sync LoRA -> SGLang name=tta_v3814 path=outputs/online_tta/online_tta_adapters/tta_v3814
[2026-08-27 17:51:38,443][openttl.online.tta_runner][INFO] - TTA sync LoRA -> SGLang name=tta_v3815 path=outputs/online_tta/online_tta_adapters/tta_v3815
[2026-08-27 17:51:40,339][openttl.online.tta_runner][INFO] - TTA sync LoRA -> SGLang name=tta_v3816 path=outputs/online_tta/online_tta_adapters/tta_v3816
[2026-08-27 17:51:42,352][openttl.online.tta_runner][INFO] - TTA sync LoRA -> SGLang name=tta_v3817 path=outputs/online_tta/online_tta_adapters/tta_v3817
[2026-08-27 17:51:44,255][openttl.online.tta_runner][INFO] - TTA sync LoRA -> SGLang name=tta_v3818 path=outputs/online_tta/online_tta_adapters/tta_v3818
[2026-08-27 17:51:46,114][openttl.online.tta_runner][INFO] - TTA sync LoRA -> SGLang name=tta_v3819 path=outputs/online_tta/online_tta_adapters/tta_v3819
[2026-08-27 17:51:47,970][openttl.online.tta_runner][INFO] - TTA sync LoRA -> SGLang name=tta_v3820 path=outputs/online_tta/online_tta_adapters/tta_v3820
[3820/4329] acc=0.3955 pred=D gold=D loss=1.0926884215223254e-06 (1.7s/sample)
[2026-08-27 17:51:49,877][openttl.online.tta_runner][INFO] - TTA sync LoRA -> SGLang name=tta_v3821 path=outputs/online_tta/online_tta_adapters/tta_v3821
[2026-08-27 17:51:51,710][openttl.online.tta_runner][INFO] - TTA sync LoRA -> SGLang name=tta_v3822 path=outputs/online_tta/online_tta_adapters/tta_v3822
[2026-08-27 17:51:53,638][openttl.online.tta_runner][INFO] - TTA sync LoRA -> SGLang name=tta_v3823 path=outputs/online_tta/online_tta_adapters/tta_v3823
[2026-08-27 17:51:55,593][openttl.online.tta_runner][INFO] - TTA sync LoRA -> SGLang name=tta_v3824 path=outputs/online_tta/online_tta_adapters/tta_v3824
[2026-08-27 17:51:57,621][openttl.online.tta_runner][INFO] - TTA sync LoRA -> SGLang name=tta_v3825 path=outputs/online_tta/online_tta_adapters/tta_v3825
[2026-08-27 17:51:59,367][openttl.online.tta_runner][INFO] - TTA sync LoRA -> SGLang name=tta_v3826 path=outputs/online_tta/online_tta_adapters/tta_v3826
[2026-08-27 17:52:01,225][openttl.online.tta_runner][INFO] - TTA sync LoRA -> SGLang name=tta_v3827 path=outputs/online_tta/online_tta_adapters/tta_v3827
[2026-08-27 17:52:03,159][openttl.online.tta_runner][INFO] - TTA sync LoRA -> SGLang name=tta_v3828 path=outputs/online_tta/online_tta_adapters/tta_v3828
[2026-08-27 17:52:05,117][openttl.online.tta_runner][INFO] - TTA sync LoRA -> SGLang name=tta_v3829 path=outputs/online_tta/online_tta_adapters/tta_v3829
[2026-08-27 17:52:07,027][openttl.online.tta_runner][INFO] - TTA sync LoRA -> SGLang name=tta_v3830 path=outputs/online_tta/online_tta_adapters/tta_v3830
[2026-08-27 17:52:08,905][openttl.online.tta_runner][INFO] - TTA sync LoRA -> SGLang name=tta_v3831 path=outputs/online_tta/online_tta_adapters/tta_v3831
[2026-08-27 17:52:10,788][openttl.online.tta_runner][INFO] - TTA sync LoRA -> SGLang name=tta_v3832 path=outputs/online_tta/online_tta_adapters/tta_v3832
[2026-08-27 17:52:12,676][openttl.online.tta_runner][INFO] - TTA sync LoRA -> SGLang name=tta_v3833 path=outputs/online_tta/online_tta_adapters/tta_v3833
[2026-08-27 17:52:14,622][openttl.online.tta_runner][INFO] - TTA sync LoRA -> SGLang name=tta_v3834 path=outputs/online_tta/online_tta_adapters/tta_v3834
[2026-08-27 17:52:16,562][openttl.online.tta_runner][INFO] - TTA sync LoRA -> SGLang name=tta_v3835 path=outputs/online_tta/online_tta_adapters/tta_v3835
[2026-08-27 17:52:18,468][openttl.online.tta_runner][INFO] - TTA sync LoRA -> SGLang name=tta_v3836 path=outputs/online_tta/online_tta_adapters/tta_v3836
[2026-08-27 17:52:20,405][openttl.online.tta_runner][INFO] - TTA sync LoRA -> SGLang name=tta_v3837 path=outputs/online_tta/online_tta_adapters/tta_v3837
[2026-08-27 17:52:22,366][openttl.online.tta_runner][INFO] - TTA sync LoRA -> SGLang name=tta_v3838 path=outputs/online_tta/online_tta_adapters/tta_v3838
[2026-08-27 17:52:24,270][openttl.online.tta_runner][INFO] - TTA sync LoRA -> SGLang name=tta_v3839 path=outputs/online_tta/online_tta_adapters/tta_v3839
[2026-08-27 17:52:25,924][openttl.online.tta_runner][INFO] - TTA sync LoRA -> SGLang name=tta_v3840 path=outputs/online_tta/online_tta_adapters/tta_v3840
[3840/4329] acc=0.3948 pred=D gold=D loss=1.01807768260187e-06 (1.7s/sample)
[2026-08-27 17:52:27,623][openttl.online.tta_runner][INFO] - TTA sync LoRA -> SGLang name=tta_v3841 path=outputs/online_tta/online_tta_adapters/tta_v3841
[2026-08-27 17:52:29,309][openttl.online.tta_runner][INFO] - TTA sync LoRA -> SGLang name=tta_v3842 path=outputs/online_tta/online_tta_adapters/tta_v3842
[2026-08-27 17:52:30,971][openttl.online.tta_runner][INFO] - TTA sync LoRA -> SGLang name=tta_v3843 path=outputs/online_tta/online_tta_adapters/tta_v3843
[2026-08-27 17:52:32,657][openttl.online.tta_runner][INFO] - TTA sync LoRA -> SGLang name=tta_v3844 path=outputs/online_tta/online_tta_adapters/tta_v3844
[2026-08-27 17:52:34,332][openttl.online.tta_runner][INFO] - TTA sync LoRA -> SGLang name=tta_v3845 path=outputs/online_tta/online_tta_adapters/tta_v3845
[2026-08-27 17:52:36,063][openttl.online.tta_runner][INFO] - TTA sync LoRA -> SGLang name=tta_v3846 path=outputs/online_tta/online_tta_adapters/tta_v3846
[2026-08-27 17:52:37,706][openttl.online.tta_runner][INFO] - TTA sync LoRA -> SGLang name=tta_v3847 path=outputs/online_tta/online_tta_adapters/tta_v3847
[2026-08-27 17:52:39,411][openttl.online.tta_runner][INFO] - TTA sync LoRA -> SGLang name=tta_v3848 path=outputs/online_tta/online_tta_adapters/tta_v3848
[2026-08-27 17:52:41,091][openttl.online.tta_runner][INFO] - TTA sync LoRA -> SGLang name=tta_v3849 path=outputs/online_tta/online_tta_adapters/tta_v3849
[2026-08-27 17:52:42,715][openttl.online.tta_runner][INFO] - TTA sync LoRA -> SGLang name=tta_v3850 path=outputs/online_tta/online_tta_adapters/tta_v3850
[2026-08-27 17:52:44,407][openttl.online.tta_runner][INFO] - TTA sync LoRA -> SGLang name=tta_v3851 path=outputs/online_tta/online_tta_adapters/tta_v3851
[2026-08-27 17:52:46,059][openttl.online.tta_runner][INFO] - TTA sync LoRA -> SGLang name=tta_v3852 path=outputs/online_tta/online_tta_adapters/tta_v3852
[2026-08-27 17:52:47,739][openttl.online.tta_runner][INFO] - TTA sync LoRA -> SGLang name=tta_v3853 path=outputs/online_tta/online_tta_adapters/tta_v3853
[2026-08-27 17:52:49,432][openttl.online.tta_runner][INFO] - TTA sync LoRA -> SGLang name=tta_v3854 path=outputs/online_tta/online_tta_adapters/tta_v3854
[2026-08-27 17:52:51,089][openttl.online.tta_runner][INFO] - TTA sync LoRA -> SGLang name=tta_v3855 path=outputs/online_tta/online_tta_adapters/tta_v3855
[2026-08-27 17:52:52,760][openttl.online.tta_runner][INFO] - TTA sync LoRA -> SGLang name=tta_v3856 path=outputs/online_tta/online_tta_adapters/tta_v3856
[2026-08-27 17:52:54,286][openttl.online.tta_runner][INFO] - TTA sync LoRA -> SGLang name=tta_v3857 path=outputs/online_tta/online_tta_adapters/tta_v3857
[2026-08-27 17:52:55,832][openttl.online.tta_runner][INFO] - TTA sync LoRA -> SGLang name=tta_v3858 path=outputs/online_tta/online_tta_adapters/tta_v3858
[2026-08-27 17:52:57,527][openttl.online.tta_runner][INFO] - TTA sync LoRA -> SGLang name=tta_v3859 path=outputs/online_tta/online_tta_adapters/tta_v3859
[2026-08-27 17:52:59,203][openttl.online.tta_runner][INFO] - TTA sync LoRA -> SGLang name=tta_v3860 path=outputs/online_tta/online_tta_adapters/tta_v3860
[3860/4329] acc=0.3940 pred=D gold=D loss=1.2778835980498116e-06 (1.7s/sample)
[2026-08-27 17:53:00,910][openttl.online.tta_runner][INFO] - TTA sync LoRA -> SGLang name=tta_v3861 path=outputs/online_tta/online_tta_adapters/tta_v3861
[2026-08-27 17:53:02,552][openttl.online.tta_runner][INFO] - TTA sync LoRA -> SGLang name=tta_v3862 path=outputs/online_tta/online_tta_adapters/tta_v3862
[2026-08-27 17:53:04,274][openttl.online.tta_runner][INFO] - TTA sync LoRA -> SGLang name=tta_v3863 path=outputs/online_tta/online_tta_adapters/tta_v3863
[2026-08-27 17:53:05,947][openttl.online.tta_runner][INFO] - TTA sync LoRA -> SGLang name=tta_v3864 path=outputs/online_tta/online_tta_adapters/tta_v3864
[2026-08-27 17:53:07,600][openttl.online.tta_runner][INFO] - TTA sync LoRA -> SGLang name=tta_v3865 path=outputs/online_tta/online_tta_adapters/tta_v3865
[2026-08-27 17:53:09,289][openttl.online.tta_runner][INFO] - TTA sync LoRA -> SGLang name=tta_v3866 path=outputs/online_tta/online_tta_adapters/tta_v3866
[2026-08-27 17:53:10,993][openttl.online.tta_runner][INFO] - TTA sync LoRA -> SGLang name=tta_v3867 path=outputs/online_tta/online_tta_adapters/tta_v3867
[2026-08-27 17:53:12,683][openttl.online.tta_runner][INFO] - TTA sync LoRA -> SGLang name=tta_v3868 path=outputs/online_tta/online_tta_adapters/tta_v3868
[2026-08-27 17:53:14,351][openttl.online.tta_runner][INFO] - TTA sync LoRA -> SGLang name=tta_v3869 path=outputs/online_tta/online_tta_adapters/tta_v3869
[2026-08-27 17:53:16,010][openttl.online.tta_runner][INFO] - TTA sync LoRA -> SGLang name=tta_v3870 path=outputs/online_tta/online_tta_adapters/tta_v3870
[2026-08-27 17:53:17,743][openttl.online.tta_runner][INFO] - TTA sync LoRA -> SGLang name=tta_v3871 path=outputs/online_tta/online_tta_adapters/tta_v3871
[2026-08-27 17:53:19,434][openttl.online.tta_runner][INFO] - TTA sync LoRA -> SGLang name=tta_v3872 path=outputs/online_tta/online_tta_adapters/tta_v3872
[2026-08-27 17:53:21,096][openttl.online.tta_runner][INFO] - TTA sync LoRA -> SGLang name=tta_v3873 path=outputs/online_tta/online_tta_adapters/tta_v3873
[2026-08-27 17:53:22,766][openttl.online.tta_runner][INFO] - TTA sync LoRA -> SGLang name=tta_v3874 path=outputs/online_tta/online_tta_adapters/tta_v3874
[2026-08-27 17:53:24,461][openttl.online.tta_runner][INFO] - TTA sync LoRA -> SGLang name=tta_v3875 path=outputs/online_tta/online_tta_adapters/tta_v3875
[2026-08-27 17:53:26,105][openttl.online.tta_runner][INFO] - TTA sync LoRA -> SGLang name=tta_v3876 path=outputs/online_tta/online_tta_adapters/tta_v3876
[2026-08-27 17:53:27,811][openttl.online.tta_runner][INFO] - TTA sync LoRA -> SGLang name=tta_v3877 path=outputs/online_tta/online_tta_adapters/tta_v3877
[2026-08-27 17:53:29,546][openttl.online.tta_runner][INFO] - TTA sync LoRA -> SGLang name=tta_v3878 path=outputs/online_tta/online_tta_adapters/tta_v3878
[2026-08-27 17:53:31,246][openttl.online.tta_runner][INFO] - TTA sync LoRA -> SGLang name=tta_v3879 path=outputs/online_tta/online_tta_adapters/tta_v3879
[2026-08-27 17:53:32,932][openttl.online.tta_runner][INFO] - TTA sync LoRA -> SGLang name=tta_v3880 path=outputs/online_tta/online_tta_adapters/tta_v3880
[3880/4329] acc=0.3933 pred=D gold=D loss=1.1477883390398347e-06 (1.7s/sample)
[2026-08-27 17:53:34,632][openttl.online.tta_runner][INFO] - TTA sync LoRA -> SGLang name=tta_v3881 path=outputs/online_tta/online_tta_adapters/tta_v3881
[2026-08-27 17:53:36,267][openttl.online.tta_runner][INFO] - TTA sync LoRA -> SGLang name=tta_v3882 path=outputs/online_tta/online_tta_adapters/tta_v3882
[2026-08-27 17:53:37,894][openttl.online.tta_runner][INFO] - TTA sync LoRA -> SGLang name=tta_v3883 path=outputs/online_tta/online_tta_adapters/tta_v3883
[2026-08-27 17:53:39,581][openttl.online.tta_runner][INFO] - TTA sync LoRA -> SGLang name=tta_v3884 path=outputs/online_tta/online_tta_adapters/tta_v3884
[2026-08-27 17:53:41,248][openttl.online.tta_runner][INFO] - TTA sync LoRA -> SGLang name=tta_v3885 path=outputs/online_tta/online_tta_adapters/tta_v3885
[2026-08-27 17:53:42,907][openttl.online.tta_runner][INFO] - TTA sync LoRA -> SGLang name=tta_v3886 path=outputs/online_tta/online_tta_adapters/tta_v3886
[2026-08-27 17:53:44,588][openttl.online.tta_runner][INFO] - TTA sync LoRA -> SGLang name=tta_v3887 path=outputs/online_tta/online_tta_adapters/tta_v3887
[2026-08-27 17:53:46,175][openttl.online.tta_runner][INFO] - TTA sync LoRA -> SGLang name=tta_v3888 path=outputs/online_tta/online_tta_adapters/tta_v3888
[2026-08-27 17:53:47,852][openttl.online.tta_runner][INFO] - TTA sync LoRA -> SGLang name=tta_v3889 path=outputs/online_tta/online_tta_adapters/tta_v3889
[2026-08-27 17:53:49,533][openttl.online.tta_runner][INFO] - TTA sync LoRA -> SGLang name=tta_v3890 path=outputs/online_tta/online_tta_adapters/tta_v3890
[2026-08-27 17:53:51,231][openttl.online.tta_runner][INFO] - TTA sync LoRA -> SGLang name=tta_v3891 path=outputs/online_tta/online_tta_adapters/tta_v3891
[2026-08-27 17:53:53,015][openttl.online.tta_runner][INFO] - TTA sync LoRA -> SGLang name=tta_v3892 path=outputs/online_tta/online_tta_adapters/tta_v3892
[2026-08-27 17:53:54,752][openttl.online.tta_runner][INFO] - TTA sync LoRA -> SGLang name=tta_v3893 path=outputs/online_tta/online_tta_adapters/tta_v3893
[2026-08-27 17:53:56,495][openttl.online.tta_runner][INFO] - TTA sync LoRA -> SGLang name=tta_v3894 path=outputs/online_tta/online_tta_adapters/tta_v3894
[2026-08-27 17:53:57,971][openttl.online.tta_runner][INFO] - TTA sync LoRA -> SGLang name=tta_v3895 path=outputs/online_tta/online_tta_adapters/tta_v3895
[2026-08-27 17:53:59,687][openttl.online.tta_runner][INFO] - TTA sync LoRA -> SGLang name=tta_v3896 path=outputs/online_tta/online_tta_adapters/tta_v3896
[2026-08-27 17:54:01,452][openttl.online.tta_runner][INFO] - TTA sync LoRA -> SGLang name=tta_v3897 path=outputs/online_tta/online_tta_adapters/tta_v3897
[2026-08-27 17:54:03,131][openttl.online.tta_runner][INFO] - TTA sync LoRA -> SGLang name=tta_v3898 path=outputs/online_tta/online_tta_adapters/tta_v3898
[2026-08-27 17:54:05,069][openttl.online.tta_runner][INFO] - TTA sync LoRA -> SGLang name=tta_v3899 path=outputs/online_tta/online_tta_adapters/tta_v3899
[2026-08-27 17:54:07,018][openttl.online.tta_runner][INFO] - TTA sync LoRA -> SGLang name=tta_v3900 path=outputs/online_tta/online_tta_adapters/tta_v3900
[3900/4329] acc=0.3933 pred=D gold=B loss=7.159509323173552e-07 (1.7s/sample)
[2026-08-27 17:54:08,908][openttl.online.tta_runner][INFO] - TTA sync LoRA -> SGLang name=tta_v3901 path=outputs/online_tta/online_tta_adapters/tta_v3901
[2026-08-27 17:54:10,877][openttl.online.tta_runner][INFO] - TTA sync LoRA -> SGLang name=tta_v3902 path=outputs/online_tta/online_tta_adapters/tta_v3902
[2026-08-27 17:54:12,845][openttl.online.tta_runner][INFO] - TTA sync LoRA -> SGLang name=tta_v3903 path=outputs/online_tta/online_tta_adapters/tta_v3903
[2026-08-27 17:54:14,596][openttl.online.tta_runner][INFO] - TTA sync LoRA -> SGLang name=tta_v3904 path=outputs/online_tta/online_tta_adapters/tta_v3904
[2026-08-27 17:54:16,466][openttl.online.tta_runner][INFO] - TTA sync LoRA -> SGLang name=tta_v3905 path=outputs/online_tta/online_tta_adapters/tta_v3905
[2026-08-27 17:54:18,334][openttl.online.tta_runner][INFO] - TTA sync LoRA -> SGLang name=tta_v3906 path=outputs/online_tta/online_tta_adapters/tta_v3906
[2026-08-27 17:54:20,310][openttl.online.tta_runner][INFO] - TTA sync LoRA -> SGLang name=tta_v3907 path=outputs/online_tta/online_tta_adapters/tta_v3907
[2026-08-27 17:54:22,287][openttl.online.tta_runner][INFO] - TTA sync LoRA -> SGLang name=tta_v3908 path=outputs/online_tta/online_tta_adapters/tta_v3908
[2026-08-27 17:54:24,204][openttl.online.tta_runner][INFO] - TTA sync LoRA -> SGLang name=tta_v3909 path=outputs/online_tta/online_tta_adapters/tta_v3909
[2026-08-27 17:54:26,232][openttl.online.tta_runner][INFO] - TTA sync LoRA -> SGLang name=tta_v3910 path=outputs/online_tta/online_tta_adapters/tta_v3910
[2026-08-27 17:54:28,140][openttl.online.tta_runner][INFO] - TTA sync LoRA -> SGLang name=tta_v3911 path=outputs/online_tta/online_tta_adapters/tta_v3911
[2026-08-27 17:54:30,156][openttl.online.tta_runner][INFO] - TTA sync LoRA -> SGLang name=tta_v3912 path=outputs/online_tta/online_tta_adapters/tta_v3912
[2026-08-27 17:54:32,181][openttl.online.tta_runner][INFO] - TTA sync LoRA -> SGLang name=tta_v3913 path=outputs/online_tta/online_tta_adapters/tta_v3913
[2026-08-27 17:54:34,160][openttl.online.tta_runner][INFO] - TTA sync LoRA -> SGLang name=tta_v3914 path=outputs/online_tta/online_tta_adapters/tta_v3914
[2026-08-27 17:54:36,188][openttl.online.tta_runner][INFO] - TTA sync LoRA -> SGLang name=tta_v3915 path=outputs/online_tta/online_tta_adapters/tta_v3915
[2026-08-27 17:54:38,141][openttl.online.tta_runner][INFO] - TTA sync LoRA -> SGLang name=tta_v3916 path=outputs/online_tta/online_tta_adapters/tta_v3916
[2026-08-27 17:54:40,181][openttl.online.tta_runner][INFO] - TTA sync LoRA -> SGLang name=tta_v3917 path=outputs/online_tta/online_tta_adapters/tta_v3917
[2026-08-27 17:54:41,972][openttl.online.tta_runner][INFO] - TTA sync LoRA -> SGLang name=tta_v3918 path=outputs/online_tta/online_tta_adapters/tta_v3918
[2026-08-27 17:54:43,802][openttl.online.tta_runner][INFO] - TTA sync LoRA -> SGLang name=tta_v3919 path=outputs/online_tta/online_tta_adapters/tta_v3919
[2026-08-27 17:54:45,601][openttl.online.tta_runner][INFO] - TTA sync LoRA -> SGLang name=tta_v3920 path=outputs/online_tta/online_tta_adapters/tta_v3920
[3920/4329] acc=0.3931 pred=D gold=A loss=1.709380853753828e-06 (1.7s/sample)
[2026-08-27 17:54:47,421][openttl.online.tta_runner][INFO] - TTA sync LoRA -> SGLang name=tta_v3921 path=outputs/online_tta/online_tta_adapters/tta_v3921
[2026-08-27 17:54:49,291][openttl.online.tta_runner][INFO] - TTA sync LoRA -> SGLang name=tta_v3922 path=outputs/online_tta/online_tta_adapters/tta_v3922
[2026-08-27 17:54:51,142][openttl.online.tta_runner][INFO] - TTA sync LoRA -> SGLang name=tta_v3923 path=outputs/online_tta/online_tta_adapters/tta_v3923
[2026-08-27 17:54:53,018][openttl.online.tta_runner][INFO] - TTA sync LoRA -> SGLang name=tta_v3924 path=outputs/online_tta/online_tta_adapters/tta_v3924
[2026-08-27 17:54:54,894][openttl.online.tta_runner][INFO] - TTA sync LoRA -> SGLang name=tta_v3925 path=outputs/online_tta/online_tta_adapters/tta_v3925
[2026-08-27 17:54:56,733][openttl.online.tta_runner][INFO] - TTA sync LoRA -> SGLang name=tta_v3926 path=outputs/online_tta/online_tta_adapters/tta_v3926
[2026-08-27 17:54:58,633][openttl.online.tta_runner][INFO] - TTA sync LoRA -> SGLang name=tta_v3927 path=outputs/online_tta/online_tta_adapters/tta_v3927
[2026-08-27 17:55:00,619][openttl.online.tta_runner][INFO] - TTA sync LoRA -> SGLang name=tta_v3928 path=outputs/online_tta/online_tta_adapters/tta_v3928
[2026-08-27 17:55:02,575][openttl.online.tta_runner][INFO] - TTA sync LoRA -> SGLang name=tta_v3929 path=outputs/online_tta/online_tta_adapters/tta_v3929
[2026-08-27 17:55:04,536][openttl.online.tta_runner][INFO] - TTA sync LoRA -> SGLang name=tta_v3930 path=outputs/online_tta/online_tta_adapters/tta_v3930
[2026-08-27 17:55:06,523][openttl.online.tta_runner][INFO] - TTA sync LoRA -> SGLang name=tta_v3931 path=outputs/online_tta/online_tta_adapters/tta_v3931
[2026-08-27 17:55:08,468][openttl.online.tta_runner][INFO] - TTA sync LoRA -> SGLang name=tta_v3932 path=outputs/online_tta/online_tta_adapters/tta_v3932
[2026-08-27 17:55:10,559][openttl.online.tta_runner][INFO] - TTA sync LoRA -> SGLang name=tta_v3933 path=outputs/online_tta/online_tta_adapters/tta_v3933
[2026-08-27 17:55:12,502][openttl.online.tta_runner][INFO] - TTA sync LoRA -> SGLang name=tta_v3934 path=outputs/online_tta/online_tta_adapters/tta_v3934
[2026-08-27 17:55:14,509][openttl.online.tta_runner][INFO] - TTA sync LoRA -> SGLang name=tta_v3935 path=outputs/online_tta/online_tta_adapters/tta_v3935
[2026-08-27 17:55:16,452][openttl.online.tta_runner][INFO] - TTA sync LoRA -> SGLang name=tta_v3936 path=outputs/online_tta/online_tta_adapters/tta_v3936
[2026-08-27 17:55:18,432][openttl.online.tta_runner][INFO] - TTA sync LoRA -> SGLang name=tta_v3937 path=outputs/online_tta/online_tta_adapters/tta_v3937
[2026-08-27 17:55:20,340][openttl.online.tta_runner][INFO] - TTA sync LoRA -> SGLang name=tta_v3938 path=outputs/online_tta/online_tta_adapters/tta_v3938
[2026-08-27 17:55:22,245][openttl.online.tta_runner][INFO] - TTA sync LoRA -> SGLang name=tta_v3939 path=outputs/online_tta/online_tta_adapters/tta_v3939
[2026-08-27 17:55:24,224][openttl.online.tta_runner][INFO] - TTA sync LoRA -> SGLang name=tta_v3940 path=outputs/online_tta/online_tta_adapters/tta_v3940
[3940/4329] acc=0.3926 pred=D gold=A loss=1.2539362614916172e-06 (1.7s/sample)
[2026-08-27 17:55:26,140][openttl.online.tta_runner][INFO] - TTA sync LoRA -> SGLang name=tta_v3941 path=outputs/online_tta/online_tta_adapters/tta_v3941
[2026-08-27 17:55:28,033][openttl.online.tta_runner][INFO] - TTA sync LoRA -> SGLang name=tta_v3942 path=outputs/online_tta/online_tta_adapters/tta_v3942
[2026-08-27 17:55:29,935][openttl.online.tta_runner][INFO] - TTA sync LoRA -> SGLang name=tta_v3943 path=outputs/online_tta/online_tta_adapters/tta_v3943
[2026-08-27 17:55:31,871][openttl.online.tta_runner][INFO] - TTA sync LoRA -> SGLang name=tta_v3944 path=outputs/online_tta/online_tta_adapters/tta_v3944
[2026-08-27 17:55:33,816][openttl.online.tta_runner][INFO] - TTA sync LoRA -> SGLang name=tta_v3945 path=outputs/online_tta/online_tta_adapters/tta_v3945
[2026-08-27 17:55:35,849][openttl.online.tta_runner][INFO] - TTA sync LoRA -> SGLang name=tta_v3946 path=outputs/online_tta/online_tta_adapters/tta_v3946
[2026-08-27 17:55:37,790][openttl.online.tta_runner][INFO] - TTA sync LoRA -> SGLang name=tta_v3947 path=outputs/online_tta/online_tta_adapters/tta_v3947
[2026-08-27 17:55:39,720][openttl.online.tta_runner][INFO] - TTA sync LoRA -> SGLang name=tta_v3948 path=outputs/online_tta/online_tta_adapters/tta_v3948
[2026-08-27 17:55:41,725][openttl.online.tta_runner][INFO] - TTA sync LoRA -> SGLang name=tta_v3949 path=outputs/online_tta/online_tta_adapters/tta_v3949
[2026-08-27 17:55:43,412][openttl.online.tta_runner][INFO] - TTA sync LoRA -> SGLang name=tta_v3950 path=outputs/online_tta/online_tta_adapters/tta_v3950
[2026-08-27 17:55:45,064][openttl.online.tta_runner][INFO] - TTA sync LoRA -> SGLang name=tta_v3951 path=outputs/online_tta/online_tta_adapters/tta_v3951
[2026-08-27 17:55:46,725][openttl.online.tta_runner][INFO] - TTA sync LoRA -> SGLang name=tta_v3952 path=outputs/online_tta/online_tta_adapters/tta_v3952
[2026-08-27 17:55:48,382][openttl.online.tta_runner][INFO] - TTA sync LoRA -> SGLang name=tta_v3953 path=outputs/online_tta/online_tta_adapters/tta_v3953
[2026-08-27 17:55:49,925][openttl.online.tta_runner][INFO] - TTA sync LoRA -> SGLang name=tta_v3954 path=outputs/online_tta/online_tta_adapters/tta_v3954
[2026-08-27 17:55:51,458][openttl.online.tta_runner][INFO] - TTA sync LoRA -> SGLang name=tta_v3955 path=outputs/online_tta/online_tta_adapters/tta_v3955
[2026-08-27 17:55:53,002][openttl.online.tta_runner][INFO] - TTA sync LoRA -> SGLang name=tta_v3956 path=outputs/online_tta/online_tta_adapters/tta_v3956
[2026-08-27 17:55:54,539][openttl.online.tta_runner][INFO] - TTA sync LoRA -> SGLang name=tta_v3957 path=outputs/online_tta/online_tta_adapters/tta_v3957
[2026-08-27 17:55:56,087][openttl.online.tta_runner][INFO] - TTA sync LoRA -> SGLang name=tta_v3958 path=outputs/online_tta/online_tta_adapters/tta_v3958
[2026-08-27 17:55:57,627][openttl.online.tta_runner][INFO] - TTA sync LoRA -> SGLang name=tta_v3959 path=outputs/online_tta/online_tta_adapters/tta_v3959
[2026-08-27 17:55:59,171][openttl.online.tta_runner][INFO] - TTA sync LoRA -> SGLang name=tta_v3960 path=outputs/online_tta/online_tta_adapters/tta_v3960
[3960/4329] acc=0.3919 pred=D gold=A loss=1.303753151660203e-06 (1.7s/sample)
[2026-08-27 17:56:00,720][openttl.online.tta_runner][INFO] - TTA sync LoRA -> SGLang name=tta_v3961 path=outputs/online_tta/online_tta_adapters/tta_v3961
[2026-08-27 17:56:02,283][openttl.online.tta_runner][INFO] - TTA sync LoRA -> SGLang name=tta_v3962 path=outputs/online_tta/online_tta_adapters/tta_v3962
[2026-08-27 17:56:03,777][openttl.online.tta_runner][INFO] - TTA sync LoRA -> SGLang name=tta_v3963 path=outputs/online_tta/online_tta_adapters/tta_v3963
[2026-08-27 17:56:05,301][openttl.online.tta_runner][INFO] - TTA sync LoRA -> SGLang name=tta_v3964 path=outputs/online_tta/online_tta_adapters/tta_v3964
[2026-08-27 17:56:06,886][openttl.online.tta_runner][INFO] - TTA sync LoRA -> SGLang name=tta_v3965 path=outputs/online_tta/online_tta_adapters/tta_v3965
[2026-08-27 17:56:08,408][openttl.online.tta_runner][INFO] - TTA sync LoRA -> SGLang name=tta_v3966 path=outputs/online_tta/online_tta_adapters/tta_v3966
[2026-08-27 17:56:09,922][openttl.online.tta_runner][INFO] - TTA sync LoRA -> SGLang name=tta_v3967 path=outputs/online_tta/online_tta_adapters/tta_v3967
[2026-08-27 17:56:11,445][openttl.online.tta_runner][INFO] - TTA sync LoRA -> SGLang name=tta_v3968 path=outputs/online_tta/online_tta_adapters/tta_v3968
[2026-08-27 17:56:12,968][openttl.online.tta_runner][INFO] - TTA sync LoRA -> SGLang name=tta_v3969 path=outputs/online_tta/online_tta_adapters/tta_v3969
[2026-08-27 17:56:14,486][openttl.online.tta_runner][INFO] - TTA sync LoRA -> SGLang name=tta_v3970 path=outputs/online_tta/online_tta_adapters/tta_v3970
[2026-08-27 17:56:16,013][openttl.online.tta_runner][INFO] - TTA sync LoRA -> SGLang name=tta_v3971 path=outputs/online_tta/online_tta_adapters/tta_v3971
[2026-08-27 17:56:17,572][openttl.online.tta_runner][INFO] - TTA sync LoRA -> SGLang name=tta_v3972 path=outputs/online_tta/online_tta_adapters/tta_v3972
[2026-08-27 17:56:19,093][openttl.online.tta_runner][INFO] - TTA sync LoRA -> SGLang name=tta_v3973 path=outputs/online_tta/online_tta_adapters/tta_v3973
[2026-08-27 17:56:20,713][openttl.online.tta_runner][INFO] - TTA sync LoRA -> SGLang name=tta_v3974 path=outputs/online_tta/online_tta_adapters/tta_v3974
[2026-08-27 17:56:22,341][openttl.online.tta_runner][INFO] - TTA sync LoRA -> SGLang name=tta_v3975 path=outputs/online_tta/online_tta_adapters/tta_v3975
[2026-08-27 17:56:23,995][openttl.online.tta_runner][INFO] - TTA sync LoRA -> SGLang name=tta_v3976 path=outputs/online_tta/online_tta_adapters/tta_v3976
[2026-08-27 17:56:25,506][openttl.online.tta_runner][INFO] - TTA sync LoRA -> SGLang name=tta_v3977 path=outputs/online_tta/online_tta_adapters/tta_v3977
[2026-08-27 17:56:26,959][openttl.online.tta_runner][INFO] - TTA sync LoRA -> SGLang name=tta_v3978 path=outputs/online_tta/online_tta_adapters/tta_v3978
[2026-08-27 17:56:28,458][openttl.online.tta_runner][INFO] - TTA sync LoRA -> SGLang name=tta_v3979 path=outputs/online_tta/online_tta_adapters/tta_v3979
[2026-08-27 17:56:30,013][openttl.online.tta_runner][INFO] - TTA sync LoRA -> SGLang name=tta_v3980 path=outputs/online_tta/online_tta_adapters/tta_v3980
[3980/4329] acc=0.3907 pred=D gold=A loss=1.4424426808545832e-06 (1.7s/sample)
[2026-08-27 17:56:31,705][openttl.online.tta_runner][INFO] - TTA sync LoRA -> SGLang name=tta_v3981 path=outputs/online_tta/online_tta_adapters/tta_v3981
[2026-08-27 17:56:33,458][openttl.online.tta_runner][INFO] - TTA sync LoRA -> SGLang name=tta_v3982 path=outputs/online_tta/online_tta_adapters/tta_v3982
[2026-08-27 17:56:35,041][openttl.online.tta_runner][INFO] - TTA sync LoRA -> SGLang name=tta_v3983 path=outputs/online_tta/online_tta_adapters/tta_v3983
[2026-08-27 17:56:36,757][openttl.online.tta_runner][INFO] - TTA sync LoRA -> SGLang name=tta_v3984 path=outputs/online_tta/online_tta_adapters/tta_v3984
[2026-08-27 17:56:38,430][openttl.online.tta_runner][INFO] - TTA sync LoRA -> SGLang name=tta_v3985 path=outputs/online_tta/online_tta_adapters/tta_v3985
[2026-08-27 17:56:40,165][openttl.online.tta_runner][INFO] - TTA sync LoRA -> SGLang name=tta_v3986 path=outputs/online_tta/online_tta_adapters/tta_v3986
[2026-08-27 17:56:41,813][openttl.online.tta_runner][INFO] - TTA sync LoRA -> SGLang name=tta_v3987 path=outputs/online_tta/online_tta_adapters/tta_v3987
[2026-08-27 17:56:43,477][openttl.online.tta_runner][INFO] - TTA sync LoRA -> SGLang name=tta_v3988 path=outputs/online_tta/online_tta_adapters/tta_v3988
[2026-08-27 17:56:45,201][openttl.online.tta_runner][INFO] - TTA sync LoRA -> SGLang name=tta_v3989 path=outputs/online_tta/online_tta_adapters/tta_v3989
[2026-08-27 17:56:46,913][openttl.online.tta_runner][INFO] - TTA sync LoRA -> SGLang name=tta_v3990 path=outputs/online_tta/online_tta_adapters/tta_v3990
[2026-08-27 17:56:48,584][openttl.online.tta_runner][INFO] - TTA sync LoRA -> SGLang name=tta_v3991 path=outputs/online_tta/online_tta_adapters/tta_v3991
[2026-08-27 17:56:50,258][openttl.online.tta_runner][INFO] - TTA sync LoRA -> SGLang name=tta_v3992 path=outputs/online_tta/online_tta_adapters/tta_v3992
[2026-08-27 17:56:52,076][openttl.online.tta_runner][INFO] - TTA sync LoRA -> SGLang name=tta_v3993 path=outputs/online_tta/online_tta_adapters/tta_v3993
[2026-08-27 17:56:53,671][openttl.online.tta_runner][INFO] - TTA sync LoRA -> SGLang name=tta_v3994 path=outputs/online_tta/online_tta_adapters/tta_v3994
[2026-08-27 17:56:55,389][openttl.online.tta_runner][INFO] - TTA sync LoRA -> SGLang name=tta_v3995 path=outputs/online_tta/online_tta_adapters/tta_v3995
[2026-08-27 17:56:57,062][openttl.online.tta_runner][INFO] - TTA sync LoRA -> SGLang name=tta_v3996 path=outputs/online_tta/online_tta_adapters/tta_v3996
[2026-08-27 17:56:58,823][openttl.online.tta_runner][INFO] - TTA sync LoRA -> SGLang name=tta_v3997 path=outputs/online_tta/online_tta_adapters/tta_v3997
[2026-08-27 17:57:00,740][openttl.online.tta_runner][INFO] - TTA sync LoRA -> SGLang name=tta_v3998 path=outputs/online_tta/online_tta_adapters/tta_v3998
[2026-08-27 17:57:02,433][openttl.online.tta_runner][INFO] - TTA sync LoRA -> SGLang name=tta_v3999 path=outputs/online_tta/online_tta_adapters/tta_v3999
[2026-08-27 17:57:04,088][openttl.online.tta_runner][INFO] - TTA sync LoRA -> SGLang name=tta_v4000 path=outputs/online_tta/online_tta_adapters/tta_v4000
[4000/4329] acc=0.3895 pred=D gold=B loss=1.2432823268682114e-06 (1.7s/sample)
[2026-08-27 17:57:05,759][openttl.online.tta_runner][INFO] - TTA sync LoRA -> SGLang name=tta_v4001 path=outputs/online_tta/online_tta_adapters/tta_v4001
[2026-08-27 17:57:07,435][openttl.online.tta_runner][INFO] - TTA sync LoRA -> SGLang name=tta_v4002 path=outputs/online_tta/online_tta_adapters/tta_v4002
[2026-08-27 17:57:09,208][openttl.online.tta_runner][INFO] - TTA sync LoRA -> SGLang name=tta_v4003 path=outputs/online_tta/online_tta_adapters/tta_v4003
[2026-08-27 17:57:10,997][openttl.online.tta_runner][INFO] - TTA sync LoRA -> SGLang name=tta_v4004 path=outputs/online_tta/online_tta_adapters/tta_v4004
[2026-08-27 17:57:12,753][openttl.online.tta_runner][INFO] - TTA sync LoRA -> SGLang name=tta_v4005 path=outputs/online_tta/online_tta_adapters/tta_v4005
[2026-08-27 17:57:14,545][openttl.online.tta_runner][INFO] - TTA sync LoRA -> SGLang name=tta_v4006 path=outputs/online_tta/online_tta_adapters/tta_v4006
[2026-08-27 17:57:16,350][openttl.online.tta_runner][INFO] - TTA sync LoRA -> SGLang name=tta_v4007 path=outputs/online_tta/online_tta_adapters/tta_v4007
[2026-08-27 17:57:18,095][openttl.online.tta_runner][INFO] - TTA sync LoRA -> SGLang name=tta_v4008 path=outputs/online_tta/online_tta_adapters/tta_v4008
[2026-08-27 17:57:19,906][openttl.online.tta_runner][INFO] - TTA sync LoRA -> SGLang name=tta_v4009 path=outputs/online_tta/online_tta_adapters/tta_v4009
[2026-08-27 17:57:21,703][openttl.online.tta_runner][INFO] - TTA sync LoRA -> SGLang name=tta_v4010 path=outputs/online_tta/online_tta_adapters/tta_v4010
[2026-08-27 17:57:23,470][openttl.online.tta_runner][INFO] - TTA sync LoRA -> SGLang name=tta_v4011 path=outputs/online_tta/online_tta_adapters/tta_v4011
[2026-08-27 17:57:25,257][openttl.online.tta_runner][INFO] - TTA sync LoRA -> SGLang name=tta_v4012 path=outputs/online_tta/online_tta_adapters/tta_v4012
[2026-08-27 17:57:26,985][openttl.online.tta_runner][INFO] - TTA sync LoRA -> SGLang name=tta_v4013 path=outputs/online_tta/online_tta_adapters/tta_v4013
[2026-08-27 17:57:28,747][openttl.online.tta_runner][INFO] - TTA sync LoRA -> SGLang name=tta_v4014 path=outputs/online_tta/online_tta_adapters/tta_v4014
[2026-08-27 17:57:30,492][openttl.online.tta_runner][INFO] - TTA sync LoRA -> SGLang name=tta_v4015 path=outputs/online_tta/online_tta_adapters/tta_v4015
[2026-08-27 17:57:32,222][openttl.online.tta_runner][INFO] - TTA sync LoRA -> SGLang name=tta_v4016 path=outputs/online_tta/online_tta_adapters/tta_v4016
[2026-08-27 17:57:34,011][openttl.online.tta_runner][INFO] - TTA sync LoRA -> SGLang name=tta_v4017 path=outputs/online_tta/online_tta_adapters/tta_v4017
[2026-08-27 17:57:35,702][openttl.online.tta_runner][INFO] - TTA sync LoRA -> SGLang name=tta_v4018 path=outputs/online_tta/online_tta_adapters/tta_v4018
[2026-08-27 17:57:37,442][openttl.online.tta_runner][INFO] - TTA sync LoRA -> SGLang name=tta_v4019 path=outputs/online_tta/online_tta_adapters/tta_v4019
[2026-08-27 17:57:39,139][openttl.online.tta_runner][INFO] - TTA sync LoRA -> SGLang name=tta_v4020 path=outputs/online_tta/online_tta_adapters/tta_v4020
[4020/4329] acc=0.3888 pred=D gold=B loss=1.0253463642584393e-06 (1.7s/sample)
[2026-08-27 17:57:40,819][openttl.online.tta_runner][INFO] - TTA sync LoRA -> SGLang name=tta_v4021 path=outputs/online_tta/online_tta_adapters/tta_v4021
[2026-08-27 17:57:42,495][openttl.online.tta_runner][INFO] - TTA sync LoRA -> SGLang name=tta_v4022 path=outputs/online_tta/online_tta_adapters/tta_v4022
[2026-08-27 17:57:44,285][openttl.online.tta_runner][INFO] - TTA sync LoRA -> SGLang name=tta_v4023 path=outputs/online_tta/online_tta_adapters/tta_v4023
[2026-08-27 17:57:46,106][openttl.online.tta_runner][INFO] - TTA sync LoRA -> SGLang name=tta_v4024 path=outputs/online_tta/online_tta_adapters/tta_v4024
[2026-08-27 17:57:47,833][openttl.online.tta_runner][INFO] - TTA sync LoRA -> SGLang name=tta_v4025 path=outputs/online_tta/online_tta_adapters/tta_v4025
[2026-08-27 17:57:49,585][openttl.online.tta_runner][INFO] - TTA sync LoRA -> SGLang name=tta_v4026 path=outputs/online_tta/online_tta_adapters/tta_v4026
[2026-08-27 17:57:51,275][openttl.online.tta_runner][INFO] - TTA sync LoRA -> SGLang name=tta_v4027 path=outputs/online_tta/online_tta_adapters/tta_v4027
[2026-08-27 17:57:53,041][openttl.online.tta_runner][INFO] - TTA sync LoRA -> SGLang name=tta_v4028 path=outputs/online_tta/online_tta_adapters/tta_v4028
[2026-08-27 17:57:54,727][openttl.online.tta_runner][INFO] - TTA sync LoRA -> SGLang name=tta_v4029 path=outputs/online_tta/online_tta_adapters/tta_v4029
[2026-08-27 17:57:56,468][openttl.online.tta_runner][INFO] - TTA sync LoRA -> SGLang name=tta_v4030 path=outputs/online_tta/online_tta_adapters/tta_v4030
[2026-08-27 17:57:58,127][openttl.online.tta_runner][INFO] - TTA sync LoRA -> SGLang name=tta_v4031 path=outputs/online_tta/online_tta_adapters/tta_v4031
[2026-08-27 17:57:59,883][openttl.online.tta_runner][INFO] - TTA sync LoRA -> SGLang name=tta_v4032 path=outputs/online_tta/online_tta_adapters/tta_v4032
[2026-08-27 17:58:01,569][openttl.online.tta_runner][INFO] - TTA sync LoRA -> SGLang name=tta_v4033 path=outputs/online_tta/online_tta_adapters/tta_v4033
[2026-08-27 17:58:03,246][openttl.online.tta_runner][INFO] - TTA sync LoRA -> SGLang name=tta_v4034 path=outputs/online_tta/online_tta_adapters/tta_v4034
[2026-08-27 17:58:04,907][openttl.online.tta_runner][INFO] - TTA sync LoRA -> SGLang name=tta_v4035 path=outputs/online_tta/online_tta_adapters/tta_v4035
[2026-08-27 17:58:06,626][openttl.online.tta_runner][INFO] - TTA sync LoRA -> SGLang name=tta_v4036 path=outputs/online_tta/online_tta_adapters/tta_v4036
[2026-08-27 17:58:08,299][openttl.online.tta_runner][INFO] - TTA sync LoRA -> SGLang name=tta_v4037 path=outputs/online_tta/online_tta_adapters/tta_v4037
[2026-08-27 17:58:09,981][openttl.online.tta_runner][INFO] - TTA sync LoRA -> SGLang name=tta_v4038 path=outputs/online_tta/online_tta_adapters/tta_v4038
[2026-08-27 17:58:11,657][openttl.online.tta_runner][INFO] - TTA sync LoRA -> SGLang name=tta_v4039 path=outputs/online_tta/online_tta_adapters/tta_v4039
[2026-08-27 17:58:13,312][openttl.online.tta_runner][INFO] - TTA sync LoRA -> SGLang name=tta_v4040 path=outputs/online_tta/online_tta_adapters/tta_v4040
[4040/4329] acc=0.3876 pred=D gold=C loss=2.534640771045815e-06 (1.7s/sample)
[2026-08-27 17:58:14,974][openttl.online.tta_runner][INFO] - TTA sync LoRA -> SGLang name=tta_v4041 path=outputs/online_tta/online_tta_adapters/tta_v4041
[2026-08-27 17:58:16,651][openttl.online.tta_runner][INFO] - TTA sync LoRA -> SGLang name=tta_v4042 path=outputs/online_tta/online_tta_adapters/tta_v4042
[2026-08-27 17:58:18,374][openttl.online.tta_runner][INFO] - TTA sync LoRA -> SGLang name=tta_v4043 path=outputs/online_tta/online_tta_adapters/tta_v4043
[2026-08-27 17:58:20,059][openttl.online.tta_runner][INFO] - TTA sync LoRA -> SGLang name=tta_v4044 path=outputs/online_tta/online_tta_adapters/tta_v4044
[2026-08-27 17:58:21,783][openttl.online.tta_runner][INFO] - TTA sync LoRA -> SGLang name=tta_v4045 path=outputs/online_tta/online_tta_adapters/tta_v4045
[2026-08-27 17:58:23,490][openttl.online.tta_runner][INFO] - TTA sync LoRA -> SGLang name=tta_v4046 path=outputs/online_tta/online_tta_adapters/tta_v4046
[2026-08-27 17:58:25,155][openttl.online.tta_runner][INFO] - TTA sync LoRA -> SGLang name=tta_v4047 path=outputs/online_tta/online_tta_adapters/tta_v4047
[2026-08-27 17:58:26,814][openttl.online.tta_runner][INFO] - TTA sync LoRA -> SGLang name=tta_v4048 path=outputs/online_tta/online_tta_adapters/tta_v4048
[2026-08-27 17:58:28,550][openttl.online.tta_runner][INFO] - TTA sync LoRA -> SGLang name=tta_v4049 path=outputs/online_tta/online_tta_adapters/tta_v4049
[2026-08-27 17:58:30,283][openttl.online.tta_runner][INFO] - TTA sync LoRA -> SGLang name=tta_v4050 path=outputs/online_tta/online_tta_adapters/tta_v4050
[2026-08-27 17:58:31,905][openttl.online.tta_runner][INFO] - TTA sync LoRA -> SGLang name=tta_v4051 path=outputs/online_tta/online_tta_adapters/tta_v4051
[2026-08-27 17:58:33,569][openttl.online.tta_runner][INFO] - TTA sync LoRA -> SGLang name=tta_v4052 path=outputs/online_tta/online_tta_adapters/tta_v4052
[2026-08-27 17:58:35,211][openttl.online.tta_runner][INFO] - TTA sync LoRA -> SGLang name=tta_v4053 path=outputs/online_tta/online_tta_adapters/tta_v4053
[2026-08-27 17:58:36,840][openttl.online.tta_runner][INFO] - TTA sync LoRA -> SGLang name=tta_v4054 path=outputs/online_tta/online_tta_adapters/tta_v4054
[2026-08-27 17:58:38,592][openttl.online.tta_runner][INFO] - TTA sync LoRA -> SGLang name=tta_v4055 path=outputs/online_tta/online_tta_adapters/tta_v4055
[2026-08-27 17:58:40,244][openttl.online.tta_runner][INFO] - TTA sync LoRA -> SGLang name=tta_v4056 path=outputs/online_tta/online_tta_adapters/tta_v4056
[2026-08-27 17:58:41,879][openttl.online.tta_runner][INFO] - TTA sync LoRA -> SGLang name=tta_v4057 path=outputs/online_tta/online_tta_adapters/tta_v4057
[2026-08-27 17:58:43,693][openttl.online.tta_runner][INFO] - TTA sync LoRA -> SGLang name=tta_v4058 path=outputs/online_tta/online_tta_adapters/tta_v4058
[2026-08-27 17:58:45,478][openttl.online.tta_runner][INFO] - TTA sync LoRA -> SGLang name=tta_v4059 path=outputs/online_tta/online_tta_adapters/tta_v4059
[2026-08-27 17:58:47,126][openttl.online.tta_runner][INFO] - TTA sync LoRA -> SGLang name=tta_v4060 path=outputs/online_tta/online_tta_adapters/tta_v4060
[4060/4329] acc=0.3882 pred=D gold=D loss=9.997169172493159e-07 (1.7s/sample)
[2026-08-27 17:58:48,649][openttl.online.tta_runner][INFO] - TTA sync LoRA -> SGLang name=tta_v4061 path=outputs/online_tta/online_tta_adapters/tta_v4061
[2026-08-27 17:58:50,336][openttl.online.tta_runner][INFO] - TTA sync LoRA -> SGLang name=tta_v4062 path=outputs/online_tta/online_tta_adapters/tta_v4062
[2026-08-27 17:58:51,885][openttl.online.tta_runner][INFO] - TTA sync LoRA -> SGLang name=tta_v4063 path=outputs/online_tta/online_tta_adapters/tta_v4063
[2026-08-27 17:58:53,548][openttl.online.tta_runner][INFO] - TTA sync LoRA -> SGLang name=tta_v4064 path=outputs/online_tta/online_tta_adapters/tta_v4064
[2026-08-27 17:58:55,278][openttl.online.tta_runner][INFO] - TTA sync LoRA -> SGLang name=tta_v4065 path=outputs/online_tta/online_tta_adapters/tta_v4065
[2026-08-27 17:58:57,006][openttl.online.tta_runner][INFO] - TTA sync LoRA -> SGLang name=tta_v4066 path=outputs/online_tta/online_tta_adapters/tta_v4066
[2026-08-27 17:58:58,573][openttl.online.tta_runner][INFO] - TTA sync LoRA -> SGLang name=tta_v4067 path=outputs/online_tta/online_tta_adapters/tta_v4067
[2026-08-27 17:59:00,251][openttl.online.tta_runner][INFO] - TTA sync LoRA -> SGLang name=tta_v4068 path=outputs/online_tta/online_tta_adapters/tta_v4068
[2026-08-27 17:59:01,907][openttl.online.tta_runner][INFO] - TTA sync LoRA -> SGLang name=tta_v4069 path=outputs/online_tta/online_tta_adapters/tta_v4069
[2026-08-27 17:59:03,583][openttl.online.tta_runner][INFO] - TTA sync LoRA -> SGLang name=tta_v4070 path=outputs/online_tta/online_tta_adapters/tta_v4070
[2026-08-27 17:59:05,300][openttl.online.tta_runner][INFO] - TTA sync LoRA -> SGLang name=tta_v4071 path=outputs/online_tta/online_tta_adapters/tta_v4071
[2026-08-27 17:59:07,010][openttl.online.tta_runner][INFO] - TTA sync LoRA -> SGLang name=tta_v4072 path=outputs/online_tta/online_tta_adapters/tta_v4072
[2026-08-27 17:59:08,637][openttl.online.tta_runner][INFO] - TTA sync LoRA -> SGLang name=tta_v4073 path=outputs/online_tta/online_tta_adapters/tta_v4073
[2026-08-27 17:59:10,304][openttl.online.tta_runner][INFO] - TTA sync LoRA -> SGLang name=tta_v4074 path=outputs/online_tta/online_tta_adapters/tta_v4074
[2026-08-27 17:59:11,972][openttl.online.tta_runner][INFO] - TTA sync LoRA -> SGLang name=tta_v4075 path=outputs/online_tta/online_tta_adapters/tta_v4075
[2026-08-27 17:59:13,670][openttl.online.tta_runner][INFO] - TTA sync LoRA -> SGLang name=tta_v4076 path=outputs/online_tta/online_tta_adapters/tta_v4076
[2026-08-27 17:59:15,277][openttl.online.tta_runner][INFO] - TTA sync LoRA -> SGLang name=tta_v4077 path=outputs/online_tta/online_tta_adapters/tta_v4077
[2026-08-27 17:59:16,874][openttl.online.tta_runner][INFO] - TTA sync LoRA -> SGLang name=tta_v4078 path=outputs/online_tta/online_tta_adapters/tta_v4078
[2026-08-27 17:59:18,595][openttl.online.tta_runner][INFO] - TTA sync LoRA -> SGLang name=tta_v4079 path=outputs/online_tta/online_tta_adapters/tta_v4079
[2026-08-27 17:59:20,232][openttl.online.tta_runner][INFO] - TTA sync LoRA -> SGLang name=tta_v4080 path=outputs/online_tta/online_tta_adapters/tta_v4080
[4080/4329] acc=0.3880 pred=D gold=D loss=1.360982082587725e-06 (1.7s/sample)
[2026-08-27 17:59:21,969][openttl.online.tta_runner][INFO] - TTA sync LoRA -> SGLang name=tta_v4081 path=outputs/online_tta/online_tta_adapters/tta_v4081
[2026-08-27 17:59:23,632][openttl.online.tta_runner][INFO] - TTA sync LoRA -> SGLang name=tta_v4082 path=outputs/online_tta/online_tta_adapters/tta_v4082
[2026-08-27 17:59:25,314][openttl.online.tta_runner][INFO] - TTA sync LoRA -> SGLang name=tta_v4083 path=outputs/online_tta/online_tta_adapters/tta_v4083
[2026-08-27 17:59:26,870][openttl.online.tta_runner][INFO] - TTA sync LoRA -> SGLang name=tta_v4084 path=outputs/online_tta/online_tta_adapters/tta_v4084
[2026-08-27 17:59:28,595][openttl.online.tta_runner][INFO] - TTA sync LoRA -> SGLang name=tta_v4085 path=outputs/online_tta/online_tta_adapters/tta_v4085
[2026-08-27 17:59:30,321][openttl.online.tta_runner][INFO] - TTA sync LoRA -> SGLang name=tta_v4086 path=outputs/online_tta/online_tta_adapters/tta_v4086
[2026-08-27 17:59:31,982][openttl.online.tta_runner][INFO] - TTA sync LoRA -> SGLang name=tta_v4087 path=outputs/online_tta/online_tta_adapters/tta_v4087
[2026-08-27 17:59:33,559][openttl.online.tta_runner][INFO] - TTA sync LoRA -> SGLang name=tta_v4088 path=outputs/online_tta/online_tta_adapters/tta_v4088
[2026-08-27 17:59:35,099][openttl.online.tta_runner][INFO] - TTA sync LoRA -> SGLang name=tta_v4089 path=outputs/online_tta/online_tta_adapters/tta_v4089
[2026-08-27 17:59:36,706][openttl.online.tta_runner][INFO] - TTA sync LoRA -> SGLang name=tta_v4090 path=outputs/online_tta/online_tta_adapters/tta_v4090
[2026-08-27 17:59:38,296][openttl.online.tta_runner][INFO] - TTA sync LoRA -> SGLang name=tta_v4091 path=outputs/online_tta/online_tta_adapters/tta_v4091
[2026-08-27 17:59:39,795][openttl.online.tta_runner][INFO] - TTA sync LoRA -> SGLang name=tta_v4092 path=outputs/online_tta/online_tta_adapters/tta_v4092
[2026-08-27 17:59:41,321][openttl.online.tta_runner][INFO] - TTA sync LoRA -> SGLang name=tta_v4093 path=outputs/online_tta/online_tta_adapters/tta_v4093
[2026-08-27 17:59:42,862][openttl.online.tta_runner][INFO] - TTA sync LoRA -> SGLang name=tta_v4094 path=outputs/online_tta/online_tta_adapters/tta_v4094
[2026-08-27 17:59:44,325][openttl.online.tta_runner][INFO] - TTA sync LoRA -> SGLang name=tta_v4095 path=outputs/online_tta/online_tta_adapters/tta_v4095
[2026-08-27 17:59:45,985][openttl.online.tta_runner][INFO] - TTA sync LoRA -> SGLang name=tta_v4096 path=outputs/online_tta/online_tta_adapters/tta_v4096
[2026-08-27 17:59:47,695][openttl.online.tta_runner][INFO] - TTA sync LoRA -> SGLang name=tta_v4097 path=outputs/online_tta/online_tta_adapters/tta_v4097
[2026-08-27 17:59:49,367][openttl.online.tta_runner][INFO] - TTA sync LoRA -> SGLang name=tta_v4098 path=outputs/online_tta/online_tta_adapters/tta_v4098
[2026-08-27 17:59:51,097][openttl.online.tta_runner][INFO] - TTA sync LoRA -> SGLang name=tta_v4099 path=outputs/online_tta/online_tta_adapters/tta_v4099
[2026-08-27 17:59:52,806][openttl.online.tta_runner][INFO] - TTA sync LoRA -> SGLang name=tta_v4100 path=outputs/online_tta/online_tta_adapters/tta_v4100
[4100/4329] acc=0.3876 pred=D gold=B loss=2.2462434117187513e-06 (1.7s/sample)
[2026-08-27 17:59:54,516][openttl.online.tta_runner][INFO] - TTA sync LoRA -> SGLang name=tta_v4101 path=outputs/online_tta/online_tta_adapters/tta_v4101
[2026-08-27 17:59:56,144][openttl.online.tta_runner][INFO] - TTA sync LoRA -> SGLang name=tta_v4102 path=outputs/online_tta/online_tta_adapters/tta_v4102
[2026-08-27 17:59:57,801][openttl.online.tta_runner][INFO] - TTA sync LoRA -> SGLang name=tta_v4103 path=outputs/online_tta/online_tta_adapters/tta_v4103
[2026-08-27 17:59:59,622][openttl.online.tta_runner][INFO] - TTA sync LoRA -> SGLang name=tta_v4104 path=outputs/online_tta/online_tta_adapters/tta_v4104
[2026-08-27 18:00:01,470][openttl.online.tta_runner][INFO] - TTA sync LoRA -> SGLang name=tta_v4105 path=outputs/online_tta/online_tta_adapters/tta_v4105
[2026-08-27 18:00:03,597][openttl.online.tta_runner][INFO] - TTA sync LoRA -> SGLang name=tta_v4106 path=outputs/online_tta/online_tta_adapters/tta_v4106
[2026-08-27 18:00:05,929][openttl.online.tta_runner][INFO] - TTA sync LoRA -> SGLang name=tta_v4107 path=outputs/online_tta/online_tta_adapters/tta_v4107
[2026-08-27 18:00:08,171][openttl.online.tta_runner][INFO] - TTA sync LoRA -> SGLang name=tta_v4108 path=outputs/online_tta/online_tta_adapters/tta_v4108
[2026-08-27 18:00:10,003][openttl.online.tta_runner][INFO] - TTA sync LoRA -> SGLang name=tta_v4109 path=outputs/online_tta/online_tta_adapters/tta_v4109
[2026-08-27 18:00:11,744][openttl.online.tta_runner][INFO] - TTA sync LoRA -> SGLang name=tta_v4110 path=outputs/online_tta/online_tta_adapters/tta_v4110
[2026-08-27 18:00:13,431][openttl.online.tta_runner][INFO] - TTA sync LoRA -> SGLang name=tta_v4111 path=outputs/online_tta/online_tta_adapters/tta_v4111
[2026-08-27 18:00:15,007][openttl.online.tta_runner][INFO] - TTA sync LoRA -> SGLang name=tta_v4112 path=outputs/online_tta/online_tta_adapters/tta_v4112
[2026-08-27 18:00:16,734][openttl.online.tta_runner][INFO] - TTA sync LoRA -> SGLang name=tta_v4113 path=outputs/online_tta/online_tta_adapters/tta_v4113
[2026-08-27 18:00:18,497][openttl.online.tta_runner][INFO] - TTA sync LoRA -> SGLang name=tta_v4114 path=outputs/online_tta/online_tta_adapters/tta_v4114
[2026-08-27 18:00:20,398][openttl.online.tta_runner][INFO] - TTA sync LoRA -> SGLang name=tta_v4115 path=outputs/online_tta/online_tta_adapters/tta_v4115
[2026-08-27 18:00:22,386][openttl.online.tta_runner][INFO] - TTA sync LoRA -> SGLang name=tta_v4116 path=outputs/online_tta/online_tta_adapters/tta_v4116
[2026-08-27 18:00:24,688][openttl.online.tta_runner][INFO] - TTA sync LoRA -> SGLang name=tta_v4117 path=outputs/online_tta/online_tta_adapters/tta_v4117
[2026-08-27 18:00:26,608][openttl.online.tta_runner][INFO] - TTA sync LoRA -> SGLang name=tta_v4118 path=outputs/online_tta/online_tta_adapters/tta_v4118
[2026-08-27 18:00:28,546][openttl.online.tta_runner][INFO] - TTA sync LoRA -> SGLang name=tta_v4119 path=outputs/online_tta/online_tta_adapters/tta_v4119
[2026-08-27 18:00:30,756][openttl.online.tta_runner][INFO] - TTA sync LoRA -> SGLang name=tta_v4120 path=outputs/online_tta/online_tta_adapters/tta_v4120
[4120/4329] acc=0.3876 pred=D gold=C loss=1.8702695570027572e-06 (1.7s/sample)
[2026-08-27 18:00:32,981][openttl.online.tta_runner][INFO] - TTA sync LoRA -> SGLang name=tta_v4121 path=outputs/online_tta/online_tta_adapters/tta_v4121
[2026-08-27 18:00:34,889][openttl.online.tta_runner][INFO] - TTA sync LoRA -> SGLang name=tta_v4122 path=outputs/online_tta/online_tta_adapters/tta_v4122
[2026-08-27 18:00:37,194][openttl.online.tta_runner][INFO] - TTA sync LoRA -> SGLang name=tta_v4123 path=outputs/online_tta/online_tta_adapters/tta_v4123
[2026-08-27 18:00:39,283][openttl.online.tta_runner][INFO] - TTA sync LoRA -> SGLang name=tta_v4124 path=outputs/online_tta/online_tta_adapters/tta_v4124
[2026-08-27 18:00:41,150][openttl.online.tta_runner][INFO] - TTA sync LoRA -> SGLang name=tta_v4125 path=outputs/online_tta/online_tta_adapters/tta_v4125
[2026-08-27 18:00:42,966][openttl.online.tta_runner][INFO] - TTA sync LoRA -> SGLang name=tta_v4126 path=outputs/online_tta/online_tta_adapters/tta_v4126
[2026-08-27 18:00:44,815][openttl.online.tta_runner][INFO] - TTA sync LoRA -> SGLang name=tta_v4127 path=outputs/online_tta/online_tta_adapters/tta_v4127
[2026-08-27 18:00:46,657][openttl.online.tta_runner][INFO] - TTA sync LoRA -> SGLang name=tta_v4128 path=outputs/online_tta/online_tta_adapters/tta_v4128
[2026-08-27 18:00:48,662][openttl.online.tta_runner][INFO] - TTA sync LoRA -> SGLang name=tta_v4129 path=outputs/online_tta/online_tta_adapters/tta_v4129
[2026-08-27 18:00:50,556][openttl.online.tta_runner][INFO] - TTA sync LoRA -> SGLang name=tta_v4130 path=outputs/online_tta/online_tta_adapters/tta_v4130
[2026-08-27 18:00:52,472][openttl.online.tta_runner][INFO] - TTA sync LoRA -> SGLang name=tta_v4131 path=outputs/online_tta/online_tta_adapters/tta_v4131
[2026-08-27 18:00:54,483][openttl.online.tta_runner][INFO] - TTA sync LoRA -> SGLang name=tta_v4132 path=outputs/online_tta/online_tta_adapters/tta_v4132
[2026-08-27 18:00:56,436][openttl.online.tta_runner][INFO] - TTA sync LoRA -> SGLang name=tta_v4133 path=outputs/online_tta/online_tta_adapters/tta_v4133
[2026-08-27 18:00:58,627][openttl.online.tta_runner][INFO] - TTA sync LoRA -> SGLang name=tta_v4134 path=outputs/online_tta/online_tta_adapters/tta_v4134
[2026-08-27 18:01:00,549][openttl.online.tta_runner][INFO] - TTA sync LoRA -> SGLang name=tta_v4135 path=outputs/online_tta/online_tta_adapters/tta_v4135
[2026-08-27 18:01:02,376][openttl.online.tta_runner][INFO] - TTA sync LoRA -> SGLang name=tta_v4136 path=outputs/online_tta/online_tta_adapters/tta_v4136
[2026-08-27 18:01:04,293][openttl.online.tta_runner][INFO] - TTA sync LoRA -> SGLang name=tta_v4137 path=outputs/online_tta/online_tta_adapters/tta_v4137
[2026-08-27 18:01:06,235][openttl.online.tta_runner][INFO] - TTA sync LoRA -> SGLang name=tta_v4138 path=outputs/online_tta/online_tta_adapters/tta_v4138
[2026-08-27 18:01:08,072][openttl.online.tta_runner][INFO] - TTA sync LoRA -> SGLang name=tta_v4139 path=outputs/online_tta/online_tta_adapters/tta_v4139
[2026-08-27 18:01:10,028][openttl.online.tta_runner][INFO] - TTA sync LoRA -> SGLang name=tta_v4140 path=outputs/online_tta/online_tta_adapters/tta_v4140
[4140/4329] acc=0.3886 pred=D gold=B loss=8.826125963423692e-07 (1.7s/sample)
[2026-08-27 18:01:12,031][openttl.online.tta_runner][INFO] - TTA sync LoRA -> SGLang name=tta_v4141 path=outputs/online_tta/online_tta_adapters/tta_v4141
[2026-08-27 18:01:14,028][openttl.online.tta_runner][INFO] - TTA sync LoRA -> SGLang name=tta_v4142 path=outputs/online_tta/online_tta_adapters/tta_v4142
[2026-08-27 18:01:16,018][openttl.online.tta_runner][INFO] - TTA sync LoRA -> SGLang name=tta_v4143 path=outputs/online_tta/online_tta_adapters/tta_v4143
[2026-08-27 18:01:17,994][openttl.online.tta_runner][INFO] - TTA sync LoRA -> SGLang name=tta_v4144 path=outputs/online_tta/online_tta_adapters/tta_v4144
[2026-08-27 18:01:19,929][openttl.online.tta_runner][INFO] - TTA sync LoRA -> SGLang name=tta_v4145 path=outputs/online_tta/online_tta_adapters/tta_v4145
[2026-08-27 18:01:21,946][openttl.online.tta_runner][INFO] - TTA sync LoRA -> SGLang name=tta_v4146 path=outputs/online_tta/online_tta_adapters/tta_v4146
[2026-08-27 18:01:23,947][openttl.online.tta_runner][INFO] - TTA sync LoRA -> SGLang name=tta_v4147 path=outputs/online_tta/online_tta_adapters/tta_v4147
[2026-08-27 18:01:25,895][openttl.online.tta_runner][INFO] - TTA sync LoRA -> SGLang name=tta_v4148 path=outputs/online_tta/online_tta_adapters/tta_v4148
[2026-08-27 18:01:27,851][openttl.online.tta_runner][INFO] - TTA sync LoRA -> SGLang name=tta_v4149 path=outputs/online_tta/online_tta_adapters/tta_v4149
[2026-08-27 18:01:29,756][openttl.online.tta_runner][INFO] - TTA sync LoRA -> SGLang name=tta_v4150 path=outputs/online_tta/online_tta_adapters/tta_v4150
[2026-08-27 18:01:31,703][openttl.online.tta_runner][INFO] - TTA sync LoRA -> SGLang name=tta_v4151 path=outputs/online_tta/online_tta_adapters/tta_v4151
[2026-08-27 18:01:33,594][openttl.online.tta_runner][INFO] - TTA sync LoRA -> SGLang name=tta_v4152 path=outputs/online_tta/online_tta_adapters/tta_v4152
[2026-08-27 18:01:35,362][openttl.online.tta_runner][INFO] - TTA sync LoRA -> SGLang name=tta_v4153 path=outputs/online_tta/online_tta_adapters/tta_v4153
[2026-08-27 18:01:37,214][openttl.online.tta_runner][INFO] - TTA sync LoRA -> SGLang name=tta_v4154 path=outputs/online_tta/online_tta_adapters/tta_v4154
[2026-08-27 18:01:39,109][openttl.online.tta_runner][INFO] - TTA sync LoRA -> SGLang name=tta_v4155 path=outputs/online_tta/online_tta_adapters/tta_v4155
[2026-08-27 18:01:41,074][openttl.online.tta_runner][INFO] - TTA sync LoRA -> SGLang name=tta_v4156 path=outputs/online_tta/online_tta_adapters/tta_v4156
[2026-08-27 18:01:43,030][openttl.online.tta_runner][INFO] - TTA sync LoRA -> SGLang name=tta_v4157 path=outputs/online_tta/online_tta_adapters/tta_v4157
[2026-08-27 18:01:44,985][openttl.online.tta_runner][INFO] - TTA sync LoRA -> SGLang name=tta_v4158 path=outputs/online_tta/online_tta_adapters/tta_v4158
[2026-08-27 18:01:46,859][openttl.online.tta_runner][INFO] - TTA sync LoRA -> SGLang name=tta_v4159 path=outputs/online_tta/online_tta_adapters/tta_v4159
[2026-08-27 18:01:48,848][openttl.online.tta_runner][INFO] - TTA sync LoRA -> SGLang name=tta_v4160 path=outputs/online_tta/online_tta_adapters/tta_v4160
[4160/4329] acc=0.3877 pred=D gold=C loss=9.528063742436643e-07 (1.7s/sample)
[2026-08-27 18:01:50,693][openttl.online.tta_runner][INFO] - TTA sync LoRA -> SGLang name=tta_v4161 path=outputs/online_tta/online_tta_adapters/tta_v4161
[2026-08-27 18:01:52,663][openttl.online.tta_runner][INFO] - TTA sync LoRA -> SGLang name=tta_v4162 path=outputs/online_tta/online_tta_adapters/tta_v4162
[2026-08-27 18:01:54,518][openttl.online.tta_runner][INFO] - TTA sync LoRA -> SGLang name=tta_v4163 path=outputs/online_tta/online_tta_adapters/tta_v4163
[2026-08-27 18:01:56,541][openttl.online.tta_runner][INFO] - TTA sync LoRA -> SGLang name=tta_v4164 path=outputs/online_tta/online_tta_adapters/tta_v4164
[2026-08-27 18:01:58,599][openttl.online.tta_runner][INFO] - TTA sync LoRA -> SGLang name=tta_v4165 path=outputs/online_tta/online_tta_adapters/tta_v4165
[2026-08-27 18:02:00,360][openttl.online.tta_runner][INFO] - TTA sync LoRA -> SGLang name=tta_v4166 path=outputs/online_tta/online_tta_adapters/tta_v4166
[2026-08-27 18:02:02,316][openttl.online.tta_runner][INFO] - TTA sync LoRA -> SGLang name=tta_v4167 path=outputs/online_tta/online_tta_adapters/tta_v4167
[2026-08-27 18:02:04,211][openttl.online.tta_runner][INFO] - TTA sync LoRA -> SGLang name=tta_v4168 path=outputs/online_tta/online_tta_adapters/tta_v4168
[2026-08-27 18:02:05,975][openttl.online.tta_runner][INFO] - TTA sync LoRA -> SGLang name=tta_v4169 path=outputs/online_tta/online_tta_adapters/tta_v4169
[2026-08-27 18:02:07,818][openttl.online.tta_runner][INFO] - TTA sync LoRA -> SGLang name=tta_v4170 path=outputs/online_tta/online_tta_adapters/tta_v4170
[2026-08-27 18:02:09,607][openttl.online.tta_runner][INFO] - TTA sync LoRA -> SGLang name=tta_v4171 path=outputs/online_tta/online_tta_adapters/tta_v4171
[2026-08-27 18:02:11,375][openttl.online.tta_runner][INFO] - TTA sync LoRA -> SGLang name=tta_v4172 path=outputs/online_tta/online_tta_adapters/tta_v4172
[2026-08-27 18:02:13,139][openttl.online.tta_runner][INFO] - TTA sync LoRA -> SGLang name=tta_v4173 path=outputs/online_tta/online_tta_adapters/tta_v4173
[2026-08-27 18:02:14,869][openttl.online.tta_runner][INFO] - TTA sync LoRA -> SGLang name=tta_v4174 path=outputs/online_tta/online_tta_adapters/tta_v4174
[2026-08-27 18:02:16,609][openttl.online.tta_runner][INFO] - TTA sync LoRA -> SGLang name=tta_v4175 path=outputs/online_tta/online_tta_adapters/tta_v4175
[2026-08-27 18:02:18,348][openttl.online.tta_runner][INFO] - TTA sync LoRA -> SGLang name=tta_v4176 path=outputs/online_tta/online_tta_adapters/tta_v4176
[2026-08-27 18:02:20,268][openttl.online.tta_runner][INFO] - TTA sync LoRA -> SGLang name=tta_v4177 path=outputs/online_tta/online_tta_adapters/tta_v4177
[2026-08-27 18:02:22,321][openttl.online.tta_runner][INFO] - TTA sync LoRA -> SGLang name=tta_v4178 path=outputs/online_tta/online_tta_adapters/tta_v4178
[2026-08-27 18:02:24,057][openttl.online.tta_runner][INFO] - TTA sync LoRA -> SGLang name=tta_v4179 path=outputs/online_tta/online_tta_adapters/tta_v4179
[2026-08-27 18:02:25,729][openttl.online.tta_runner][INFO] - TTA sync LoRA -> SGLang name=tta_v4180 path=outputs/online_tta/online_tta_adapters/tta_v4180
[4180/4329] acc=0.3871 pred=D gold=B loss=1.3154759699318674e-06 (1.7s/sample)
[2026-08-27 18:02:27,471][openttl.online.tta_runner][INFO] - TTA sync LoRA -> SGLang name=tta_v4181 path=outputs/online_tta/online_tta_adapters/tta_v4181
[2026-08-27 18:02:29,023][openttl.online.tta_runner][INFO] - TTA sync LoRA -> SGLang name=tta_v4182 path=outputs/online_tta/online_tta_adapters/tta_v4182
[2026-08-27 18:02:30,603][openttl.online.tta_runner][INFO] - TTA sync LoRA -> SGLang name=tta_v4183 path=outputs/online_tta/online_tta_adapters/tta_v4183
[2026-08-27 18:02:32,158][openttl.online.tta_runner][INFO] - TTA sync LoRA -> SGLang name=tta_v4184 path=outputs/online_tta/online_tta_adapters/tta_v4184
[2026-08-27 18:02:33,742][openttl.online.tta_runner][INFO] - TTA sync LoRA -> SGLang name=tta_v4185 path=outputs/online_tta/online_tta_adapters/tta_v4185
[2026-08-27 18:02:35,344][openttl.online.tta_runner][INFO] - TTA sync LoRA -> SGLang name=tta_v4186 path=outputs/online_tta/online_tta_adapters/tta_v4186
[2026-08-27 18:02:36,958][openttl.online.tta_runner][INFO] - TTA sync LoRA -> SGLang name=tta_v4187 path=outputs/online_tta/online_tta_adapters/tta_v4187
[2026-08-27 18:02:38,593][openttl.online.tta_runner][INFO] - TTA sync LoRA -> SGLang name=tta_v4188 path=outputs/online_tta/online_tta_adapters/tta_v4188
[2026-08-27 18:02:40,150][openttl.online.tta_runner][INFO] - TTA sync LoRA -> SGLang name=tta_v4189 path=outputs/online_tta/online_tta_adapters/tta_v4189
[2026-08-27 18:02:41,748][openttl.online.tta_runner][INFO] - TTA sync LoRA -> SGLang name=tta_v4190 path=outputs/online_tta/online_tta_adapters/tta_v4190
[2026-08-27 18:02:43,313][openttl.online.tta_runner][INFO] - TTA sync LoRA -> SGLang name=tta_v4191 path=outputs/online_tta/online_tta_adapters/tta_v4191
[2026-08-27 18:02:45,095][openttl.online.tta_runner][INFO] - TTA sync LoRA -> SGLang name=tta_v4192 path=outputs/online_tta/online_tta_adapters/tta_v4192
[2026-08-27 18:02:46,804][openttl.online.tta_runner][INFO] - TTA sync LoRA -> SGLang name=tta_v4193 path=outputs/online_tta/online_tta_adapters/tta_v4193
[2026-08-27 18:02:48,447][openttl.online.tta_runner][INFO] - TTA sync LoRA -> SGLang name=tta_v4194 path=outputs/online_tta/online_tta_adapters/tta_v4194
[2026-08-27 18:02:50,177][openttl.online.tta_runner][INFO] - TTA sync LoRA -> SGLang name=tta_v4195 path=outputs/online_tta/online_tta_adapters/tta_v4195
[2026-08-27 18:02:51,948][openttl.online.tta_runner][INFO] - TTA sync LoRA -> SGLang name=tta_v4196 path=outputs/online_tta/online_tta_adapters/tta_v4196
[2026-08-27 18:02:53,769][openttl.online.tta_runner][INFO] - TTA sync LoRA -> SGLang name=tta_v4197 path=outputs/online_tta/online_tta_adapters/tta_v4197
[2026-08-27 18:02:55,459][openttl.online.tta_runner][INFO] - TTA sync LoRA -> SGLang name=tta_v4198 path=outputs/online_tta/online_tta_adapters/tta_v4198
[2026-08-27 18:02:57,346][openttl.online.tta_runner][INFO] - TTA sync LoRA -> SGLang name=tta_v4199 path=outputs/online_tta/online_tta_adapters/tta_v4199
[2026-08-27 18:02:59,224][openttl.online.tta_runner][INFO] - TTA sync LoRA -> SGLang name=tta_v4200 path=outputs/online_tta/online_tta_adapters/tta_v4200
[4200/4329] acc=0.3867 pred=D gold=C loss=1.1188670896444819e-06 (1.7s/sample)
[2026-08-27 18:03:00,986][openttl.online.tta_runner][INFO] - TTA sync LoRA -> SGLang name=tta_v4201 path=outputs/online_tta/online_tta_adapters/tta_v4201
[2026-08-27 18:03:02,907][openttl.online.tta_runner][INFO] - TTA sync LoRA -> SGLang name=tta_v4202 path=outputs/online_tta/online_tta_adapters/tta_v4202
[2026-08-27 18:03:04,834][openttl.online.tta_runner][INFO] - TTA sync LoRA -> SGLang name=tta_v4203 path=outputs/online_tta/online_tta_adapters/tta_v4203
[2026-08-27 18:03:06,573][openttl.online.tta_runner][INFO] - TTA sync LoRA -> SGLang name=tta_v4204 path=outputs/online_tta/online_tta_adapters/tta_v4204
[2026-08-27 18:03:08,490][openttl.online.tta_runner][INFO] - TTA sync LoRA -> SGLang name=tta_v4205 path=outputs/online_tta/online_tta_adapters/tta_v4205
[2026-08-27 18:03:10,400][openttl.online.tta_runner][INFO] - TTA sync LoRA -> SGLang name=tta_v4206 path=outputs/online_tta/online_tta_adapters/tta_v4206
[2026-08-27 18:03:12,301][openttl.online.tta_runner][INFO] - TTA sync LoRA -> SGLang name=tta_v4207 path=outputs/online_tta/online_tta_adapters/tta_v4207
[2026-08-27 18:03:14,254][openttl.online.tta_runner][INFO] - TTA sync LoRA -> SGLang name=tta_v4208 path=outputs/online_tta/online_tta_adapters/tta_v4208
[2026-08-27 18:03:16,100][openttl.online.tta_runner][INFO] - TTA sync LoRA -> SGLang name=tta_v4209 path=outputs/online_tta/online_tta_adapters/tta_v4209
[2026-08-27 18:03:17,872][openttl.online.tta_runner][INFO] - TTA sync LoRA -> SGLang name=tta_v4210 path=outputs/online_tta/online_tta_adapters/tta_v4210
[2026-08-27 18:03:19,793][openttl.online.tta_runner][INFO] - TTA sync LoRA -> SGLang name=tta_v4211 path=outputs/online_tta/online_tta_adapters/tta_v4211
[2026-08-27 18:03:21,694][openttl.online.tta_runner][INFO] - TTA sync LoRA -> SGLang name=tta_v4212 path=outputs/online_tta/online_tta_adapters/tta_v4212
[2026-08-27 18:03:23,611][openttl.online.tta_runner][INFO] - TTA sync LoRA -> SGLang name=tta_v4213 path=outputs/online_tta/online_tta_adapters/tta_v4213
[2026-08-27 18:03:25,526][openttl.online.tta_runner][INFO] - TTA sync LoRA -> SGLang name=tta_v4214 path=outputs/online_tta/online_tta_adapters/tta_v4214
[2026-08-27 18:03:27,299][openttl.online.tta_runner][INFO] - TTA sync LoRA -> SGLang name=tta_v4215 path=outputs/online_tta/online_tta_adapters/tta_v4215
[2026-08-27 18:03:29,229][openttl.online.tta_runner][INFO] - TTA sync LoRA -> SGLang name=tta_v4216 path=outputs/online_tta/online_tta_adapters/tta_v4216
[2026-08-27 18:03:31,136][openttl.online.tta_runner][INFO] - TTA sync LoRA -> SGLang name=tta_v4217 path=outputs/online_tta/online_tta_adapters/tta_v4217
[2026-08-27 18:03:33,009][openttl.online.tta_runner][INFO] - TTA sync LoRA -> SGLang name=tta_v4218 path=outputs/online_tta/online_tta_adapters/tta_v4218
[2026-08-27 18:03:34,910][openttl.online.tta_runner][INFO] - TTA sync LoRA -> SGLang name=tta_v4219 path=outputs/online_tta/online_tta_adapters/tta_v4219
[2026-08-27 18:03:36,821][openttl.online.tta_runner][INFO] - TTA sync LoRA -> SGLang name=tta_v4220 path=outputs/online_tta/online_tta_adapters/tta_v4220
[4220/4329] acc=0.3863 pred=D gold=A loss=9.807309879761306e-07 (1.7s/sample)
[2026-08-27 18:03:38,732][openttl.online.tta_runner][INFO] - TTA sync LoRA -> SGLang name=tta_v4221 path=outputs/online_tta/online_tta_adapters/tta_v4221
[2026-08-27 18:03:40,627][openttl.online.tta_runner][INFO] - TTA sync LoRA -> SGLang name=tta_v4222 path=outputs/online_tta/online_tta_adapters/tta_v4222
[2026-08-27 18:03:42,534][openttl.online.tta_runner][INFO] - TTA sync LoRA -> SGLang name=tta_v4223 path=outputs/online_tta/online_tta_adapters/tta_v4223
[2026-08-27 18:03:44,529][openttl.online.tta_runner][INFO] - TTA sync LoRA -> SGLang name=tta_v4224 path=outputs/online_tta/online_tta_adapters/tta_v4224
[2026-08-27 18:03:46,521][openttl.online.tta_runner][INFO] - TTA sync LoRA -> SGLang name=tta_v4225 path=outputs/online_tta/online_tta_adapters/tta_v4225
[2026-08-27 18:03:48,439][openttl.online.tta_runner][INFO] - TTA sync LoRA -> SGLang name=tta_v4226 path=outputs/online_tta/online_tta_adapters/tta_v4226
[2026-08-27 18:03:50,371][openttl.online.tta_runner][INFO] - TTA sync LoRA -> SGLang name=tta_v4227 path=outputs/online_tta/online_tta_adapters/tta_v4227
[2026-08-27 18:03:52,344][openttl.online.tta_runner][INFO] - TTA sync LoRA -> SGLang name=tta_v4228 path=outputs/online_tta/online_tta_adapters/tta_v4228
[2026-08-27 18:03:54,107][openttl.online.tta_runner][INFO] - TTA sync LoRA -> SGLang name=tta_v4229 path=outputs/online_tta/online_tta_adapters/tta_v4229
[2026-08-27 18:03:56,084][openttl.online.tta_runner][INFO] - TTA sync LoRA -> SGLang name=tta_v4230 path=outputs/online_tta/online_tta_adapters/tta_v4230
[2026-08-27 18:03:57,975][openttl.online.tta_runner][INFO] - TTA sync LoRA -> SGLang name=tta_v4231 path=outputs/online_tta/online_tta_adapters/tta_v4231
[2026-08-27 18:03:59,874][openttl.online.tta_runner][INFO] - TTA sync LoRA -> SGLang name=tta_v4232 path=outputs/online_tta/online_tta_adapters/tta_v4232
[2026-08-27 18:04:01,795][openttl.online.tta_runner][INFO] - TTA sync LoRA -> SGLang name=tta_v4233 path=outputs/online_tta/online_tta_adapters/tta_v4233
[2026-08-27 18:04:03,640][openttl.online.tta_runner][INFO] - TTA sync LoRA -> SGLang name=tta_v4234 path=outputs/online_tta/online_tta_adapters/tta_v4234
[2026-08-27 18:04:05,486][openttl.online.tta_runner][INFO] - TTA sync LoRA -> SGLang name=tta_v4235 path=outputs/online_tta/online_tta_adapters/tta_v4235
[2026-08-27 18:04:07,349][openttl.online.tta_runner][INFO] - TTA sync LoRA -> SGLang name=tta_v4236 path=outputs/online_tta/online_tta_adapters/tta_v4236
[2026-08-27 18:04:09,194][openttl.online.tta_runner][INFO] - TTA sync LoRA -> SGLang name=tta_v4237 path=outputs/online_tta/online_tta_adapters/tta_v4237
[2026-08-27 18:04:11,092][openttl.online.tta_runner][INFO] - TTA sync LoRA -> SGLang name=tta_v4238 path=outputs/online_tta/online_tta_adapters/tta_v4238
[2026-08-27 18:04:12,958][openttl.online.tta_runner][INFO] - TTA sync LoRA -> SGLang name=tta_v4239 path=outputs/online_tta/online_tta_adapters/tta_v4239
[2026-08-27 18:04:14,844][openttl.online.tta_runner][INFO] - TTA sync LoRA -> SGLang name=tta_v4240 path=outputs/online_tta/online_tta_adapters/tta_v4240
[4240/4329] acc=0.3854 pred=D gold=C loss=8.486386491313169e-07 (1.7s/sample)
[2026-08-27 18:04:16,707][openttl.online.tta_runner][INFO] - TTA sync LoRA -> SGLang name=tta_v4241 path=outputs/online_tta/online_tta_adapters/tta_v4241
[2026-08-27 18:04:18,617][openttl.online.tta_runner][INFO] - TTA sync LoRA -> SGLang name=tta_v4242 path=outputs/online_tta/online_tta_adapters/tta_v4242
[2026-08-27 18:04:20,568][openttl.online.tta_runner][INFO] - TTA sync LoRA -> SGLang name=tta_v4243 path=outputs/online_tta/online_tta_adapters/tta_v4243
[2026-08-27 18:04:22,496][openttl.online.tta_runner][INFO] - TTA sync LoRA -> SGLang name=tta_v4244 path=outputs/online_tta/online_tta_adapters/tta_v4244
[2026-08-27 18:04:24,160][openttl.online.tta_runner][INFO] - TTA sync LoRA -> SGLang name=tta_v4245 path=outputs/online_tta/online_tta_adapters/tta_v4245
[2026-08-27 18:04:25,919][openttl.online.tta_runner][INFO] - TTA sync LoRA -> SGLang name=tta_v4246 path=outputs/online_tta/online_tta_adapters/tta_v4246
[2026-08-27 18:04:27,678][openttl.online.tta_runner][INFO] - TTA sync LoRA -> SGLang name=tta_v4247 path=outputs/online_tta/online_tta_adapters/tta_v4247
[2026-08-27 18:04:29,432][openttl.online.tta_runner][INFO] - TTA sync LoRA -> SGLang name=tta_v4248 path=outputs/online_tta/online_tta_adapters/tta_v4248
[2026-08-27 18:04:31,203][openttl.online.tta_runner][INFO] - TTA sync LoRA -> SGLang name=tta_v4249 path=outputs/online_tta/online_tta_adapters/tta_v4249
[2026-08-27 18:04:32,987][openttl.online.tta_runner][INFO] - TTA sync LoRA -> SGLang name=tta_v4250 path=outputs/online_tta/online_tta_adapters/tta_v4250
[2026-08-27 18:04:34,740][openttl.online.tta_runner][INFO] - TTA sync LoRA -> SGLang name=tta_v4251 path=outputs/online_tta/online_tta_adapters/tta_v4251
[2026-08-27 18:04:36,617][openttl.online.tta_runner][INFO] - TTA sync LoRA -> SGLang name=tta_v4252 path=outputs/online_tta/online_tta_adapters/tta_v4252
[2026-08-27 18:04:38,381][openttl.online.tta_runner][INFO] - TTA sync LoRA -> SGLang name=tta_v4253 path=outputs/online_tta/online_tta_adapters/tta_v4253
[2026-08-27 18:04:40,086][openttl.online.tta_runner][INFO] - TTA sync LoRA -> SGLang name=tta_v4254 path=outputs/online_tta/online_tta_adapters/tta_v4254
[2026-08-27 18:04:41,818][openttl.online.tta_runner][INFO] - TTA sync LoRA -> SGLang name=tta_v4255 path=outputs/online_tta/online_tta_adapters/tta_v4255
[2026-08-27 18:04:43,520][openttl.online.tta_runner][INFO] - TTA sync LoRA -> SGLang name=tta_v4256 path=outputs/online_tta/online_tta_adapters/tta_v4256
[2026-08-27 18:04:45,249][openttl.online.tta_runner][INFO] - TTA sync LoRA -> SGLang name=tta_v4257 path=outputs/online_tta/online_tta_adapters/tta_v4257
[2026-08-27 18:04:46,966][openttl.online.tta_runner][INFO] - TTA sync LoRA -> SGLang name=tta_v4258 path=outputs/online_tta/online_tta_adapters/tta_v4258
[2026-08-27 18:04:48,680][openttl.online.tta_runner][INFO] - TTA sync LoRA -> SGLang name=tta_v4259 path=outputs/online_tta/online_tta_adapters/tta_v4259
[2026-08-27 18:04:50,398][openttl.online.tta_runner][INFO] - TTA sync LoRA -> SGLang name=tta_v4260 path=outputs/online_tta/online_tta_adapters/tta_v4260
[4260/4329] acc=0.3845 pred=D gold=B loss=8.026324849197408e-07 (1.7s/sample)
[2026-08-27 18:04:52,137][openttl.online.tta_runner][INFO] - TTA sync LoRA -> SGLang name=tta_v4261 path=outputs/online_tta/online_tta_adapters/tta_v4261
[2026-08-27 18:04:53,961][openttl.online.tta_runner][INFO] - TTA sync LoRA -> SGLang name=tta_v4262 path=outputs/online_tta/online_tta_adapters/tta_v4262
[2026-08-27 18:04:55,751][openttl.online.tta_runner][INFO] - TTA sync LoRA -> SGLang name=tta_v4263 path=outputs/online_tta/online_tta_adapters/tta_v4263
[2026-08-27 18:04:57,445][openttl.online.tta_runner][INFO] - TTA sync LoRA -> SGLang name=tta_v4264 path=outputs/online_tta/online_tta_adapters/tta_v4264
[2026-08-27 18:04:59,192][openttl.online.tta_runner][INFO] - TTA sync LoRA -> SGLang name=tta_v4265 path=outputs/online_tta/online_tta_adapters/tta_v4265
[2026-08-27 18:05:01,063][openttl.online.tta_runner][INFO] - TTA sync LoRA -> SGLang name=tta_v4266 path=outputs/online_tta/online_tta_adapters/tta_v4266
[2026-08-27 18:05:02,848][openttl.online.tta_runner][INFO] - TTA sync LoRA -> SGLang name=tta_v4267 path=outputs/online_tta/online_tta_adapters/tta_v4267
[2026-08-27 18:05:04,618][openttl.online.tta_runner][INFO] - TTA sync LoRA -> SGLang name=tta_v4268 path=outputs/online_tta/online_tta_adapters/tta_v4268
[2026-08-27 18:05:06,519][openttl.online.tta_runner][INFO] - TTA sync LoRA -> SGLang name=tta_v4269 path=outputs/online_tta/online_tta_adapters/tta_v4269
[2026-08-27 18:05:08,262][openttl.online.tta_runner][INFO] - TTA sync LoRA -> SGLang name=tta_v4270 path=outputs/online_tta/online_tta_adapters/tta_v4270
[2026-08-27 18:05:10,146][openttl.online.tta_runner][INFO] - TTA sync LoRA -> SGLang name=tta_v4271 path=outputs/online_tta/online_tta_adapters/tta_v4271
[2026-08-27 18:05:12,034][openttl.online.tta_runner][INFO] - TTA sync LoRA -> SGLang name=tta_v4272 path=outputs/online_tta/online_tta_adapters/tta_v4272
[2026-08-27 18:05:13,987][openttl.online.tta_runner][INFO] - TTA sync LoRA -> SGLang name=tta_v4273 path=outputs/online_tta/online_tta_adapters/tta_v4273
[2026-08-27 18:05:15,916][openttl.online.tta_runner][INFO] - TTA sync LoRA -> SGLang name=tta_v4274 path=outputs/online_tta/online_tta_adapters/tta_v4274
[2026-08-27 18:05:17,744][openttl.online.tta_runner][INFO] - TTA sync LoRA -> SGLang name=tta_v4275 path=outputs/online_tta/online_tta_adapters/tta_v4275
[2026-08-27 18:05:19,510][openttl.online.tta_runner][INFO] - TTA sync LoRA -> SGLang name=tta_v4276 path=outputs/online_tta/online_tta_adapters/tta_v4276
[2026-08-27 18:05:21,328][openttl.online.tta_runner][INFO] - TTA sync LoRA -> SGLang name=tta_v4277 path=outputs/online_tta/online_tta_adapters/tta_v4277
[2026-08-27 18:05:23,168][openttl.online.tta_runner][INFO] - TTA sync LoRA -> SGLang name=tta_v4278 path=outputs/online_tta/online_tta_adapters/tta_v4278
[2026-08-27 18:05:24,982][openttl.online.tta_runner][INFO] - TTA sync LoRA -> SGLang name=tta_v4279 path=outputs/online_tta/online_tta_adapters/tta_v4279
[2026-08-27 18:05:26,783][openttl.online.tta_runner][INFO] - TTA sync LoRA -> SGLang name=tta_v4280 path=outputs/online_tta/online_tta_adapters/tta_v4280
[4280/4329] acc=0.3843 pred=D gold=C loss=7.333718485824647e-07 (1.7s/sample)
[2026-08-27 18:05:28,636][openttl.online.tta_runner][INFO] - TTA sync LoRA -> SGLang name=tta_v4281 path=outputs/online_tta/online_tta_adapters/tta_v4281
[2026-08-27 18:05:30,400][openttl.online.tta_runner][INFO] - TTA sync LoRA -> SGLang name=tta_v4282 path=outputs/online_tta/online_tta_adapters/tta_v4282
[2026-08-27 18:05:32,233][openttl.online.tta_runner][INFO] - TTA sync LoRA -> SGLang name=tta_v4283 path=outputs/online_tta/online_tta_adapters/tta_v4283
[2026-08-27 18:05:34,082][openttl.online.tta_runner][INFO] - TTA sync LoRA -> SGLang name=tta_v4284 path=outputs/online_tta/online_tta_adapters/tta_v4284
[2026-08-27 18:05:35,940][openttl.online.tta_runner][INFO] - TTA sync LoRA -> SGLang name=tta_v4285 path=outputs/online_tta/online_tta_adapters/tta_v4285
[2026-08-27 18:05:37,779][openttl.online.tta_runner][INFO] - TTA sync LoRA -> SGLang name=tta_v4286 path=outputs/online_tta/online_tta_adapters/tta_v4286
[2026-08-27 18:05:39,690][openttl.online.tta_runner][INFO] - TTA sync LoRA -> SGLang name=tta_v4287 path=outputs/online_tta/online_tta_adapters/tta_v4287
[2026-08-27 18:05:41,899][openttl.online.tta_runner][INFO] - TTA sync LoRA -> SGLang name=tta_v4288 path=outputs/online_tta/online_tta_adapters/tta_v4288
[2026-08-27 18:05:44,053][openttl.online.tta_runner][INFO] - TTA sync LoRA -> SGLang name=tta_v4289 path=outputs/online_tta/online_tta_adapters/tta_v4289
[2026-08-27 18:05:46,216][openttl.online.tta_runner][INFO] - TTA sync LoRA -> SGLang name=tta_v4290 path=outputs/online_tta/online_tta_adapters/tta_v4290
[2026-08-27 18:05:48,353][openttl.online.tta_runner][INFO] - TTA sync LoRA -> SGLang name=tta_v4291 path=outputs/online_tta/online_tta_adapters/tta_v4291
[2026-08-27 18:05:50,485][openttl.online.tta_runner][INFO] - TTA sync LoRA -> SGLang name=tta_v4292 path=outputs/online_tta/online_tta_adapters/tta_v4292
[2026-08-27 18:05:52,500][openttl.online.tta_runner][INFO] - TTA sync LoRA -> SGLang name=tta_v4293 path=outputs/online_tta/online_tta_adapters/tta_v4293
[2026-08-27 18:05:54,289][openttl.online.tta_runner][INFO] - TTA sync LoRA -> SGLang name=tta_v4294 path=outputs/online_tta/online_tta_adapters/tta_v4294
[2026-08-27 18:05:56,175][openttl.online.tta_runner][INFO] - TTA sync LoRA -> SGLang name=tta_v4295 path=outputs/online_tta/online_tta_adapters/tta_v4295
[2026-08-27 18:05:58,043][openttl.online.tta_runner][INFO] - TTA sync LoRA -> SGLang name=tta_v4296 path=outputs/online_tta/online_tta_adapters/tta_v4296
[2026-08-27 18:05:59,733][openttl.online.tta_runner][INFO] - TTA sync LoRA -> SGLang name=tta_v4297 path=outputs/online_tta/online_tta_adapters/tta_v4297
[2026-08-27 18:06:01,448][openttl.online.tta_runner][INFO] - TTA sync LoRA -> SGLang name=tta_v4298 path=outputs/online_tta/online_tta_adapters/tta_v4298
[2026-08-27 18:06:02,978][openttl.online.tta_runner][INFO] - TTA sync LoRA -> SGLang name=tta_v4299 path=outputs/online_tta/online_tta_adapters/tta_v4299
[2026-08-27 18:06:04,528][openttl.online.tta_runner][INFO] - TTA sync LoRA -> SGLang name=tta_v4300 path=outputs/online_tta/online_tta_adapters/tta_v4300
[4300/4329] acc=0.3851 pred=D gold=D loss=1.1489984217405436e-06 (1.7s/sample)
[2026-08-27 18:06:06,055][openttl.online.tta_runner][INFO] - TTA sync LoRA -> SGLang name=tta_v4301 path=outputs/online_tta/online_tta_adapters/tta_v4301
[2026-08-27 18:06:07,734][openttl.online.tta_runner][INFO] - TTA sync LoRA -> SGLang name=tta_v4302 path=outputs/online_tta/online_tta_adapters/tta_v4302
[2026-08-27 18:06:09,536][openttl.online.tta_runner][INFO] - TTA sync LoRA -> SGLang name=tta_v4303 path=outputs/online_tta/online_tta_adapters/tta_v4303
[2026-08-27 18:06:11,198][openttl.online.tta_runner][INFO] - TTA sync LoRA -> SGLang name=tta_v4304 path=outputs/online_tta/online_tta_adapters/tta_v4304
[2026-08-27 18:06:12,750][openttl.online.tta_runner][INFO] - TTA sync LoRA -> SGLang name=tta_v4305 path=outputs/online_tta/online_tta_adapters/tta_v4305
[2026-08-27 18:06:14,397][openttl.online.tta_runner][INFO] - TTA sync LoRA -> SGLang name=tta_v4306 path=outputs/online_tta/online_tta_adapters/tta_v4306
[2026-08-27 18:06:15,947][openttl.online.tta_runner][INFO] - TTA sync LoRA -> SGLang name=tta_v4307 path=outputs/online_tta/online_tta_adapters/tta_v4307
[2026-08-27 18:06:17,701][openttl.online.tta_runner][INFO] - TTA sync LoRA -> SGLang name=tta_v4308 path=outputs/online_tta/online_tta_adapters/tta_v4308
[2026-08-27 18:06:19,374][openttl.online.tta_runner][INFO] - TTA sync LoRA -> SGLang name=tta_v4309 path=outputs/online_tta/online_tta_adapters/tta_v4309
[2026-08-27 18:06:20,912][openttl.online.tta_runner][INFO] - TTA sync LoRA -> SGLang name=tta_v4310 path=outputs/online_tta/online_tta_adapters/tta_v4310
[2026-08-27 18:06:22,439][openttl.online.tta_runner][INFO] - TTA sync LoRA -> SGLang name=tta_v4311 path=outputs/online_tta/online_tta_adapters/tta_v4311
[2026-08-27 18:06:23,965][openttl.online.tta_runner][INFO] - TTA sync LoRA -> SGLang name=tta_v4312 path=outputs/online_tta/online_tta_adapters/tta_v4312
[2026-08-27 18:06:25,608][openttl.online.tta_runner][INFO] - TTA sync LoRA -> SGLang name=tta_v4313 path=outputs/online_tta/online_tta_adapters/tta_v4313
[2026-08-27 18:06:27,155][openttl.online.tta_runner][INFO] - TTA sync LoRA -> SGLang name=tta_v4314 path=outputs/online_tta/online_tta_adapters/tta_v4314
[2026-08-27 18:06:28,700][openttl.online.tta_runner][INFO] - TTA sync LoRA -> SGLang name=tta_v4315 path=outputs/online_tta/online_tta_adapters/tta_v4315
[2026-08-27 18:06:30,269][openttl.online.tta_runner][INFO] - TTA sync LoRA -> SGLang name=tta_v4316 path=outputs/online_tta/online_tta_adapters/tta_v4316
[2026-08-27 18:06:31,824][openttl.online.tta_runner][INFO] - TTA sync LoRA -> SGLang name=tta_v4317 path=outputs/online_tta/online_tta_adapters/tta_v4317
[2026-08-27 18:06:33,415][openttl.online.tta_runner][INFO] - TTA sync LoRA -> SGLang name=tta_v4318 path=outputs/online_tta/online_tta_adapters/tta_v4318
[2026-08-27 18:06:35,021][openttl.online.tta_runner][INFO] - TTA sync LoRA -> SGLang name=tta_v4319 path=outputs/online_tta/online_tta_adapters/tta_v4319
[2026-08-27 18:06:36,621][openttl.online.tta_runner][INFO] - TTA sync LoRA -> SGLang name=tta_v4320 path=outputs/online_tta/online_tta_adapters/tta_v4320
[4320/4329] acc=0.3845 pred=D gold=A loss=1.1112628044429584e-06 (1.7s/sample)
[2026-08-27 18:06:38,429][openttl.online.tta_runner][INFO] - TTA sync LoRA -> SGLang name=tta_v4321 path=outputs/online_tta/online_tta_adapters/tta_v4321
[2026-08-27 18:06:40,368][openttl.online.tta_runner][INFO] - TTA sync LoRA -> SGLang name=tta_v4322 path=outputs/online_tta/online_tta_adapters/tta_v4322
[2026-08-27 18:06:42,243][openttl.online.tta_runner][INFO] - TTA sync LoRA -> SGLang name=tta_v4323 path=outputs/online_tta/online_tta_adapters/tta_v4323
[2026-08-27 18:06:44,023][openttl.online.tta_runner][INFO] - TTA sync LoRA -> SGLang name=tta_v4324 path=outputs/online_tta/online_tta_adapters/tta_v4324
[2026-08-27 18:06:46,126][openttl.online.tta_runner][INFO] - TTA sync LoRA -> SGLang name=tta_v4325 path=outputs/online_tta/online_tta_adapters/tta_v4325
[2026-08-27 18:06:47,911][openttl.online.tta_runner][INFO] - TTA sync LoRA -> SGLang name=tta_v4326 path=outputs/online_tta/online_tta_adapters/tta_v4326
[2026-08-27 18:06:49,686][openttl.online.tta_runner][INFO] - TTA sync LoRA -> SGLang name=tta_v4327 path=outputs/online_tta/online_tta_adapters/tta_v4327
[2026-08-27 18:06:51,691][openttl.online.tta_runner][INFO] - TTA sync LoRA -> SGLang name=tta_v4328 path=outputs/online_tta/online_tta_adapters/tta_v4328
[2026-08-27 18:06:53,603][openttl.online.tta_runner][INFO] - TTA sync LoRA -> SGLang name=tta_v4329 path=outputs/online_tta/online_tta_adapters/tta_v4329
{
  "overall_acc": 0.3853083853083853,
  "correct": 1668,
  "total": 4329,
  "strategy": "tent",
  "online_enabled": true,
  "model": "/home/jxy/TTL/Qwen3.5-2B",
  "dataset": "lmms-lab-encoder/MMBench/cn/dev",
  "enable_thinking": false,
  "max_new_tokens": 256,
  "elapsed_sec": 7529.1,
  "category_acc": {
    "action_recognition": 0.3209302325581395,
    "attribute_comparison": 0.3829787234042553,
    "attribute_recognition": 0.42803030303030304,
    "celebrity_recognition": 0.42424242424242425,
    "function_reasoning": 0.3684210526315789,
    "future_prediction": 0.27692307692307694,
    "identity_reasoning": 0.44886363636363635,
    "image_emotion": 0.435,
    "image_quality": 0.4866666666666667,
    "image_scene": 0.371007371007371,
    "image_style": 0.37735849056603776,
    "image_topic": 0.45714285714285713,
    "nature_relation": 0.3016759776536313,
    "object_localization": 0.35873015873015873,
    "ocr": 0.3076923076923077,
    "physical_property_reasoning": 0.4657534246575342,
    "physical_relation": 0.3829787234042553,
    "social_relation": 0.4418604651162791,
    "spatial_relationship": 0.288135593220339,
    "structuralized_imagetext_understanding": 0.3617021276595745
  },
  "l2_category_acc": {
    "attribute_reasoning": 0.41917024320457796,
    "coarse_perception": 0.4102795311091073,
    "finegrained_perception (cross-instance)": 0.32645403377110693,
    "finegrained_perception (instance-level)": 0.39080459770114945,
    "logic_reasoning": 0.33495145631067963,
    "relation_reasoning": 0.37303370786516854
  }
}
Results saved to: /home/jxy/mmbench_cn_results/ttl_qwen35_2b/tent.json (+ /home/jxy/mmbench_cn_results/ttl_qwen35_2b/tent.jsonl)
===== [2026年 08月 27日 星期四 18:07:00 CST] tent 进程退出，启动 tlm+come（跳过 eata）=====
===== [2026年 08月 27日 星期四 18:07:00 CST] tlm 开始 =====
[2026-08-27 18:07:07,407][numexpr.utils][INFO] - Note: NumExpr detected 48 cores but "NUMEXPR_MAX_THREADS" not set, so enforcing safe limit of 16.
[2026-08-27 18:07:07,408][numexpr.utils][INFO] - NumExpr defaulting to 16 threads.
[transformers] `torch_dtype` is deprecated! Use `dtype` instead!
Loading weights:   0%|          | 0/617 [00:00<?, ?it/s]Loading weights:  29%|██▉       | 180/617 [00:00<00:00, 1784.59it/s]Loading weights:  71%|███████▏  | 440/617 [00:00<00:00, 2262.08it/s]Loading weights: 100%|██████████| 617/617 [00:00<00:00, 2374.84it/s]
trainable params: 417,792 || all params: 2,213,659,456 || trainable%: 0.0189
[2026-08-27 18:07:17,713][httpx][INFO] - HTTP Request: HEAD https://hf-mirror.com/datasets/lmms-lab-encoder/MMBench/resolve/main/README.md "HTTP/1.1 307 Temporary Redirect"
[2026-08-27 18:07:17,848][httpx][INFO] - HTTP Request: HEAD https://hf-mirror.com/api/resolve-cache/datasets/lmms-lab-encoder/MMBench/56ba1af8954932c4804bd3f522e05ed96e63b654/README.md "HTTP/1.1 200 OK"
[2026-08-27 18:07:18,160][httpx][INFO] - HTTP Request: HEAD https://hf-mirror.com/datasets/lmms-lab-encoder/MMBench/resolve/56ba1af8954932c4804bd3f522e05ed96e63b654/MMBench.py "HTTP/1.1 404 Not Found"
[2026-08-27 18:07:19,056][httpx][INFO] - HTTP Request: HEAD https://s3.amazonaws.com/datasets.huggingface.co/datasets/datasets/lmms-lab-encoder/MMBench/lmms-lab-encoder/MMBench.py "HTTP/1.1 404 Not Found"
[2026-08-27 18:07:19,614][httpx][INFO] - HTTP Request: GET https://hf-mirror.com/api/datasets/lmms-lab-encoder/MMBench/revision/56ba1af8954932c4804bd3f522e05ed96e63b654 "HTTP/1.1 200 OK"
[2026-08-27 18:07:19,918][httpx][INFO] - HTTP Request: HEAD https://hf-mirror.com/datasets/lmms-lab-encoder/MMBench/resolve/56ba1af8954932c4804bd3f522e05ed96e63b654/.huggingface.yaml "HTTP/1.1 404 Not Found"
[2026-08-27 18:07:20,909][httpx][INFO] - HTTP Request: GET https://hf-mirror.com/api/datasets/lmms-lab-encoder/MMBench/tree/56ba1af8954932c4804bd3f522e05ed96e63b654/cc?recursive=true&expand=false "HTTP/1.1 200 OK"
[2026-08-27 18:07:21,034][httpx][INFO] - HTTP Request: GET https://hf-mirror.com/api/datasets/lmms-lab-encoder/MMBench/tree/56ba1af8954932c4804bd3f522e05ed96e63b654?recursive=false&expand=false "HTTP/1.1 200 OK"
[2026-08-27 18:07:21,648][httpx][INFO] - HTTP Request: HEAD https://hf-mirror.com/datasets/lmms-lab-encoder/MMBench/resolve/56ba1af8954932c4804bd3f522e05ed96e63b654/dataset_infos.json "HTTP/1.1 404 Not Found"
[2026-08-27 18:07:21,780][httpx][INFO] - HTTP Request: GET https://hf-mirror.com/api/datasets/lmms-lab-encoder/MMBench/tree/56ba1af8954932c4804bd3f522e05ed96e63b654/cn?recursive=true&expand=false "HTTP/1.1 200 OK"
Terminated
===== [2026年 08月 27日 星期四 18:30:01 CST] tent 开始 =====
[2026-08-27 18:30:07,735][numexpr.utils][INFO] - Note: NumExpr detected 48 cores but "NUMEXPR_MAX_THREADS" not set, so enforcing safe limit of 16.
[2026-08-27 18:30:07,736][numexpr.utils][INFO] - NumExpr defaulting to 16 threads.
[transformers] `torch_dtype` is deprecated! Use `dtype` instead!
Loading weights:   0%|          | 0/617 [00:00<?, ?it/s]Loading weights:  28%|██▊       | 170/617 [00:00<00:00, 1699.56it/s]Loading weights:  71%|███████   | 439/617 [00:00<00:00, 2280.22it/s]Loading weights: 100%|██████████| 617/617 [00:00<00:00, 2320.94it/s]
trainable params: 417,792 || all params: 2,213,659,456 || trainable%: 0.0189
[2026-08-27 18:30:16,248][httpx][INFO] - HTTP Request: HEAD https://hf-mirror.com/datasets/lmms-lab-encoder/MMBench/resolve/main/README.md "HTTP/1.1 307 Temporary Redirect"
[2026-08-27 18:30:16,503][httpx][INFO] - HTTP Request: HEAD https://hf-mirror.com/api/resolve-cache/datasets/lmms-lab-encoder/MMBench/56ba1af8954932c4804bd3f522e05ed96e63b654/README.md "HTTP/1.1 200 OK"
[2026-08-27 18:30:17,431][httpx][INFO] - HTTP Request: HEAD https://hf-mirror.com/datasets/lmms-lab-encoder/MMBench/resolve/56ba1af8954932c4804bd3f522e05ed96e63b654/MMBench.py "HTTP/1.1 404 Not Found"
Warning: You are sending unauthenticated requests to the HF Hub. Please set a HF_TOKEN to enable higher rate limits and faster downloads.
[2026-08-27 18:30:17,432][huggingface_hub.utils._http][WARNING] - Warning: You are sending unauthenticated requests to the HF Hub. Please set a HF_TOKEN to enable higher rate limits and faster downloads.
[2026-08-27 18:30:18,474][httpx][INFO] - HTTP Request: HEAD https://s3.amazonaws.com/datasets.huggingface.co/datasets/datasets/lmms-lab-encoder/MMBench/lmms-lab-encoder/MMBench.py "HTTP/1.1 404 Not Found"
[2026-08-27 18:30:18,644][httpx][INFO] - HTTP Request: GET https://hf-mirror.com/api/datasets/lmms-lab-encoder/MMBench/revision/56ba1af8954932c4804bd3f522e05ed96e63b654 "HTTP/1.1 200 OK"
[2026-08-27 18:30:18,954][httpx][INFO] - HTTP Request: HEAD https://hf-mirror.com/datasets/lmms-lab-encoder/MMBench/resolve/56ba1af8954932c4804bd3f522e05ed96e63b654/.huggingface.yaml "HTTP/1.1 404 Not Found"
[2026-08-27 18:30:19,882][httpx][INFO] - HTTP Request: GET https://hf-mirror.com/api/datasets/lmms-lab-encoder/MMBench/tree/56ba1af8954932c4804bd3f522e05ed96e63b654/cc?recursive=true&expand=false "HTTP/1.1 200 OK"
[2026-08-27 18:30:20,030][httpx][INFO] - HTTP Request: GET https://hf-mirror.com/api/datasets/lmms-lab-encoder/MMBench/tree/56ba1af8954932c4804bd3f522e05ed96e63b654?recursive=false&expand=false "HTTP/1.1 200 OK"
[2026-08-27 18:30:20,339][httpx][INFO] - HTTP Request: HEAD https://hf-mirror.com/datasets/lmms-lab-encoder/MMBench/resolve/56ba1af8954932c4804bd3f522e05ed96e63b654/dataset_infos.json "HTTP/1.1 404 Not Found"
[2026-08-27 18:30:20,467][httpx][INFO] - HTTP Request: GET https://hf-mirror.com/api/datasets/lmms-lab-encoder/MMBench/tree/56ba1af8954932c4804bd3f522e05ed96e63b654/cn?recursive=true&expand=false "HTTP/1.1 200 OK"
Model: /home/jxy/TTL/Qwen3.5-2B
Strategy: tent (online.enabled=True), backend=hf, enable_thinking=False
Dataset: lmms-lab-encoder/MMBench cn dev, n=4329
[1/4329] acc=1.0000 pred=B gold=B loss=1.7342551946640015 (3.9s/sample)
[20/4329] acc=0.8000 pred=A gold=A loss=1.3062187433242798 (2.0s/sample)
[40/4329] acc=0.7000 pred=A gold=A loss=1.5173202753067017 (2.0s/sample)
[60/4329] acc=0.7000 pred=A gold=A loss=1.2080023288726807 (1.9s/sample)
[80/4329] acc=0.7500 pred=B gold=B loss=1.342180848121643 (1.8s/sample)
[100/4329] acc=0.7600 pred=B gold=C loss=1.1536387205123901 (1.8s/sample)
[120/4329] acc=0.7333 pred=C gold=C loss=1.2725791931152344 (1.8s/sample)
[140/4329] acc=0.7286 pred=B gold=A loss=0.8511831164360046 (1.8s/sample)
[160/4329] acc=0.7438 pred=B gold=B loss=0.9482752084732056 (1.8s/sample)
[180/4329] acc=0.7444 pred=A gold=A loss=0.478343665599823 (1.8s/sample)
[200/4329] acc=0.7450 pred=B gold=A loss=0.4122495651245117 (1.8s/sample)
[220/4329] acc=0.7182 pred=A gold=C loss=0.2506815493106842 (1.8s/sample)
[240/4329] acc=0.6917 pred=D gold=D loss=0.3532252013683319 (1.9s/sample)
[260/4329] acc=0.7115 pred=D gold=D loss=0.21619591116905212 (1.9s/sample)
[280/4329] acc=0.7321 pred=D gold=D loss=0.07287906110286713 (1.9s/sample)
[300/4329] acc=0.7500 pred=A gold=A loss=0.08078378438949585 (1.9s/sample)
[320/4329] acc=0.7625 pred=B gold=B loss=0.0793411135673523 (1.9s/sample)
[340/4329] acc=0.7765 pred=A gold=A loss=0.060774050652980804 (1.9s/sample)
[360/4329] acc=0.7806 pred=C gold=C loss=0.07806843519210815 (1.8s/sample)
[380/4329] acc=0.7763 pred=C gold=B loss=0.09682673960924149 (1.8s/sample)
[400/4329] acc=0.7750 pred=C gold=C loss=0.10196840018033981 (1.8s/sample)
[420/4329] acc=0.7714 pred=C gold=A loss=0.043350644409656525 (1.8s/sample)
[440/4329] acc=0.7795 pred=C gold=C loss=0.035689935088157654 (1.8s/sample)
[460/4329] acc=0.7783 pred=B gold=A loss=0.03723278269171715 (1.8s/sample)
[480/4329] acc=0.7750 pred=B gold=D loss=0.0470268540084362 (1.8s/sample)
[500/4329] acc=0.7800 pred=A gold=A loss=0.041028544306755066 (1.9s/sample)
[520/4329] acc=0.7885 pred=D gold=D loss=0.036702629178762436 (1.9s/sample)
[540/4329] acc=0.7852 pred=B gold=B loss=0.028055839240550995 (1.9s/sample)
[560/4329] acc=0.7804 pred=A gold=A loss=0.030644813552498817 (1.8s/sample)
[580/4329] acc=0.7776 pred=A gold=A loss=0.030638309195637703 (1.8s/sample)
[600/4329] acc=0.7833 pred=A gold=A loss=0.03900042921304703 (1.8s/sample)
[620/4329] acc=0.7887 pred=C gold=B loss=0.0316728912293911 (1.8s/sample)
[640/4329] acc=0.7922 pred=C gold=C loss=0.08139537274837494 (1.8s/sample)
[660/4329] acc=0.7909 pred=B gold=C loss=0.04886673390865326 (1.8s/sample)
[680/4329] acc=0.7971 pred=D gold=D loss=0.027075758203864098 (1.8s/sample)
[700/4329] acc=0.8014 pred=B gold=B loss=0.028493603691458702 (1.8s/sample)
[720/4329] acc=0.8069 pred=D gold=D loss=0.03245552256703377 (1.8s/sample)
[740/4329] acc=0.8122 pred=A gold=A loss=0.026677628979086876 (1.8s/sample)
[760/4329] acc=0.8158 pred=B gold=B loss=0.05942597612738609 (1.8s/sample)
[780/4329] acc=0.8179 pred=D gold=D loss=0.026005076244473457 (1.8s/sample)
[800/4329] acc=0.8225 pred=A gold=A loss=0.04229958727955818 (1.8s/sample)
[820/4329] acc=0.8268 pred=A gold=A loss=0.025810008868575096 (1.8s/sample)
[840/4329] acc=0.8298 pred=C gold=C loss=0.028225615620613098 (1.8s/sample)
[860/4329] acc=0.8302 pred=C gold=C loss=0.03925328701734543 (1.8s/sample)
[880/4329] acc=0.8273 pred=D gold=D loss=0.02237987518310547 (1.8s/sample)
[900/4329] acc=0.8244 pred=A gold=C loss=0.025350475683808327 (1.8s/sample)
[920/4329] acc=0.8283 pred=A gold=A loss=0.023334093391895294 (1.8s/sample)
[940/4329] acc=0.8287 pred=C gold=C loss=0.06719262897968292 (1.8s/sample)
[960/4329] acc=0.8250 pred=A gold=A loss=0.07295547425746918 (1.8s/sample)
[980/4329] acc=0.8245 pred=B gold=B loss=0.024502472952008247 (1.8s/sample)
[1000/4329] acc=0.8230 pred=C gold=C loss=0.01741223968565464 (1.8s/sample)
[1020/4329] acc=0.8265 pred=A gold=A loss=0.04492443427443504 (1.8s/sample)
[1040/4329] acc=0.8279 pred=B gold=B loss=0.02089284174144268 (1.8s/sample)
[1060/4329] acc=0.8311 pred=C gold=C loss=0.024898068979382515 (1.8s/sample)
[1080/4329] acc=0.8250 pred=C gold=D loss=0.04128028824925423 (1.8s/sample)
[1100/4329] acc=0.8182 pred=C gold=C loss=0.02030341513454914 (1.8s/sample)
[1120/4329] acc=0.8205 pred=A gold=A loss=0.016489045694470406 (1.8s/sample)
[1140/4329] acc=0.8175 pred=C gold=A loss=0.03843666613101959 (1.8s/sample)
[1160/4329] acc=0.8138 pred=D gold=A loss=0.022560708224773407 (1.8s/sample)
[1180/4329] acc=0.8127 pred=B gold=B loss=0.019408518448472023 (1.8s/sample)
[1200/4329] acc=0.8100 pred=A gold=B loss=0.042463164776563644 (1.8s/sample)
[1220/4329] acc=0.8098 pred=B gold=B loss=0.02306339144706726 (1.8s/sample)
[1240/4329] acc=0.8113 pred=B gold=B loss=0.034183140844106674 (1.8s/sample)
[1260/4329] acc=0.8143 pred=A gold=A loss=0.039823245257139206 (1.8s/sample)
[1280/4329] acc=0.8133 pred=B gold=B loss=0.02357158623635769 (1.8s/sample)
[1300/4329] acc=0.8123 pred=B gold=B loss=0.024944661185145378 (1.8s/sample)
[1320/4329] acc=0.8121 pred=B gold=B loss=0.022311050444841385 (1.8s/sample)
[1340/4329] acc=0.8112 pred=C gold=C loss=0.02442159317433834 (1.8s/sample)
[1360/4329] acc=0.8118 pred=C gold=C loss=0.023523930460214615 (1.7s/sample)
[1380/4329] acc=0.8058 pred=B gold=B loss=0.022169483825564384 (1.7s/sample)
[1400/4329] acc=0.7986 pred=B gold=D loss=0.018622899428009987 (1.7s/sample)
[1420/4329] acc=0.7979 pred=C gold=C loss=0.018585197627544403 (1.7s/sample)
[1440/4329] acc=0.8007 pred=A gold=A loss=0.015202549286186695 (1.7s/sample)
[1460/4329] acc=0.8034 pred=D gold=D loss=0.015859505161643028 (1.7s/sample)
[1480/4329] acc=0.8047 pred=B gold=B loss=0.014213532209396362 (1.7s/sample)
[1500/4329] acc=0.8067 pred=B gold=B loss=0.016104763373732567 (1.7s/sample)
[1520/4329] acc=0.8079 pred=B gold=B loss=0.015996912494301796 (1.7s/sample)
[1540/4329] acc=0.8071 pred=C gold=C loss=0.01452101580798626 (1.7s/sample)
[1560/4329] acc=0.8096 pred=B gold=B loss=0.0959378331899643 (1.7s/sample)
[1580/4329] acc=0.8101 pred=D gold=C loss=0.01637362688779831 (1.7s/sample)
[1600/4329] acc=0.8100 pred=B gold=A loss=0.017790893092751503 (1.7s/sample)
[1620/4329] acc=0.8093 pred=B gold=B loss=0.01654101349413395 (1.7s/sample)
[1640/4329] acc=0.8079 pred=C gold=A loss=0.01714003086090088 (1.7s/sample)
[1660/4329] acc=0.8078 pred=B gold=B loss=0.017518501728773117 (1.7s/sample)
[1680/4329] acc=0.8101 pred=A gold=A loss=0.014673207886517048 (1.7s/sample)
[1700/4329] acc=0.8088 pred=C gold=B loss=0.013037020340561867 (1.7s/sample)
[1720/4329] acc=0.8064 pred=C gold=C loss=0.021874459460377693 (1.7s/sample)
[1740/4329] acc=0.8040 pred=C gold=D loss=0.009897157549858093 (1.7s/sample)
[1760/4329] acc=0.8051 pred=D gold=D loss=0.019286975264549255 (1.7s/sample)
[1780/4329] acc=0.8067 pred=C gold=D loss=0.009458969347178936 (1.7s/sample)
[1800/4329] acc=0.8078 pred=C gold=B loss=0.007198147941380739 (1.7s/sample)
[1820/4329] acc=0.8082 pred=C gold=A loss=0.004557922948151827 (1.7s/sample)
[1840/4329] acc=0.8082 pred=C gold=C loss=0.004415244795382023 (1.7s/sample)
[1860/4329] acc=0.8091 pred=B gold=B loss=0.0026595990639179945 (1.7s/sample)
[1880/4329] acc=0.8112 pred=B gold=B loss=0.002214931882917881 (1.7s/sample)
[1900/4329] acc=0.8132 pred=A gold=A loss=0.001524044550023973 (1.8s/sample)
[1920/4329] acc=0.8151 pred=D gold=D loss=0.0021874788217246532 (1.8s/sample)
[1940/4329] acc=0.8155 pred=B gold=B loss=0.0011362836230546236 (1.8s/sample)
[1960/4329] acc=0.8173 pred=A gold=A loss=0.0017973858630284667 (1.8s/sample)
[1980/4329] acc=0.8192 pred=D gold=D loss=0.0009742443799041212 (1.8s/sample)
[2000/4329] acc=0.8200 pred=C gold=D loss=0.0014801551587879658 (1.8s/sample)
[2020/4329] acc=0.8213 pred=A gold=A loss=0.0011478899978101254 (1.8s/sample)
[2040/4329] acc=0.8191 pred=B gold=B loss=0.0006613658624701202 (1.8s/sample)
[2060/4329] acc=0.8180 pred=C gold=C loss=0.0011058889795094728 (1.8s/sample)
[2080/4329] acc=0.8192 pred=A gold=A loss=0.0008352133445441723 (1.8s/sample)
[2100/4329] acc=0.8200 pred=A gold=A loss=0.002179013565182686 (1.8s/sample)
[2120/4329] acc=0.8184 pred=B gold=B loss=0.0049387793987989426 (1.8s/sample)
[2140/4329] acc=0.8178 pred=A gold=A loss=0.0017103224527090788 (1.8s/sample)
[2160/4329] acc=0.8167 pred=B gold=B loss=0.0006277214852161705 (1.8s/sample)
[2180/4329] acc=0.8183 pred=C gold=C loss=0.0012649688869714737 (1.8s/sample)
[2200/4329] acc=0.8173 pred=B gold=B loss=0.0006196200265549123 (1.8s/sample)
[2220/4329] acc=0.8189 pred=D gold=D loss=0.0036721068900078535 (1.8s/sample)
[2240/4329] acc=0.8170 pred=A gold=D loss=0.0035900098737329245 (1.8s/sample)
[2260/4329] acc=0.8133 pred=B gold=A loss=0.0004353339900262654 (1.8s/sample)
[2280/4329] acc=0.8140 pred=A gold=A loss=0.0002854315098375082 (1.8s/sample)
[2300/4329] acc=0.8157 pred=B gold=B loss=0.0006438426789827645 (1.8s/sample)
[2320/4329] acc=0.8134 pred=C gold=C loss=0.000676907948218286 (1.8s/sample)
[2340/4329] acc=0.8141 pred=C gold=A loss=0.0014185274485498667 (1.8s/sample)
[2360/4329] acc=0.8144 pred=B gold=B loss=0.000802342314273119 (1.8s/sample)
[2380/4329] acc=0.8147 pred=C gold=C loss=0.0007527575944550335 (1.8s/sample)
[2400/4329] acc=0.8150 pred=A gold=A loss=0.00045014580246061087 (1.8s/sample)
[2420/4329] acc=0.8140 pred=C gold=C loss=0.0014975381782278419 (1.8s/sample)
[2440/4329] acc=0.8127 pred=B gold=B loss=0.0020780423656105995 (1.8s/sample)
[2460/4329] acc=0.8089 pred=A gold=B loss=0.002940238220617175 (1.8s/sample)
[2480/4329] acc=0.8056 pred=D gold=D loss=0.0019412082619965076 (1.8s/sample)
[2500/4329] acc=0.8056 pred=C gold=C loss=0.0002533945662435144 (1.8s/sample)
[2520/4329] acc=0.8071 pred=C gold=C loss=0.00023893637990113348 (1.8s/sample)
[2540/4329] acc=0.8087 pred=A gold=A loss=0.0004673530347645283 (1.8s/sample)
[2560/4329] acc=0.8082 pred=C gold=C loss=0.00026346935192123055 (1.8s/sample)
[2580/4329] acc=0.8093 pred=C gold=C loss=0.000221454247366637 (1.8s/sample)
[2600/4329] acc=0.8096 pred=C gold=C loss=0.0004366519278846681 (1.8s/sample)
[2620/4329] acc=0.8099 pred=A gold=A loss=0.0003245199623052031 (1.8s/sample)
[2640/4329] acc=0.8095 pred=D gold=D loss=0.0002255014405818656 (1.8s/sample)
[2660/4329] acc=0.8086 pred=D gold=D loss=0.0005844217375852168 (1.8s/sample)
[2680/4329] acc=0.8090 pred=D gold=D loss=0.00024794499040581286 (1.8s/sample)
[2700/4329] acc=0.8078 pred=B gold=B loss=0.0002184912154916674 (1.8s/sample)
[2720/4329] acc=0.8074 pred=B gold=C loss=0.0009281212114728987 (1.8s/sample)
[2740/4329] acc=0.8084 pred=C gold=C loss=0.0036617659498006105 (1.8s/sample)
[2760/4329] acc=0.8098 pred=B gold=B loss=0.00025536472094245255 (1.8s/sample)
[2780/4329] acc=0.8083 pred=D gold=C loss=0.00018229697889182717 (1.8s/sample)
[2800/4329] acc=0.8068 pred=D gold=D loss=0.0004429100954439491 (1.8s/sample)
[2820/4329] acc=0.8064 pred=B gold=B loss=0.00015579389582853764 (1.8s/sample)
[2840/4329] acc=0.8070 pred=C gold=C loss=0.00026775881997309625 (1.8s/sample)
[2860/4329] acc=0.8080 pred=D gold=D loss=0.0001597684167791158 (1.8s/sample)
[2880/4329] acc=0.8087 pred=B gold=B loss=0.00022732345678377897 (1.8s/sample)
[2900/4329] acc=0.8076 pred=D gold=A loss=0.00024411427148152143 (1.8s/sample)
[2920/4329] acc=0.8082 pred=B gold=B loss=0.00015107110084500164 (1.8s/sample)
[2940/4329] acc=0.8088 pred=A gold=A loss=0.0001762761385180056 (1.8s/sample)
[2960/4329] acc=0.8101 pred=B gold=B loss=0.00017945596482604742 (1.8s/sample)
[2980/4329] acc=0.8111 pred=D gold=D loss=0.00016637344378978014 (1.8s/sample)
[3000/4329] acc=0.8120 pred=C gold=C loss=0.00023706565843895078 (1.8s/sample)
[3020/4329] acc=0.8129 pred=A gold=A loss=0.0001510701113147661 (1.8s/sample)
[3040/4329] acc=0.8141 pred=D gold=D loss=0.0005902998382225633 (1.8s/sample)
[3060/4329] acc=0.8154 pred=D gold=D loss=0.00021252824808470905 (1.8s/sample)
[3080/4329] acc=0.8159 pred=C gold=C loss=0.0001631098857615143 (1.8s/sample)
[3100/4329] acc=0.8161 pred=D gold=B loss=0.00015820573025848716 (1.8s/sample)
[3120/4329] acc=0.8151 pred=D gold=D loss=0.00012750053429044783 (1.8s/sample)
[3140/4329] acc=0.8153 pred=B gold=B loss=0.00014574351371265948 (1.8s/sample)
[3160/4329] acc=0.8165 pred=D gold=D loss=0.00011250317038502544 (1.8s/sample)
[3180/4329] acc=0.8164 pred=A gold=C loss=0.00635861000046134 (1.8s/sample)
[3200/4329] acc=0.8159 pred=C gold=C loss=0.00038840153138153255 (1.8s/sample)
[3220/4329] acc=0.8155 pred=A gold=A loss=0.0005476782680489123 (1.8s/sample)
[3240/4329] acc=0.8151 pred=A gold=A loss=0.0003887013881467283 (1.8s/sample)
[3260/4329] acc=0.8160 pred=D gold=D loss=0.00017759951879270375 (1.8s/sample)
[3280/4329] acc=0.8165 pred=A gold=A loss=0.00016854889690876007 (1.8s/sample)
[3300/4329] acc=0.8176 pred=B gold=B loss=0.00011884443665621802 (1.8s/sample)
[3320/4329] acc=0.8160 pred=C gold=C loss=0.000151254324009642 (1.8s/sample)
[3340/4329] acc=0.8138 pred=D gold=D loss=9.588310786057264e-05 (1.8s/sample)
[3360/4329] acc=0.8149 pred=C gold=C loss=0.00010445697262184694 (1.8s/sample)
[3380/4329] acc=0.8148 pred=B gold=D loss=0.00011519133113324642 (1.8s/sample)
[3400/4329] acc=0.8129 pred=C gold=C loss=0.0008222628384828568 (1.8s/sample)
[3420/4329] acc=0.8135 pred=D gold=D loss=0.0001315146655542776 (1.8s/sample)
[3440/4329] acc=0.8145 pred=D gold=D loss=9.706942364573479e-05 (1.8s/sample)
[3460/4329] acc=0.8156 pred=B gold=B loss=8.233180415118113e-05 (1.7s/sample)
[3480/4329] acc=0.8161 pred=D gold=D loss=8.881467510946095e-05 (1.7s/sample)
[3500/4329] acc=0.8163 pred=D gold=D loss=0.0001101773523259908 (1.7s/sample)
[3520/4329] acc=0.8170 pred=D gold=D loss=0.00013965688413009048 (1.7s/sample)
[3540/4329] acc=0.8172 pred=D gold=D loss=0.00014356743486132473 (1.7s/sample)
[3560/4329] acc=0.8166 pred=D gold=D loss=0.00037377187982201576 (1.7s/sample)
[3580/4329] acc=0.8162 pred=A gold=A loss=7.032200664980337e-05 (1.7s/sample)
[3600/4329] acc=0.8161 pred=B gold=B loss=8.825339318718761e-05 (1.7s/sample)
[3620/4329] acc=0.8157 pred=B gold=B loss=9.705182310426608e-05 (1.7s/sample)
[3640/4329] acc=0.8157 pred=B gold=B loss=7.147681026253849e-05 (1.7s/sample)
[3660/4329] acc=0.8153 pred=C gold=C loss=7.478335464838892e-05 (1.7s/sample)
[3680/4329] acc=0.8160 pred=A gold=A loss=0.00020264944760128856 (1.7s/sample)
[3700/4329] acc=0.8157 pred=D gold=B loss=9.015903196996078e-05 (1.7s/sample)
[3720/4329] acc=0.8142 pred=B gold=B loss=0.00014922162517905235 (1.7s/sample)
[3740/4329] acc=0.8142 pred=B gold=C loss=9.293015318689868e-05 (1.7s/sample)
[3760/4329] acc=0.8146 pred=D gold=D loss=0.00010824486525962129 (1.7s/sample)
[3780/4329] acc=0.8156 pred=A gold=A loss=8.564675954403356e-05 (1.7s/sample)
[3800/4329] acc=0.8158 pred=D gold=D loss=0.00040765810990706086 (1.7s/sample)
[3820/4329] acc=0.8154 pred=D gold=D loss=7.800654566381127e-05 (1.7s/sample)
[3840/4329] acc=0.8156 pred=D gold=D loss=6.609441334148869e-05 (1.7s/sample)
[3860/4329] acc=0.8155 pred=D gold=D loss=7.45882498449646e-05 (1.7s/sample)
[3880/4329] acc=0.8157 pred=D gold=D loss=9.008067718241364e-05 (1.7s/sample)
[3900/4329] acc=0.8164 pred=B gold=B loss=5.127863187226467e-05 (1.7s/sample)
[3920/4329] acc=0.8171 pred=D gold=A loss=0.00012608880933839828 (1.7s/sample)
[3940/4329] acc=0.8173 pred=D gold=A loss=6.012365338392556e-05 (1.7s/sample)
[3960/4329] acc=0.8182 pred=A gold=A loss=9.88764368230477e-05 (1.7s/sample)
[3980/4329] acc=0.8191 pred=A gold=A loss=0.00019126926781609654 (1.7s/sample)
[4000/4329] acc=0.8200 pred=B gold=B loss=9.526836220175028e-05 (1.7s/sample)
[4020/4329] acc=0.8204 pred=B gold=B loss=6.674967880826443e-05 (1.7s/sample)
[4040/4329] acc=0.8193 pred=D gold=C loss=0.00034935568692162633 (1.7s/sample)
[4060/4329] acc=0.8187 pred=D gold=D loss=7.064845704007894e-05 (1.7s/sample)
[4080/4329] acc=0.8196 pred=D gold=D loss=9.983179188566282e-05 (1.7s/sample)
[4100/4329] acc=0.8202 pred=B gold=B loss=0.00021018751431256533 (1.7s/sample)
[4120/4329] acc=0.8197 pred=C gold=C loss=0.0010066679678857327 (1.7s/sample)
[4140/4329] acc=0.8198 pred=B gold=B loss=5.9798483562190086e-05 (1.7s/sample)
[4160/4329] acc=0.8197 pred=C gold=C loss=0.0003221049555577338 (1.7s/sample)
[4180/4329] acc=0.8203 pred=B gold=B loss=8.312070713145658e-05 (1.7s/sample)
[4200/4329] acc=0.8205 pred=C gold=C loss=6.426911568269134e-05 (1.7s/sample)
[4220/4329] acc=0.8213 pred=A gold=A loss=5.140521898283623e-05 (1.7s/sample)
[4240/4329] acc=0.8208 pred=D gold=C loss=5.5439271818613634e-05 (1.7s/sample)
[4260/4329] acc=0.8185 pred=C gold=B loss=9.796098311198875e-05 (1.7s/sample)
[4280/4329] acc=0.8187 pred=C gold=C loss=4.7149973397608846e-05 (1.7s/sample)
[4300/4329] acc=0.8193 pred=D gold=D loss=7.921491487650201e-05 (1.7s/sample)
[4320/4329] acc=0.8176 pred=A gold=A loss=9.004206367535517e-05 (1.7s/sample)
{
  "overall_acc": 0.8168168168168168,
  "correct": 3536,
  "total": 4329,
  "strategy": "tent",
  "online_enabled": true,
  "model": "/home/jxy/TTL/Qwen3.5-2B",
  "dataset": "lmms-lab-encoder/MMBench/cn/dev",
  "enable_thinking": false,
  "max_new_tokens": 256,
  "elapsed_sec": 7545.4,
  "category_acc": {
    "action_recognition": 0.9488372093023256,
    "attribute_comparison": 0.8297872340425532,
    "attribute_recognition": 0.8787878787878788,
    "celebrity_recognition": 0.9343434343434344,
    "function_reasoning": 0.868421052631579,
    "future_prediction": 0.5923076923076923,
    "identity_reasoning": 0.9772727272727273,
    "image_emotion": 0.88,
    "image_quality": 0.6266666666666667,
    "image_scene": 0.9582309582309583,
    "image_style": 0.9198113207547169,
    "image_topic": 0.9357142857142857,
    "nature_relation": 0.659217877094972,
    "object_localization": 0.6666666666666666,
    "ocr": 0.9230769230769231,
    "physical_property_reasoning": 0.593607305936073,
    "physical_relation": 0.7127659574468085,
    "social_relation": 0.9186046511627907,
    "spatial_relationship": 0.4915254237288136,
    "structuralized_imagetext_understanding": 0.7092198581560284
  },
  "l2_category_acc": {
    "attribute_reasoning": 0.8097281831187411,
    "coarse_perception": 0.8890892696122633,
    "finegrained_perception (cross-instance)": 0.7654784240150094,
    "finegrained_perception (instance-level)": 0.8452696728558797,
    "logic_reasoning": 0.6723300970873787,
    "relation_reasoning": 0.7707865168539326
  }
}
Results saved to: /home/jxy/mmbench_cn_results/ttl_qwen35_2b/tent.json (+ /home/jxy/mmbench_cn_results/ttl_qwen35_2b/tent.jsonl)
===== [2026年 08月 27日 星期四 20:36:07 CST] tent 结束，退出码 0 =====
===== [2026年 08月 27日 星期四 20:36:07 CST] tlm 开始 =====
[2026-08-27 20:36:13,897][numexpr.utils][INFO] - Note: NumExpr detected 48 cores but "NUMEXPR_MAX_THREADS" not set, so enforcing safe limit of 16.
[2026-08-27 20:36:13,898][numexpr.utils][INFO] - NumExpr defaulting to 16 threads.
[transformers] `torch_dtype` is deprecated! Use `dtype` instead!
Loading weights:   0%|          | 0/617 [00:00<?, ?it/s]Loading weights:  44%|████▍     | 270/617 [00:00<00:00, 2683.93it/s]Loading weights:  87%|████████▋ | 539/617 [00:00<00:00, 2530.88it/s]Loading weights: 100%|██████████| 617/617 [00:00<00:00, 2625.33it/s]
trainable params: 417,792 || all params: 2,213,659,456 || trainable%: 0.0189
[2026-08-27 20:36:21,835][httpx][INFO] - HTTP Request: HEAD https://hf-mirror.com/datasets/lmms-lab-encoder/MMBench/resolve/main/README.md "HTTP/1.1 307 Temporary Redirect"
[2026-08-27 20:36:21,971][httpx][INFO] - HTTP Request: HEAD https://hf-mirror.com/api/resolve-cache/datasets/lmms-lab-encoder/MMBench/56ba1af8954932c4804bd3f522e05ed96e63b654/README.md "HTTP/1.1 200 OK"
[2026-08-27 20:36:22,299][httpx][INFO] - HTTP Request: HEAD https://hf-mirror.com/datasets/lmms-lab-encoder/MMBench/resolve/56ba1af8954932c4804bd3f522e05ed96e63b654/MMBench.py "HTTP/1.1 404 Not Found"
Warning: You are sending unauthenticated requests to the HF Hub. Please set a HF_TOKEN to enable higher rate limits and faster downloads.
[2026-08-27 20:36:22,300][huggingface_hub.utils._http][WARNING] - Warning: You are sending unauthenticated requests to the HF Hub. Please set a HF_TOKEN to enable higher rate limits and faster downloads.
[2026-08-27 20:36:23,792][httpx][INFO] - HTTP Request: HEAD https://s3.amazonaws.com/datasets.huggingface.co/datasets/datasets/lmms-lab-encoder/MMBench/lmms-lab-encoder/MMBench.py "HTTP/1.1 404 Not Found"
[2026-08-27 20:36:23,938][httpx][INFO] - HTTP Request: GET https://hf-mirror.com/api/datasets/lmms-lab-encoder/MMBench/revision/56ba1af8954932c4804bd3f522e05ed96e63b654 "HTTP/1.1 200 OK"
[2026-08-27 20:36:25,794][httpx][INFO] - HTTP Request: HEAD https://hf-mirror.com/datasets/lmms-lab-encoder/MMBench/resolve/56ba1af8954932c4804bd3f522e05ed96e63b654/.huggingface.yaml "HTTP/1.1 404 Not Found"
[2026-08-27 20:36:26,331][httpx][INFO] - HTTP Request: GET https://hf-mirror.com/api/datasets/lmms-lab-encoder/MMBench/tree/56ba1af8954932c4804bd3f522e05ed96e63b654/cc?recursive=true&expand=false "HTTP/1.1 200 OK"
[2026-08-27 20:36:26,474][httpx][INFO] - HTTP Request: GET https://hf-mirror.com/api/datasets/lmms-lab-encoder/MMBench/tree/56ba1af8954932c4804bd3f522e05ed96e63b654?recursive=false&expand=false "HTTP/1.1 200 OK"
[2026-08-27 20:36:26,801][httpx][INFO] - HTTP Request: HEAD https://hf-mirror.com/datasets/lmms-lab-encoder/MMBench/resolve/56ba1af8954932c4804bd3f522e05ed96e63b654/dataset_infos.json "HTTP/1.1 404 Not Found"
[2026-08-27 20:36:26,923][httpx][INFO] - HTTP Request: GET https://hf-mirror.com/api/datasets/lmms-lab-encoder/MMBench/tree/56ba1af8954932c4804bd3f522e05ed96e63b654/cn?recursive=true&expand=false "HTTP/1.1 200 OK"
Model: /home/jxy/TTL/Qwen3.5-2B
Strategy: tlm (online.enabled=True), backend=hf, enable_thinking=False
Dataset: lmms-lab-encoder/MMBench cn dev, n=4329
[1/4329] acc=1.0000 pred=B gold=B loss=7.022186756134033 (4.0s/sample)
[20/4329] acc=0.8000 pred=A gold=A loss=19.189483642578125 (1.8s/sample)
[40/4329] acc=0.6750 pred=A gold=A loss=10.332367897033691 (1.8s/sample)
[60/4329] acc=0.6833 pred=A gold=A loss=506.81451416015625 (1.8s/sample)
[80/4329] acc=0.7375 pred=B gold=B loss=113.27719116210938 (1.8s/sample)
[100/4329] acc=0.7500 pred=B gold=C loss=3.8189585208892822 (1.8s/sample)
[120/4329] acc=0.7083 pred=C gold=C loss=17.755935668945312 (1.8s/sample)
[140/4329] acc=0.7071 pred=B gold=A loss=4.210752964019775 (1.8s/sample)
[160/4329] acc=0.7188 pred=B gold=B loss=76.66868591308594 (1.8s/sample)
[180/4329] acc=0.7222 pred=A gold=A loss=35.68353271484375 (1.8s/sample)
[200/4329] acc=0.7250 pred=B gold=A loss=19.758651733398438 (1.8s/sample)
[220/4329] acc=0.6955 pred=A gold=C loss=31.5945987701416 (1.8s/sample)
[240/4329] acc=0.6583 pred=A gold=D loss=-0.0 (1.8s/sample)
[260/4329] acc=0.6769 pred=D gold=D loss=21.77215003967285 (1.9s/sample)
[280/4329] acc=0.7000 pred=D gold=D loss=15.803441047668457 (1.9s/sample)
[300/4329] acc=0.7200 pred=A gold=A loss=8.962885856628418 (1.9s/sample)
[320/4329] acc=0.7344 pred=B gold=B loss=-0.0 (2.0s/sample)
[340/4329] acc=0.7500 pred=A gold=A loss=3.509150266647339 (2.0s/sample)
[360/4329] acc=0.7556 pred=C gold=C loss=-0.0 (2.0s/sample)
[380/4329] acc=0.7579 pred=C gold=B loss=2.4624252319335938 (1.9s/sample)
[400/4329] acc=0.7600 pred=C gold=C loss=6.42672872543335 (1.9s/sample)
[420/4329] acc=0.7595 pred=C gold=A loss=24.07001304626465 (1.9s/sample)
[440/4329] acc=0.7659 pred=C gold=C loss=7.4026055335998535 (1.9s/sample)
[460/4329] acc=0.7652 pred=B gold=A loss=7.2874040603637695 (1.9s/sample)
[480/4329] acc=0.7625 pred=B gold=D loss=13.249062538146973 (1.9s/sample)
[500/4329] acc=0.7700 pred=A gold=A loss=17.53888511657715 (1.9s/sample)
[520/4329] acc=0.7788 pred=D gold=D loss=3.2898852825164795 (1.9s/sample)
[540/4329] acc=0.7722 pred=B gold=B loss=-0.0 (1.9s/sample)
[560/4329] acc=0.7679 pred=A gold=A loss=5.562034606933594 (1.9s/sample)
[580/4329] acc=0.7655 pred=A gold=A loss=3.4961047172546387 (1.9s/sample)
[600/4329] acc=0.7717 pred=A gold=A loss=47.61506271362305 (1.9s/sample)
[620/4329] acc=0.7774 pred=C gold=B loss=2.224069833755493 (1.9s/sample)
[640/4329] acc=0.7812 pred=C gold=C loss=2.7019360065460205 (1.9s/sample)
[660/4329] acc=0.7803 pred=C gold=C loss=7.1060872077941895 (1.9s/sample)
[680/4329] acc=0.7868 pred=D gold=D loss=3.4532341957092285 (1.9s/sample)
[700/4329] acc=0.7914 pred=B gold=B loss=2.3476953506469727 (1.9s/sample)
[720/4329] acc=0.7972 pred=D gold=D loss=4.215139389038086 (1.9s/sample)
[740/4329] acc=0.8027 pred=A gold=A loss=3.397303342819214 (1.9s/sample)
[760/4329] acc=0.8066 pred=B gold=B loss=4.33475399017334 (1.9s/sample)
[780/4329] acc=0.8103 pred=D gold=D loss=3.0328025817871094 (1.9s/sample)
[800/4329] acc=0.8150 pred=A gold=A loss=3.457009792327881 (1.9s/sample)
[820/4329] acc=0.8195 pred=A gold=A loss=3.023960828781128 (1.9s/sample)
[840/4329] acc=0.8226 pred=C gold=C loss=-0.0 (1.9s/sample)
[860/4329] acc=0.8244 pred=C gold=C loss=-0.0 (1.9s/sample)
[880/4329] acc=0.8216 pred=D gold=D loss=2.1639864444732666 (1.9s/sample)
[900/4329] acc=0.8211 pred=A gold=C loss=2.9126217365264893 (1.9s/sample)
[920/4329] acc=0.8250 pred=A gold=A loss=5.9846930503845215 (1.9s/sample)
[940/4329] acc=0.8234 pred=A gold=C loss=-0.0 (1.9s/sample)
[960/4329] acc=0.8208 pred=A gold=A loss=-0.0 (1.9s/sample)
[980/4329] acc=0.8214 pred=B gold=B loss=5.183113098144531 (1.9s/sample)
[1000/4329] acc=0.8200 pred=C gold=C loss=2.9131343364715576 (1.9s/sample)
[1020/4329] acc=0.8225 pred=A gold=A loss=2.4581680297851562 (1.9s/sample)
[1040/4329] acc=0.8240 pred=B gold=B loss=2.1837852001190186 (1.9s/sample)
[1060/4329] acc=0.8274 pred=C gold=C loss=2.7781686782836914 (1.9s/sample)
[1080/4329] acc=0.8213 pred=C gold=D loss=2.1687726974487305 (1.9s/sample)
[1100/4329] acc=0.8136 pred=C gold=C loss=2.0645973682403564 (1.9s/sample)
[1120/4329] acc=0.8161 pred=A gold=A loss=2.793928384780884 (1.9s/sample)
[1140/4329] acc=0.8140 pred=C gold=A loss=-0.0 (1.9s/sample)
[1160/4329] acc=0.8095 pred=D gold=A loss=-0.0 (1.9s/sample)
[1180/4329] acc=0.8076 pred=A gold=B loss=2.4759774208068848 (1.9s/sample)
[1200/4329] acc=0.8042 pred=A gold=B loss=3.608034372329712 (1.9s/sample)
[1220/4329] acc=0.8041 pred=B gold=B loss=9.167472839355469 (1.9s/sample)
[1240/4329] acc=0.8056 pred=B gold=B loss=5.2520341873168945 (1.9s/sample)
[1260/4329] acc=0.8087 pred=A gold=A loss=-0.0 (1.9s/sample)
[1280/4329] acc=0.8078 pred=B gold=B loss=5.639042377471924 (1.9s/sample)
[1300/4329] acc=0.8077 pred=B gold=B loss=-0.0 (1.9s/sample)
[1320/4329] acc=0.8083 pred=B gold=B loss=2.1419425010681152 (1.9s/sample)
[1340/4329] acc=0.8075 pred=C gold=C loss=2.291675567626953 (1.9s/sample)
[1360/4329] acc=0.8081 pred=C gold=C loss=2.351496458053589 (1.9s/sample)
[1380/4329] acc=0.8036 pred=B gold=B loss=-0.0 (1.9s/sample)
[1400/4329] acc=0.7964 pred=B gold=D loss=3.420725107192993 (1.9s/sample)
[1420/4329] acc=0.7944 pred=C gold=C loss=-0.0 (1.9s/sample)
[1440/4329] acc=0.7972 pred=A gold=A loss=6.859391212463379 (1.9s/sample)
[1460/4329] acc=0.8000 pred=D gold=D loss=5.647264003753662 (1.9s/sample)
[1480/4329] acc=0.8014 pred=B gold=B loss=-0.0 (1.9s/sample)
[1500/4329] acc=0.8033 pred=B gold=B loss=3.6095399856567383 (1.9s/sample)
[1520/4329] acc=0.8046 pred=B gold=B loss=-0.0 (1.9s/sample)
[1540/4329] acc=0.8039 pred=C gold=C loss=3.080475330352783 (1.9s/sample)
[1560/4329] acc=0.8058 pred=B gold=B loss=36.678348541259766 (1.9s/sample)
[1580/4329] acc=0.8063 pred=D gold=C loss=5.200874328613281 (1.9s/sample)
[1600/4329] acc=0.8069 pred=A gold=A loss=-0.0 (1.9s/sample)
[1620/4329] acc=0.8074 pred=B gold=B loss=-0.0 (1.9s/sample)
[1640/4329] acc=0.8061 pred=C gold=A loss=-0.0 (1.9s/sample)
[1660/4329] acc=0.8060 pred=B gold=B loss=-0.0 (1.9s/sample)
[1680/4329] acc=0.8083 pred=A gold=A loss=-0.0 (1.9s/sample)
[1700/4329] acc=0.8076 pred=C gold=B loss=-0.0 (1.9s/sample)
[1720/4329] acc=0.8052 pred=C gold=C loss=3.9929187297821045 (1.9s/sample)
[1740/4329] acc=0.8029 pred=C gold=D loss=-0.0 (1.9s/sample)
[1760/4329] acc=0.8040 pred=D gold=D loss=-0.0 (1.9s/sample)
[1780/4329] acc=0.8056 pred=C gold=D loss=-0.0 (1.9s/sample)
[1800/4329] acc=0.8061 pred=C gold=B loss=-0.0 (1.9s/sample)
[1820/4329] acc=0.8060 pred=C gold=A loss=-0.0 (1.9s/sample)
[1840/4329] acc=0.8065 pred=C gold=C loss=-0.0 (1.9s/sample)
[1860/4329] acc=0.8081 pred=B gold=B loss=-0.0 (1.9s/sample)
[1880/4329] acc=0.8101 pred=B gold=B loss=-0.0 (1.9s/sample)
[1900/4329] acc=0.8121 pred=A gold=A loss=-0.0 (1.9s/sample)
[1920/4329] acc=0.8141 pred=D gold=D loss=-0.0 (1.9s/sample)
[1940/4329] acc=0.8149 pred=B gold=B loss=-0.0 (1.9s/sample)
[1960/4329] acc=0.8168 pred=A gold=A loss=-0.0 (1.9s/sample)
[1980/4329] acc=0.8187 pred=D gold=D loss=-0.0 (1.9s/sample)
[2000/4329] acc=0.8195 pred=C gold=D loss=3.0077178478240967 (1.9s/sample)
[2020/4329] acc=0.8208 pred=A gold=A loss=3.5785861015319824 (1.9s/sample)
[2040/4329] acc=0.8186 pred=B gold=B loss=-0.0 (1.9s/sample)
[2060/4329] acc=0.8180 pred=C gold=C loss=-0.0 (1.9s/sample)
[2080/4329] acc=0.8192 pred=A gold=A loss=-0.0 (1.9s/sample)
[2100/4329] acc=0.8195 pred=A gold=A loss=-0.0 (1.9s/sample)
[2120/4329] acc=0.8175 pred=B gold=B loss=-0.0 (1.9s/sample)
[2140/4329] acc=0.8150 pred=A gold=A loss=3.1447014808654785 (1.9s/sample)
[2160/4329] acc=0.8139 pred=B gold=B loss=3.170297384262085 (1.9s/sample)
[2180/4329] acc=0.8151 pred=C gold=C loss=-0.0 (1.9s/sample)
[2200/4329] acc=0.8145 pred=B gold=B loss=-0.0 (1.9s/sample)
[2220/4329] acc=0.8162 pred=D gold=D loss=-0.0 (1.9s/sample)
[2240/4329] acc=0.8143 pred=A gold=D loss=-0.0 (1.9s/sample)
[2260/4329] acc=0.8111 pred=B gold=A loss=-0.0 (1.9s/sample)
[2280/4329] acc=0.8118 pred=A gold=A loss=2.4127676486968994 (1.9s/sample)
[2300/4329] acc=0.8135 pred=B gold=B loss=-0.0 (1.9s/sample)
[2320/4329] acc=0.8108 pred=C gold=C loss=-0.0 (1.9s/sample)
[2340/4329] acc=0.8111 pred=C gold=A loss=-0.0 (1.9s/sample)
[2360/4329] acc=0.8110 pred=B gold=B loss=-0.0 (1.9s/sample)
[2380/4329] acc=0.8105 pred=C gold=C loss=-0.0 (1.9s/sample)
[2400/4329] acc=0.8113 pred=A gold=A loss=-0.0 (1.9s/sample)
[2420/4329] acc=0.8103 pred=C gold=C loss=2.0511045455932617 (1.9s/sample)
[2440/4329] acc=0.8102 pred=A gold=B loss=-0.0 (1.9s/sample)
[2460/4329] acc=0.8069 pred=A gold=B loss=3.281830072402954 (1.9s/sample)
[2480/4329] acc=0.8032 pred=A gold=D loss=-0.0 (1.9s/sample)
[2500/4329] acc=0.8032 pred=C gold=C loss=4.960593223571777 (1.9s/sample)
[2520/4329] acc=0.8048 pred=C gold=C loss=-0.0 (1.9s/sample)
[2540/4329] acc=0.8063 pred=A gold=A loss=-0.0 (1.9s/sample)
[2560/4329] acc=0.8063 pred=C gold=C loss=2.0789403915405273 (1.9s/sample)
[2580/4329] acc=0.8074 pred=C gold=C loss=-0.0 (1.9s/sample)
[2600/4329] acc=0.8077 pred=C gold=C loss=-0.0 (1.9s/sample)
[2620/4329] acc=0.8080 pred=A gold=A loss=3.3901729583740234 (1.9s/sample)
[2640/4329] acc=0.8076 pred=D gold=D loss=-0.0 (1.9s/sample)
[2660/4329] acc=0.8068 pred=D gold=D loss=-0.0 (1.9s/sample)
[2680/4329] acc=0.8075 pred=D gold=D loss=2.6088438034057617 (1.9s/sample)
[2700/4329] acc=0.8063 pred=A gold=B loss=-0.0 (1.9s/sample)
[2720/4329] acc=0.8055 pred=A gold=C loss=-0.0 (1.9s/sample)
[2740/4329] acc=0.8066 pred=C gold=C loss=-0.0 (1.9s/sample)
[2760/4329] acc=0.8080 pred=B gold=B loss=-0.0 (1.9s/sample)
[2780/4329] acc=0.8061 pred=D gold=C loss=-0.0 (1.9s/sample)
[2800/4329] acc=0.8043 pred=D gold=D loss=-0.0 (1.9s/sample)
[2820/4329] acc=0.8039 pred=B gold=B loss=-0.0 (1.9s/sample)
[2840/4329] acc=0.8046 pred=C gold=C loss=3.5786349773406982 (1.9s/sample)
[2860/4329] acc=0.8059 pred=D gold=D loss=-0.0 (1.9s/sample)
[2880/4329] acc=0.8066 pred=B gold=B loss=-0.0 (1.9s/sample)
[2900/4329] acc=0.8052 pred=B gold=A loss=-0.0 (1.9s/sample)
[2920/4329] acc=0.8062 pred=B gold=B loss=-0.0 (1.9s/sample)
[2940/4329] acc=0.8071 pred=A gold=A loss=-0.0 (1.9s/sample)
[2960/4329] acc=0.8084 pred=B gold=B loss=-0.0 (1.9s/sample)
[2980/4329] acc=0.8094 pred=D gold=D loss=-0.0 (1.9s/sample)
[3000/4329] acc=0.8103 pred=C gold=C loss=-0.0 (1.9s/sample)
[3020/4329] acc=0.8113 pred=A gold=A loss=-0.0 (1.9s/sample)
[3040/4329] acc=0.8125 pred=D gold=D loss=-0.0 (1.9s/sample)
[3060/4329] acc=0.8137 pred=D gold=D loss=-0.0 (1.9s/sample)
[3080/4329] acc=0.8143 pred=C gold=C loss=-0.0 (1.9s/sample)
[3100/4329] acc=0.8145 pred=D gold=B loss=-0.0 (1.9s/sample)
[3120/4329] acc=0.8135 pred=D gold=D loss=-0.0 (1.9s/sample)
[3140/4329] acc=0.8137 pred=B gold=B loss=-0.0 (1.9s/sample)
[3160/4329] acc=0.8149 pred=D gold=D loss=-0.0 (1.9s/sample)
[3180/4329] acc=0.8142 pred=A gold=C loss=-0.0 (1.9s/sample)
[3200/4329] acc=0.8113 pred=A gold=C loss=0.0 (1.9s/sample)
[3220/4329] acc=0.8109 pred=A gold=A loss=-0.0 (1.9s/sample)
[3240/4329] acc=0.8105 pred=A gold=A loss=-0.0 (1.9s/sample)
[3260/4329] acc=0.8117 pred=D gold=D loss=-0.0 (1.9s/sample)
[3280/4329] acc=0.8116 pred=A gold=A loss=-0.0 (1.9s/sample)
[3300/4329] acc=0.8127 pred=B gold=B loss=-0.0 (1.9s/sample)
[3320/4329] acc=0.8111 pred=C gold=C loss=-0.0 (1.9s/sample)
[3340/4329] acc=0.8096 pred=D gold=D loss=2.6843812465667725 (1.9s/sample)
[3360/4329] acc=0.8107 pred=C gold=C loss=2.670413017272949 (1.9s/sample)
[3380/4329] acc=0.8107 pred=B gold=D loss=-0.0 (1.9s/sample)
[3400/4329] acc=0.8091 pred=C gold=C loss=-0.0 (1.9s/sample)
[3420/4329] acc=0.8094 pred=D gold=D loss=2.824108362197876 (1.9s/sample)
[3440/4329] acc=0.8105 pred=D gold=D loss=2.5223028659820557 (1.9s/sample)
[3460/4329] acc=0.8116 pred=B gold=B loss=-0.0 (1.9s/sample)
[3480/4329] acc=0.8124 pred=D gold=D loss=-0.0 (1.9s/sample)
[3500/4329] acc=0.8129 pred=D gold=D loss=-0.0 (1.9s/sample)
[3520/4329] acc=0.8136 pred=D gold=D loss=-0.0 (1.9s/sample)
[3540/4329] acc=0.8136 pred=D gold=D loss=3.161003589630127 (1.9s/sample)
[3560/4329] acc=0.8124 pred=D gold=D loss=15.835392951965332 (1.9s/sample)
[3580/4329] acc=0.8123 pred=A gold=A loss=-0.0 (1.9s/sample)
[3600/4329] acc=0.8122 pred=B gold=B loss=-0.0 (1.9s/sample)
[3620/4329] acc=0.8127 pred=B gold=B loss=-0.0 (1.9s/sample)
[3640/4329] acc=0.8121 pred=B gold=B loss=-0.0 (1.9s/sample)
[3660/4329] acc=0.8117 pred=C gold=C loss=-0.0 (1.9s/sample)
[3680/4329] acc=0.8128 pred=A gold=A loss=-0.0 (1.9s/sample)
Warning: TTA update failed at sample 3686 (index=3000750): CUDA out of memory. Tried to allocate 2.00 MiB. GPU 0 has a total capacity of 23.69 GiB of which 3.00 MiB is free. Including non-PyTorch memory, this process has 5.50 GiB memory in use. Process 3643327 has 18.17 GiB memory in use. Of the allocated memory 5.15 GiB is allocated by PyTorch, and 30.12 MiB is reserved by PyTorch but unallocated. If reserved but unallocated memory is large try setting PYTORCH_CUDA_ALLOC_CONF=expandable_segments:True to avoid fragmentation.  See documentation for Memory Management  (https://pytorch.org/docs/stable/notes/cuda.html#environment-variables)
Warning: TTA update failed at sample 3687 (index=3000757): CUDA out of memory. Tried to allocate 2.00 MiB. GPU 0 has a total capacity of 23.69 GiB of which 3.00 MiB is free. Including non-PyTorch memory, this process has 5.50 GiB memory in use. Process 3643327 has 18.17 GiB memory in use. Of the allocated memory 5.16 GiB is allocated by PyTorch, and 25.23 MiB is reserved by PyTorch but unallocated. If reserved but unallocated memory is large try setting PYTORCH_CUDA_ALLOC_CONF=expandable_segments:True to avoid fragmentation.  See documentation for Memory Management  (https://pytorch.org/docs/stable/notes/cuda.html#environment-variables)
[3700/4329] acc=0.8127 pred=A gold=B loss=-0.0 (1.9s/sample)
[3720/4329] acc=0.8110 pred=B gold=B loss=-0.0 (1.9s/sample)
Warning: TTA update failed at sample 3725 (index=3000852): CUDA out of memory. Tried to allocate 20.00 MiB. GPU 0 has a total capacity of 23.69 GiB of which 9.00 MiB is free. Including non-PyTorch memory, this process has 4.59 GiB memory in use. Process 3643327 has 19.08 GiB memory in use. Of the allocated memory 4.26 GiB is allocated by PyTorch, and 7.46 MiB is reserved by PyTorch but unallocated. If reserved but unallocated memory is large try setting PYTORCH_CUDA_ALLOC_CONF=expandable_segments:True to avoid fragmentation.  See documentation for Memory Management  (https://pytorch.org/docs/stable/notes/cuda.html#environment-variables)
Warning: TTA update failed at sample 3726 (index=3000853): CUDA out of memory. Tried to allocate 2.00 MiB. GPU 0 has a total capacity of 23.69 GiB of which 3.00 MiB is free. Including non-PyTorch memory, this process has 4.59 GiB memory in use. Process 3643327 has 19.08 GiB memory in use. Of the allocated memory 4.25 GiB is allocated by PyTorch, and 24.08 MiB is reserved by PyTorch but unallocated. If reserved but unallocated memory is large try setting PYTORCH_CUDA_ALLOC_CONF=expandable_segments:True to avoid fragmentation.  See documentation for Memory Management  (https://pytorch.org/docs/stable/notes/cuda.html#environment-variables)
[3740/4329] acc=0.8110 pred=B gold=C loss=-0.0 (1.9s/sample)
[3760/4329] acc=0.8112 pred=A gold=D loss=-0.0 (1.9s/sample)
[3780/4329] acc=0.8122 pred=A gold=A loss=-0.0 (1.9s/sample)
[3800/4329] acc=0.8124 pred=D gold=D loss=-0.0 (1.9s/sample)
[3820/4329] acc=0.8123 pred=D gold=D loss=-0.0 (1.9s/sample)
[3840/4329] acc=0.8125 pred=D gold=D loss=-0.0 (1.9s/sample)
[3860/4329] acc=0.8132 pred=D gold=D loss=-0.0 (1.9s/sample)
[3880/4329] acc=0.8142 pred=D gold=D loss=-0.0 (1.9s/sample)
[3900/4329] acc=0.8149 pred=B gold=B loss=-0.0 (1.9s/sample)
[3920/4329] acc=0.8158 pred=A gold=A loss=-0.0 (1.9s/sample)
[3940/4329] acc=0.8160 pred=B gold=A loss=-0.0 (1.9s/sample)
[3960/4329] acc=0.8169 pred=A gold=A loss=-0.0 (1.9s/sample)
Warning: TTA update failed at sample 3970 (index=3001399): CUDA out of memory. Tried to allocate 2.00 MiB. GPU 0 has a total capacity of 23.69 GiB of which 3.00 MiB is free. Including non-PyTorch memory, this process has 5.26 GiB memory in use. Process 3643327 has 18.41 GiB memory in use. Of the allocated memory 4.92 GiB is allocated by PyTorch, and 22.71 MiB is reserved by PyTorch but unallocated. If reserved but unallocated memory is large try setting PYTORCH_CUDA_ALLOC_CONF=expandable_segments:True to avoid fragmentation.  See documentation for Memory Management  (https://pytorch.org/docs/stable/notes/cuda.html#environment-variables)
Warning: TTA update failed at sample 3971 (index=3001402): CUDA out of memory. Tried to allocate 2.00 MiB. GPU 0 has a total capacity of 23.69 GiB of which 3.00 MiB is free. Including non-PyTorch memory, this process has 5.26 GiB memory in use. Process 3643327 has 18.41 GiB memory in use. Of the allocated memory 4.91 GiB is allocated by PyTorch, and 24.63 MiB is reserved by PyTorch but unallocated. If reserved but unallocated memory is large try setting PYTORCH_CUDA_ALLOC_CONF=expandable_segments:True to avoid fragmentation.  See documentation for Memory Management  (https://pytorch.org/docs/stable/notes/cuda.html#environment-variables)
[3980/4329] acc=0.8178 pred=A gold=A loss=-0.0 (1.9s/sample)
Warning: TTA update failed at sample 3985 (index=3001424): CUDA out of memory. Tried to allocate 20.00 MiB. GPU 0 has a total capacity of 23.69 GiB of which 15.00 MiB is free. Including non-PyTorch memory, this process has 5.57 GiB memory in use. Process 3643327 has 18.09 GiB memory in use. Of the allocated memory 5.23 GiB is allocated by PyTorch, and 16.59 MiB is reserved by PyTorch but unallocated. If reserved but unallocated memory is large try setting PYTORCH_CUDA_ALLOC_CONF=expandable_segments:True to avoid fragmentation.  See documentation for Memory Management  (https://pytorch.org/docs/stable/notes/cuda.html#environment-variables)
Warning: TTA update failed at sample 3999 (index=3001447): CUDA out of memory. Tried to allocate 20.00 MiB. GPU 0 has a total capacity of 23.69 GiB of which 15.00 MiB is free. Including non-PyTorch memory, this process has 4.55 GiB memory in use. Process 3643327 has 19.11 GiB memory in use. Of the allocated memory 4.22 GiB is allocated by PyTorch, and 8.77 MiB is reserved by PyTorch but unallocated. If reserved but unallocated memory is large try setting PYTORCH_CUDA_ALLOC_CONF=expandable_segments:True to avoid fragmentation.  See documentation for Memory Management  (https://pytorch.org/docs/stable/notes/cuda.html#environment-variables)
[4000/4329] acc=0.8185 pred=B gold=B loss=None (1.9s/sample)
Warning: TTA update failed at sample 4000 (index=3001451): CUDA out of memory. Tried to allocate 20.00 MiB. GPU 0 has a total capacity of 23.69 GiB of which 15.00 MiB is free. Including non-PyTorch memory, this process has 4.55 GiB memory in use. Process 3643327 has 19.11 GiB memory in use. Of the allocated memory 4.22 GiB is allocated by PyTorch, and 7.86 MiB is reserved by PyTorch but unallocated. If reserved but unallocated memory is large try setting PYTORCH_CUDA_ALLOC_CONF=expandable_segments:True to avoid fragmentation.  See documentation for Memory Management  (https://pytorch.org/docs/stable/notes/cuda.html#environment-variables)
Warning: TTA update failed at sample 4001 (index=3001452): CUDA out of memory. Tried to allocate 20.00 MiB. GPU 0 has a total capacity of 23.69 GiB of which 15.00 MiB is free. Including non-PyTorch memory, this process has 4.55 GiB memory in use. Process 3643327 has 19.11 GiB memory in use. Of the allocated memory 4.22 GiB is allocated by PyTorch, and 7.86 MiB is reserved by PyTorch but unallocated. If reserved but unallocated memory is large try setting PYTORCH_CUDA_ALLOC_CONF=expandable_segments:True to avoid fragmentation.  See documentation for Memory Management  (https://pytorch.org/docs/stable/notes/cuda.html#environment-variables)
Warning: TTA update failed at sample 4003 (index=3001454): CUDA out of memory. Tried to allocate 260.00 MiB. GPU 0 has a total capacity of 23.69 GiB of which 3.00 MiB is free. Including non-PyTorch memory, this process has 6.71 GiB memory in use. Process 3643327 has 16.96 GiB memory in use. Of the allocated memory 6.35 GiB is allocated by PyTorch, and 36.88 MiB is reserved by PyTorch but unallocated. If reserved but unallocated memory is large try setting PYTORCH_CUDA_ALLOC_CONF=expandable_segments:True to avoid fragmentation.  See documentation for Memory Management  (https://pytorch.org/docs/stable/notes/cuda.html#environment-variables)
Warning: TTA update failed at sample 4016 (index=3001472): CUDA out of memory. Tried to allocate 20.00 MiB. GPU 0 has a total capacity of 23.69 GiB of which 19.00 MiB is free. Including non-PyTorch memory, this process has 5.36 GiB memory in use. Process 3643327 has 18.29 GiB memory in use. Of the allocated memory 5.03 GiB is allocated by PyTorch, and 14.55 MiB is reserved by PyTorch but unallocated. If reserved but unallocated memory is large try setting PYTORCH_CUDA_ALLOC_CONF=expandable_segments:True to avoid fragmentation.  See documentation for Memory Management  (https://pytorch.org/docs/stable/notes/cuda.html#environment-variables)
Warning: TTA update failed at sample 4017 (index=3001476): CUDA out of memory. Tried to allocate 20.00 MiB. GPU 0 has a total capacity of 23.69 GiB of which 11.00 MiB is free. Including non-PyTorch memory, this process has 5.37 GiB memory in use. Process 3643327 has 18.29 GiB memory in use. Of the allocated memory 5.02 GiB is allocated by PyTorch, and 31.61 MiB is reserved by PyTorch but unallocated. If reserved but unallocated memory is large try setting PYTORCH_CUDA_ALLOC_CONF=expandable_segments:True to avoid fragmentation.  See documentation for Memory Management  (https://pytorch.org/docs/stable/notes/cuda.html#environment-variables)
[4020/4329] acc=0.8189 pred=B gold=B loss=3.6926660537719727 (1.9s/sample)
[4040/4329] acc=0.8186 pred=C gold=C loss=-0.0 (1.9s/sample)
[4060/4329] acc=0.8182 pred=D gold=D loss=-0.0 (1.9s/sample)
Warning: TTA update failed at sample 4074 (index=3001594): CUDA out of memory. Tried to allocate 2.00 MiB. GPU 0 has a total capacity of 23.69 GiB of which 3.00 MiB is free. Including non-PyTorch memory, this process has 5.80 GiB memory in use. Process 3643327 has 17.87 GiB memory in use. Of the allocated memory 5.44 GiB is allocated by PyTorch, and 35.92 MiB is reserved by PyTorch but unallocated. If reserved but unallocated memory is large try setting PYTORCH_CUDA_ALLOC_CONF=expandable_segments:True to avoid fragmentation.  See documentation for Memory Management  (https://pytorch.org/docs/stable/notes/cuda.html#environment-variables)
Warning: TTA update failed at sample 4075 (index=3001595): CUDA out of memory. Tried to allocate 20.00 MiB. GPU 0 has a total capacity of 23.69 GiB of which 11.00 MiB is free. Including non-PyTorch memory, this process has 5.79 GiB memory in use. Process 3643327 has 17.87 GiB memory in use. Of the allocated memory 5.44 GiB is allocated by PyTorch, and 27.20 MiB is reserved by PyTorch but unallocated. If reserved but unallocated memory is large try setting PYTORCH_CUDA_ALLOC_CONF=expandable_segments:True to avoid fragmentation.  See documentation for Memory Management  (https://pytorch.org/docs/stable/notes/cuda.html#environment-variables)
[4080/4329] acc=0.8191 pred=D gold=D loss=-0.0 (1.9s/sample)
[4100/4329] acc=0.8198 pred=B gold=B loss=0.0 (1.9s/sample)
Warning: TTA update failed at sample 4116 (index=3001664): CUDA out of memory. Tried to allocate 20.00 MiB. GPU 0 has a total capacity of 23.69 GiB of which 13.00 MiB is free. Including non-PyTorch memory, this process has 5.35 GiB memory in use. Process 3643327 has 18.31 GiB memory in use. Of the allocated memory 5.02 GiB is allocated by PyTorch, and 9.39 MiB is reserved by PyTorch but unallocated. If reserved but unallocated memory is large try setting PYTORCH_CUDA_ALLOC_CONF=expandable_segments:True to avoid fragmentation.  See documentation for Memory Management  (https://pytorch.org/docs/stable/notes/cuda.html#environment-variables)
[4120/4329] acc=0.8180 pred=C gold=C loss=-0.0 (1.9s/sample)
[4140/4329] acc=0.8171 pred=B gold=B loss=2.120180130004883 (1.9s/sample)
[4160/4329] acc=0.8168 pred=B gold=C loss=-0.0 (1.9s/sample)
[4180/4329] acc=0.8175 pred=B gold=B loss=-0.0 (1.9s/sample)
Warning: TTA update failed at sample 4188 (index=3001770): CUDA out of memory. Tried to allocate 20.00 MiB. GPU 0 has a total capacity of 23.69 GiB of which 17.00 MiB is free. Including non-PyTorch memory, this process has 4.77 GiB memory in use. Process 3643327 has 18.88 GiB memory in use. Of the allocated memory 4.44 GiB is allocated by PyTorch, and 13.37 MiB is reserved by PyTorch but unallocated. If reserved but unallocated memory is large try setting PYTORCH_CUDA_ALLOC_CONF=expandable_segments:True to avoid fragmentation.  See documentation for Memory Management  (https://pytorch.org/docs/stable/notes/cuda.html#environment-variables)
Warning: TTA update failed at sample 4189 (index=3001771): CUDA out of memory. Tried to allocate 20.00 MiB. GPU 0 has a total capacity of 23.69 GiB of which 19.00 MiB is free. Including non-PyTorch memory, this process has 4.77 GiB memory in use. Process 3643327 has 18.88 GiB memory in use. Of the allocated memory 4.44 GiB is allocated by PyTorch, and 13.16 MiB is reserved by PyTorch but unallocated. If reserved but unallocated memory is large try setting PYTORCH_CUDA_ALLOC_CONF=expandable_segments:True to avoid fragmentation.  See documentation for Memory Management  (https://pytorch.org/docs/stable/notes/cuda.html#environment-variables)
Warning: TTA update failed at sample 4190 (index=3001772): CUDA out of memory. Tried to allocate 20.00 MiB. GPU 0 has a total capacity of 23.69 GiB of which 19.00 MiB is free. Including non-PyTorch memory, this process has 4.77 GiB memory in use. Process 3643327 has 18.88 GiB memory in use. Of the allocated memory 4.44 GiB is allocated by PyTorch, and 11.27 MiB is reserved by PyTorch but unallocated. If reserved but unallocated memory is large try setting PYTORCH_CUDA_ALLOC_CONF=expandable_segments:True to avoid fragmentation.  See documentation for Memory Management  (https://pytorch.org/docs/stable/notes/cuda.html#environment-variables)
Warning: TTA update failed at sample 4191 (index=3001773): CUDA out of memory. Tried to allocate 20.00 MiB. GPU 0 has a total capacity of 23.69 GiB of which 3.00 MiB is free. Including non-PyTorch memory, this process has 5.68 GiB memory in use. Process 3643327 has 17.99 GiB memory in use. Of the allocated memory 5.34 GiB is allocated by PyTorch, and 18.85 MiB is reserved by PyTorch but unallocated. If reserved but unallocated memory is large try setting PYTORCH_CUDA_ALLOC_CONF=expandable_segments:True to avoid fragmentation.  See documentation for Memory Management  (https://pytorch.org/docs/stable/notes/cuda.html#environment-variables)
Warning: TTA update failed at sample 4192 (index=3001774): CUDA out of memory. Tried to allocate 20.00 MiB. GPU 0 has a total capacity of 23.69 GiB of which 15.00 MiB is free. Including non-PyTorch memory, this process has 5.67 GiB memory in use. Process 3643327 has 17.99 GiB memory in use. Of the allocated memory 5.32 GiB is allocated by PyTorch, and 28.81 MiB is reserved by PyTorch but unallocated. If reserved but unallocated memory is large try setting PYTORCH_CUDA_ALLOC_CONF=expandable_segments:True to avoid fragmentation.  See documentation for Memory Management  (https://pytorch.org/docs/stable/notes/cuda.html#environment-variables)
[4200/4329] acc=0.8169 pred=C gold=C loss=-0.0 (1.9s/sample)
Warning: TTA update failed at sample 4214 (index=3001813): CUDA out of memory. Tried to allocate 144.00 MiB. GPU 0 has a total capacity of 23.69 GiB of which 47.00 MiB is free. Including non-PyTorch memory, this process has 5.63 GiB memory in use. Process 3643327 has 18.00 GiB memory in use. Of the allocated memory 5.27 GiB is allocated by PyTorch, and 37.61 MiB is reserved by PyTorch but unallocated. If reserved but unallocated memory is large try setting PYTORCH_CUDA_ALLOC_CONF=expandable_segments:True to avoid fragmentation.  See documentation for Memory Management  (https://pytorch.org/docs/stable/notes/cuda.html#environment-variables)
Warning: TTA update failed at sample 4215 (index=3001814): CUDA out of memory. Tried to allocate 2.00 MiB. GPU 0 has a total capacity of 23.69 GiB of which 3.00 MiB is free. Including non-PyTorch memory, this process has 5.67 GiB memory in use. Process 3643327 has 18.00 GiB memory in use. Of the allocated memory 5.31 GiB is allocated by PyTorch, and 43.11 MiB is reserved by PyTorch but unallocated. If reserved but unallocated memory is large try setting PYTORCH_CUDA_ALLOC_CONF=expandable_segments:True to avoid fragmentation.  See documentation for Memory Management  (https://pytorch.org/docs/stable/notes/cuda.html#environment-variables)
Warning: TTA update failed at sample 4217 (index=3001816): CUDA out of memory. Tried to allocate 236.00 MiB. GPU 0 has a total capacity of 23.69 GiB of which 195.00 MiB is free. Including non-PyTorch memory, this process has 6.40 GiB memory in use. Process 3643327 has 17.08 GiB memory in use. Of the allocated memory 6.02 GiB is allocated by PyTorch, and 60.32 MiB is reserved by PyTorch but unallocated. If reserved but unallocated memory is large try setting PYTORCH_CUDA_ALLOC_CONF=expandable_segments:True to avoid fragmentation.  See documentation for Memory Management  (https://pytorch.org/docs/stable/notes/cuda.html#environment-variables)
[4220/4329] acc=0.8178 pred=A gold=A loss=-0.0 (1.9s/sample)
Warning: TTA update failed at sample 4226 (index=3001830): CUDA out of memory. Tried to allocate 20.00 MiB. GPU 0 has a total capacity of 23.69 GiB of which 13.00 MiB is free. Including non-PyTorch memory, this process has 5.08 GiB memory in use. Process 3643327 has 18.58 GiB memory in use. Of the allocated memory 4.74 GiB is allocated by PyTorch, and 24.68 MiB is reserved by PyTorch but unallocated. If reserved but unallocated memory is large try setting PYTORCH_CUDA_ALLOC_CONF=expandable_segments:True to avoid fragmentation.  See documentation for Memory Management  (https://pytorch.org/docs/stable/notes/cuda.html#environment-variables)
[4240/4329] acc=0.8175 pred=D gold=C loss=-0.0 (1.9s/sample)
[4260/4329] acc=0.8157 pred=B gold=B loss=-0.0 (1.9s/sample)
[4280/4329] acc=0.8157 pred=C gold=C loss=-0.0 (1.9s/sample)
[4300/4329] acc=0.8160 pred=C gold=D loss=-0.0 (1.9s/sample)
Warning: TTA update failed at sample 4311 (index=3001963): CUDA out of memory. Tried to allocate 2.00 MiB. GPU 0 has a total capacity of 23.69 GiB of which 3.00 MiB is free. Including non-PyTorch memory, this process has 4.55 GiB memory in use. Process 3643327 has 19.12 GiB memory in use. Of the allocated memory 4.22 GiB is allocated by PyTorch, and 6.39 MiB is reserved by PyTorch but unallocated. If reserved but unallocated memory is large try setting PYTORCH_CUDA_ALLOC_CONF=expandable_segments:True to avoid fragmentation.  See documentation for Memory Management  (https://pytorch.org/docs/stable/notes/cuda.html#environment-variables)
Warning: TTA update failed at sample 4312 (index=3001964): CUDA out of memory. Tried to allocate 2.00 MiB. GPU 0 has a total capacity of 23.69 GiB of which 3.00 MiB is free. Including non-PyTorch memory, this process has 4.55 GiB memory in use. Process 3643327 has 19.12 GiB memory in use. Of the allocated memory 4.21 GiB is allocated by PyTorch, and 17.06 MiB is reserved by PyTorch but unallocated. If reserved but unallocated memory is large try setting PYTORCH_CUDA_ALLOC_CONF=expandable_segments:True to avoid fragmentation.  See documentation for Memory Management  (https://pytorch.org/docs/stable/notes/cuda.html#environment-variables)
Warning: TTA update failed at sample 4313 (index=3001965): CUDA out of memory. Tried to allocate 20.00 MiB. GPU 0 has a total capacity of 23.69 GiB of which 3.00 MiB is free. Including non-PyTorch memory, this process has 4.55 GiB memory in use. Process 3643327 has 19.12 GiB memory in use. Of the allocated memory 4.22 GiB is allocated by PyTorch, and 10.33 MiB is reserved by PyTorch but unallocated. If reserved but unallocated memory is large try setting PYTORCH_CUDA_ALLOC_CONF=expandable_segments:True to avoid fragmentation.  See documentation for Memory Management  (https://pytorch.org/docs/stable/notes/cuda.html#environment-variables)
[4320/4329] acc=0.8148 pred=A gold=A loss=-0.0 (1.9s/sample)
{
  "overall_acc": 0.8142758142758143,
  "correct": 3525,
  "total": 4329,
  "strategy": "tlm",
  "online_enabled": true,
  "model": "/home/jxy/TTL/Qwen3.5-2B",
  "dataset": "lmms-lab-encoder/MMBench/cn/dev",
  "enable_thinking": false,
  "max_new_tokens": 256,
  "elapsed_sec": 8346.2,
  "category_acc": {
    "action_recognition": 0.9534883720930233,
    "attribute_comparison": 0.8297872340425532,
    "attribute_recognition": 0.8977272727272727,
    "celebrity_recognition": 0.9267676767676768,
    "function_reasoning": 0.868421052631579,
    "future_prediction": 0.6461538461538462,
    "identity_reasoning": 0.9829545454545454,
    "image_emotion": 0.9,
    "image_quality": 0.5933333333333334,
    "image_scene": 0.9754299754299754,
    "image_style": 0.9245283018867925,
    "image_topic": 0.9285714285714286,
    "nature_relation": 0.659217877094972,
    "object_localization": 0.7047619047619048,
    "ocr": 0.8910256410256411,
    "physical_property_reasoning": 0.5616438356164384,
    "physical_relation": 0.6808510638297872,
    "social_relation": 0.9302325581395349,
    "spatial_relationship": 0.519774011299435,
    "structuralized_imagetext_understanding": 0.5957446808510638
  },
  "l2_category_acc": {
    "attribute_reasoning": 0.8011444921316166,
    "coarse_perception": 0.8944995491433724,
    "finegrained_perception (cross-instance)": 0.776735459662289,
    "finegrained_perception (instance-level)": 0.8532272325375774,
    "logic_reasoning": 0.6116504854368932,
    "relation_reasoning": 0.7685393258426966
  }
}
Results saved to: /home/jxy/mmbench_cn_results/ttl_qwen35_2b/tlm.json (+ /home/jxy/mmbench_cn_results/ttl_qwen35_2b/tlm.jsonl)
===== [2026年 08月 27日 星期四 22:55:34 CST] tlm 结束，退出码 0 =====
===== [2026年 08月 27日 星期四 22:55:34 CST] come 开始 =====
[2026-08-27 22:55:41,351][numexpr.utils][INFO] - Note: NumExpr detected 48 cores but "NUMEXPR_MAX_THREADS" not set, so enforcing safe limit of 16.
[2026-08-27 22:55:41,351][numexpr.utils][INFO] - NumExpr defaulting to 16 threads.
[transformers] `torch_dtype` is deprecated! Use `dtype` instead!
Loading weights:   0%|          | 0/617 [00:00<?, ?it/s]Loading weights:  39%|███▊      | 239/617 [00:00<00:00, 2371.25it/s]Loading weights: 100%|██████████| 617/617 [00:00<00:00, 3177.71it/s]
trainable params: 417,792 || all params: 2,213,659,456 || trainable%: 0.0189
Error executing job with overrides: ['model.peft.enabled=true', 'model.torch_dtype=bfloat16', 'online.lr=1e-5', 'online.sync_every_n_updates=0', 'online.gradient_checkpointing=true', 'strategy=come', 'online.enabled=true', 'output_json=/home/jxy/mmbench_cn_results/ttl_qwen35_2b/come.json']
Traceback (most recent call last):
  File "/home/jxy/TTL_CLONE/OpenTTL/evaluations/run_mmbench_cn.py", line 149, in main
    train_model.to(device)
  File "/home/jxy/miniconda3/envs/mmbench/lib/python3.11/site-packages/torch/nn/modules/module.py", line 1343, in to
    return self._apply(convert)
           ^^^^^^^^^^^^^^^^^^^^
  File "/home/jxy/miniconda3/envs/mmbench/lib/python3.11/site-packages/torch/nn/modules/module.py", line 903, in _apply
    module._apply(fn)
  File "/home/jxy/miniconda3/envs/mmbench/lib/python3.11/site-packages/torch/nn/modules/module.py", line 903, in _apply
    module._apply(fn)
  File "/home/jxy/miniconda3/envs/mmbench/lib/python3.11/site-packages/torch/nn/modules/module.py", line 903, in _apply
    module._apply(fn)
  [Previous line repeated 2 more times]
  File "/home/jxy/miniconda3/envs/mmbench/lib/python3.11/site-packages/torch/nn/modules/module.py", line 930, in _apply
    param_applied = fn(param)
                    ^^^^^^^^^
  File "/home/jxy/miniconda3/envs/mmbench/lib/python3.11/site-packages/torch/nn/modules/module.py", line 1329, in convert
    return t.to(
           ^^^^^
torch.OutOfMemoryError: CUDA out of memory. Tried to allocate 970.00 MiB. GPU 0 has a total capacity of 23.69 GiB of which 795.00 MiB is free. Process 3643327 has 22.02 GiB memory in use. Including non-PyTorch memory, this process has 896.00 MiB memory in use. Of the allocated memory 632.13 MiB is allocated by PyTorch, and 9.87 MiB is reserved by PyTorch but unallocated. If reserved but unallocated memory is large try setting PYTORCH_CUDA_ALLOC_CONF=expandable_segments:True to avoid fragmentation.  See documentation for Memory Management  (https://pytorch.org/docs/stable/notes/cuda.html#environment-variables)

Set the environment variable HYDRA_FULL_ERROR=1 for a complete stack trace.
===== [2026年 08月 27日 星期四 22:55:47 CST] come 结束，退出码 0 =====
===== [2026年 08月 27日 星期四 22:55:47 CST] 全部完成 =====
===== [2026年 08月 28日 星期五 13:57:55 CST] come 开始 =====
[2026-08-28 13:58:02,465][numexpr.utils][INFO] - Note: NumExpr detected 48 cores but "NUMEXPR_MAX_THREADS" not set, so enforcing safe limit of 16.
[2026-08-28 13:58:02,465][numexpr.utils][INFO] - NumExpr defaulting to 16 threads.
[transformers] `torch_dtype` is deprecated! Use `dtype` instead!
Loading weights:   0%|          | 0/617 [00:00<?, ?it/s]Loading weights:  42%|████▏     | 260/617 [00:00<00:00, 2596.04it/s]Loading weights:  88%|████████▊ | 546/617 [00:00<00:00, 2744.07it/s]Loading weights: 100%|██████████| 617/617 [00:00<00:00, 2726.30it/s]
trainable params: 417,792 || all params: 2,213,659,456 || trainable%: 0.0189
[2026-08-28 13:58:08,758][httpx][INFO] - HTTP Request: GET https://hf-mirror.com/api/agent-harnesses "HTTP/1.1 200 OK"
[2026-08-28 13:58:09,047][httpx][INFO] - HTTP Request: HEAD https://hf-mirror.com/datasets/lmms-lab-encoder/MMBench/resolve/main/README.md "HTTP/1.1 307 Temporary Redirect"
[2026-08-28 13:58:09,183][httpx][INFO] - HTTP Request: HEAD https://hf-mirror.com/api/resolve-cache/datasets/lmms-lab-encoder/MMBench/56ba1af8954932c4804bd3f522e05ed96e63b654/README.md "HTTP/1.1 200 OK"
[2026-08-28 13:58:09,559][httpx][INFO] - HTTP Request: HEAD https://hf-mirror.com/datasets/lmms-lab-encoder/MMBench/resolve/56ba1af8954932c4804bd3f522e05ed96e63b654/MMBench.py "HTTP/1.1 404 Not Found"
Warning: You are sending unauthenticated requests to the HF Hub. Please set a HF_TOKEN to enable higher rate limits and faster downloads.
[2026-08-28 13:58:09,560][huggingface_hub.utils._http][WARNING] - Warning: You are sending unauthenticated requests to the HF Hub. Please set a HF_TOKEN to enable higher rate limits and faster downloads.
[2026-08-28 13:58:10,605][httpx][INFO] - HTTP Request: HEAD https://s3.amazonaws.com/datasets.huggingface.co/datasets/datasets/lmms-lab-encoder/MMBench/lmms-lab-encoder/MMBench.py "HTTP/1.1 404 Not Found"
[2026-08-28 13:58:10,962][httpx][INFO] - HTTP Request: GET https://hf-mirror.com/api/datasets/lmms-lab-encoder/MMBench/revision/56ba1af8954932c4804bd3f522e05ed96e63b654 "HTTP/1.1 200 OK"
[2026-08-28 13:58:11,250][httpx][INFO] - HTTP Request: HEAD https://hf-mirror.com/datasets/lmms-lab-encoder/MMBench/resolve/56ba1af8954932c4804bd3f522e05ed96e63b654/.huggingface.yaml "HTTP/1.1 404 Not Found"
[2026-08-28 13:58:13,004][httpx][INFO] - HTTP Request: GET https://hf-mirror.com/api/datasets/lmms-lab-encoder/MMBench/tree/56ba1af8954932c4804bd3f522e05ed96e63b654/cc?recursive=true&expand=false "HTTP/1.1 200 OK"
[2026-08-28 13:58:13,309][httpx][INFO] - HTTP Request: GET https://hf-mirror.com/api/datasets/lmms-lab-encoder/MMBench/tree/56ba1af8954932c4804bd3f522e05ed96e63b654?recursive=false&expand=false "HTTP/1.1 200 OK"
[2026-08-28 13:58:13,611][httpx][INFO] - HTTP Request: HEAD https://hf-mirror.com/datasets/lmms-lab-encoder/MMBench/resolve/56ba1af8954932c4804bd3f522e05ed96e63b654/dataset_infos.json "HTTP/1.1 404 Not Found"
[2026-08-28 13:58:13,928][httpx][INFO] - HTTP Request: GET https://hf-mirror.com/api/datasets/lmms-lab-encoder/MMBench/tree/56ba1af8954932c4804bd3f522e05ed96e63b654/cn?recursive=true&expand=false "HTTP/1.1 200 OK"
Model: /home/jxy/TTL/Qwen3.5-2B
Strategy: come (online.enabled=True), backend=hf, enable_thinking=False
Dataset: lmms-lab-encoder/MMBench cn dev, n=4329
[1/4329] acc=1.0000 pred=B gold=B loss=0.37331971526145935 (21.0s/sample)
[20/4329] acc=0.8000 pred=A gold=A loss=0.20843374729156494 (17.9s/sample)
[40/4329] acc=0.7000 pred=A gold=A loss=1.1969139575958252 (16.8s/sample)
[60/4329] acc=0.7000 pred=A gold=A loss=0.1014559268951416 (16.5s/sample)
[80/4329] acc=0.7500 pred=B gold=B loss=0.1357228010892868 (16.0s/sample)
[100/4329] acc=0.7600 pred=B gold=C loss=0.08904679119586945 (15.9s/sample)
[120/4329] acc=0.7250 pred=C gold=C loss=0.10171405225992203 (15.7s/sample)
[140/4329] acc=0.7214 pred=B gold=A loss=0.05456468090415001 (15.8s/sample)
[160/4329] acc=0.7438 pred=B gold=B loss=0.026877351105213165 (15.7s/sample)
[180/4329] acc=0.7500 pred=A gold=A loss=0.01255964394658804 (15.6s/sample)
[200/4329] acc=0.7500 pred=B gold=A loss=0.006464866455644369 (15.5s/sample)
Warning: TTA update failed at sample 217 (index=1544): CUDA out of memory. Tried to allocate 2.00 MiB. GPU 0 has a total capacity of 23.69 GiB of which 3.00 MiB is free. Process 3694631 has 16.93 GiB memory in use. Including non-PyTorch memory, this process has 6.74 GiB memory in use. Of the allocated memory 6.38 GiB is allocated by PyTorch, and 40.85 MiB is reserved by PyTorch but unallocated. If reserved but unallocated memory is large try setting PYTORCH_CUDA_ALLOC_CONF=expandable_segments:True to avoid fragmentation.  See documentation for Memory Management  (https://pytorch.org/docs/stable/notes/cuda.html#environment-variables)
[220/4329] acc=0.7182 pred=A gold=C loss=0.005285059567540884 (15.5s/sample)
[240/4329] acc=0.6917 pred=A gold=D loss=0.03212948516011238 (15.5s/sample)
[260/4329] acc=0.7115 pred=D gold=D loss=0.0019305322784930468 (15.6s/sample)
[280/4329] acc=0.7321 pred=D gold=D loss=0.002031999174505472 (15.6s/sample)
[300/4329] acc=0.7500 pred=A gold=A loss=0.023769447579979897 (15.6s/sample)
[320/4329] acc=0.7625 pred=B gold=B loss=0.001606547855772078 (15.6s/sample)
[340/4329] acc=0.7735 pred=A gold=A loss=0.00165342609398067 (15.7s/sample)
[360/4329] acc=0.7778 pred=C gold=C loss=0.0055406345054507256 (15.7s/sample)
[380/4329] acc=0.7789 pred=C gold=B loss=0.0029733136761933565 (15.7s/sample)
[400/4329] acc=0.7725 pred=C gold=C loss=0.0018017321126535535 (15.7s/sample)
[420/4329] acc=0.7690 pred=C gold=A loss=0.001030920073390007 (15.7s/sample)
[440/4329] acc=0.7750 pred=C gold=C loss=0.0014192706439644098 (15.7s/sample)
[460/4329] acc=0.7739 pred=B gold=A loss=0.0014776844764128327 (15.6s/sample)
[480/4329] acc=0.7729 pred=B gold=D loss=0.0006991637637838721 (15.6s/sample)
[500/4329] acc=0.7780 pred=A gold=A loss=0.0009587070089764893 (15.6s/sample)
[520/4329] acc=0.7865 pred=D gold=D loss=0.0007606364088132977 (15.6s/sample)
[540/4329] acc=0.7815 pred=B gold=B loss=0.0008869834127835929 (15.7s/sample)
[560/4329] acc=0.7768 pred=A gold=A loss=0.0005990121280774474 (15.6s/sample)
[580/4329] acc=0.7741 pred=A gold=A loss=0.00047602783888578415 (15.6s/sample)
[600/4329] acc=0.7800 pred=A gold=A loss=0.0005632182583212852 (15.6s/sample)
[620/4329] acc=0.7855 pred=C gold=B loss=0.000432348606409505 (15.6s/sample)
[640/4329] acc=0.7891 pred=C gold=C loss=0.0005332782166078687 (15.6s/sample)
[660/4329] acc=0.7879 pred=C gold=C loss=0.0004234355001244694 (15.6s/sample)
[680/4329] acc=0.7941 pred=D gold=D loss=0.00039649568498134613 (15.6s/sample)
[700/4329] acc=0.7986 pred=B gold=B loss=0.0006344041903503239 (15.6s/sample)
[720/4329] acc=0.8042 pred=D gold=D loss=0.0005115141393616796 (15.6s/sample)
[740/4329] acc=0.8095 pred=A gold=A loss=0.00036321228253655136 (15.6s/sample)
[760/4329] acc=0.8132 pred=B gold=B loss=0.0003989606921095401 (15.6s/sample)
[780/4329] acc=0.8167 pred=D gold=D loss=0.00029047238058410585 (15.6s/sample)
[800/4329] acc=0.8213 pred=A gold=A loss=0.0002925919834524393 (15.6s/sample)
[820/4329] acc=0.8256 pred=A gold=A loss=0.0003352128551341593 (15.5s/sample)
[840/4329] acc=0.8262 pred=C gold=C loss=0.0003389817720744759 (15.5s/sample)
[860/4329] acc=0.8279 pred=C gold=C loss=0.0005121291615068913 (15.5s/sample)
[880/4329] acc=0.8250 pred=D gold=D loss=0.000260851375060156 (15.6s/sample)
Warning: TTA update failed at sample 888 (index=1532): CUDA out of memory. Tried to allocate 20.00 MiB. GPU 0 has a total capacity of 23.69 GiB of which 9.00 MiB is free. Process 3694631 has 17.65 GiB memory in use. Including non-PyTorch memory, this process has 6.01 GiB memory in use. Of the allocated memory 5.65 GiB is allocated by PyTorch, and 42.28 MiB is reserved by PyTorch but unallocated. If reserved but unallocated memory is large try setting PYTORCH_CUDA_ALLOC_CONF=expandable_segments:True to avoid fragmentation.  See documentation for Memory Management  (https://pytorch.org/docs/stable/notes/cuda.html#environment-variables)
Warning: TTA update failed at sample 889 (index=1534): CUDA out of memory. Tried to allocate 2.00 MiB. GPU 0 has a total capacity of 23.69 GiB of which 3.00 MiB is free. Process 3694631 has 17.65 GiB memory in use. Including non-PyTorch memory, this process has 6.02 GiB memory in use. Of the allocated memory 5.67 GiB is allocated by PyTorch, and 25.60 MiB is reserved by PyTorch but unallocated. If reserved but unallocated memory is large try setting PYTORCH_CUDA_ALLOC_CONF=expandable_segments:True to avoid fragmentation.  See documentation for Memory Management  (https://pytorch.org/docs/stable/notes/cuda.html#environment-variables)
[900/4329] acc=0.8233 pred=C gold=C loss=0.00027385709108784795 (15.6s/sample)
[920/4329] acc=0.8272 pred=A gold=A loss=0.0006619130726903677 (15.6s/sample)
[940/4329] acc=0.8266 pred=C gold=C loss=0.0026100643444806337 (15.6s/sample)
[960/4329] acc=0.8219 pred=A gold=A loss=0.0016511097783222795 (15.6s/sample)
[980/4329] acc=0.8214 pred=B gold=B loss=0.00019661925034597516 (15.6s/sample)
[1000/4329] acc=0.8200 pred=C gold=C loss=0.00023414674797095358 (15.6s/sample)
[1020/4329] acc=0.8235 pred=A gold=A loss=0.0014063118724152446 (15.6s/sample)
[1040/4329] acc=0.8250 pred=B gold=B loss=0.00023015767510514706 (15.6s/sample)
[1060/4329] acc=0.8283 pred=C gold=C loss=0.00016145729750860482 (15.7s/sample)
[1080/4329] acc=0.8231 pred=A gold=D loss=0.0005193295073695481 (15.7s/sample)
[1100/4329] acc=0.8155 pred=C gold=C loss=0.00037964750663377345 (15.7s/sample)
[1120/4329] acc=0.8179 pred=A gold=A loss=0.00025981871294789016 (15.7s/sample)
[1140/4329] acc=0.8167 pred=C gold=A loss=0.00016612686158623546 (15.7s/sample)
[1160/4329] acc=0.8129 pred=D gold=A loss=0.0002228072698926553 (15.7s/sample)
[1180/4329] acc=0.8119 pred=A gold=B loss=0.0005169868818484247 (15.7s/sample)
[1200/4329] acc=0.8075 pred=A gold=B loss=0.00020230267546139657 (15.7s/sample)
[1220/4329] acc=0.8074 pred=B gold=B loss=0.00021783832926303148 (15.7s/sample)
[1240/4329] acc=0.8081 pred=B gold=B loss=0.00018474820535629988 (15.7s/sample)
[1260/4329] acc=0.8087 pred=B gold=A loss=0.0005580002325586975 (15.7s/sample)
[1280/4329] acc=0.8078 pred=B gold=B loss=0.0003619461494963616 (15.7s/sample)
[1300/4329] acc=0.8069 pred=B gold=B loss=0.0002809403813444078 (15.7s/sample)
[1320/4329] acc=0.8076 pred=B gold=B loss=0.0001249771157745272 (15.7s/sample)
[1340/4329] acc=0.8067 pred=C gold=C loss=0.00014310395636130124 (15.7s/sample)
[1360/4329] acc=0.8074 pred=C gold=C loss=9.03287946130149e-05 (15.7s/sample)
[1380/4329] acc=0.8022 pred=B gold=B loss=0.00012181856436654925 (15.7s/sample)
[1400/4329] acc=0.7964 pred=B gold=D loss=0.0002615206758491695 (15.7s/sample)
[1420/4329] acc=0.7965 pred=C gold=C loss=0.00012617454922292382 (15.7s/sample)
[1440/4329] acc=0.7993 pred=A gold=A loss=0.00014775467570871115 (15.7s/sample)
[1460/4329] acc=0.8021 pred=D gold=D loss=0.00015193810395430773 (15.7s/sample)
[1480/4329] acc=0.8034 pred=B gold=B loss=0.00014028462464921176 (15.8s/sample)
Warning: TTA update failed at sample 1485 (index=1000167): CUDA out of memory. Tried to allocate 20.00 MiB. GPU 0 has a total capacity of 23.69 GiB of which 11.00 MiB is free. Process 3694631 has 17.29 GiB memory in use. Including non-PyTorch memory, this process has 6.38 GiB memory in use. Of the allocated memory 6.04 GiB is allocated by PyTorch, and 21.12 MiB is reserved by PyTorch but unallocated. If reserved but unallocated memory is large try setting PYTORCH_CUDA_ALLOC_CONF=expandable_segments:True to avoid fragmentation.  See documentation for Memory Management  (https://pytorch.org/docs/stable/notes/cuda.html#environment-variables)
[1500/4329] acc=0.8047 pred=B gold=B loss=0.00015998810704331845 (15.8s/sample)
[1520/4329] acc=0.8059 pred=B gold=B loss=0.0003087877994403243 (15.8s/sample)
[1540/4329] acc=0.8058 pred=C gold=C loss=0.0017132710199803114 (15.8s/sample)
[1560/4329] acc=0.8083 pred=B gold=B loss=0.0003874683170579374 (15.8s/sample)
[1580/4329] acc=0.8089 pred=D gold=C loss=9.768013842403889e-05 (15.8s/sample)
[1600/4329] acc=0.8094 pred=A gold=A loss=0.00012289815640542656 (15.8s/sample)
Warning: TTA update failed at sample 1616 (index=1000629): CUDA out of memory. Tried to allocate 2.00 MiB. GPU 0 has a total capacity of 23.69 GiB of which 3.00 MiB is free. Process 3694631 has 18.04 GiB memory in use. Including non-PyTorch memory, this process has 5.63 GiB memory in use. Of the allocated memory 5.28 GiB is allocated by PyTorch, and 38.55 MiB is reserved by PyTorch but unallocated. If reserved but unallocated memory is large try setting PYTORCH_CUDA_ALLOC_CONF=expandable_segments:True to avoid fragmentation.  See documentation for Memory Management  (https://pytorch.org/docs/stable/notes/cuda.html#environment-variables)
Warning: TTA update failed at sample 1617 (index=1000631): CUDA out of memory. Tried to allocate 2.00 MiB. GPU 0 has a total capacity of 23.69 GiB of which 3.00 MiB is free. Process 3694631 has 18.04 GiB memory in use. Including non-PyTorch memory, this process has 5.63 GiB memory in use. Of the allocated memory 5.28 GiB is allocated by PyTorch, and 39.33 MiB is reserved by PyTorch but unallocated. If reserved but unallocated memory is large try setting PYTORCH_CUDA_ALLOC_CONF=expandable_segments:True to avoid fragmentation.  See documentation for Memory Management  (https://pytorch.org/docs/stable/notes/cuda.html#environment-variables)
Warning: TTA update failed at sample 1618 (index=1000632): CUDA out of memory. Tried to allocate 20.00 MiB. GPU 0 has a total capacity of 23.69 GiB of which 13.00 MiB is free. Process 3694631 has 18.04 GiB memory in use. Including non-PyTorch memory, this process has 5.62 GiB memory in use. Of the allocated memory 5.30 GiB is allocated by PyTorch, and 11.52 MiB is reserved by PyTorch but unallocated. If reserved but unallocated memory is large try setting PYTORCH_CUDA_ALLOC_CONF=expandable_segments:True to avoid fragmentation.  See documentation for Memory Management  (https://pytorch.org/docs/stable/notes/cuda.html#environment-variables)
Warning: TTA update failed at sample 1619 (index=1000633): CUDA out of memory. Tried to allocate 20.00 MiB. GPU 0 has a total capacity of 23.69 GiB of which 13.00 MiB is free. Process 3694631 has 18.04 GiB memory in use. Including non-PyTorch memory, this process has 5.62 GiB memory in use. Of the allocated memory 5.29 GiB is allocated by PyTorch, and 19.27 MiB is reserved by PyTorch but unallocated. If reserved but unallocated memory is large try setting PYTORCH_CUDA_ALLOC_CONF=expandable_segments:True to avoid fragmentation.  See documentation for Memory Management  (https://pytorch.org/docs/stable/notes/cuda.html#environment-variables)
[1620/4329] acc=0.8093 pred=B gold=B loss=None (15.8s/sample)
Warning: TTA update failed at sample 1620 (index=1000634): CUDA out of memory. Tried to allocate 20.00 MiB. GPU 0 has a total capacity of 23.69 GiB of which 17.00 MiB is free. Process 3694631 has 18.04 GiB memory in use. Including non-PyTorch memory, this process has 5.62 GiB memory in use. Of the allocated memory 5.27 GiB is allocated by PyTorch, and 33.63 MiB is reserved by PyTorch but unallocated. If reserved but unallocated memory is large try setting PYTORCH_CUDA_ALLOC_CONF=expandable_segments:True to avoid fragmentation.  See documentation for Memory Management  (https://pytorch.org/docs/stable/notes/cuda.html#environment-variables)
Warning: TTA update failed at sample 1621 (index=1000635): CUDA out of memory. Tried to allocate 20.00 MiB. GPU 0 has a total capacity of 23.69 GiB of which 13.00 MiB is free. Process 3694631 has 18.04 GiB memory in use. Including non-PyTorch memory, this process has 5.62 GiB memory in use. Of the allocated memory 5.29 GiB is allocated by PyTorch, and 16.97 MiB is reserved by PyTorch but unallocated. If reserved but unallocated memory is large try setting PYTORCH_CUDA_ALLOC_CONF=expandable_segments:True to avoid fragmentation.  See documentation for Memory Management  (https://pytorch.org/docs/stable/notes/cuda.html#environment-variables)
Warning: TTA update failed at sample 1622 (index=1000637): CUDA out of memory. Tried to allocate 20.00 MiB. GPU 0 has a total capacity of 23.69 GiB of which 13.00 MiB is free. Process 3694631 has 18.04 GiB memory in use. Including non-PyTorch memory, this process has 5.62 GiB memory in use. Of the allocated memory 5.29 GiB is allocated by PyTorch, and 12.70 MiB is reserved by PyTorch but unallocated. If reserved but unallocated memory is large try setting PYTORCH_CUDA_ALLOC_CONF=expandable_segments:True to avoid fragmentation.  See documentation for Memory Management  (https://pytorch.org/docs/stable/notes/cuda.html#environment-variables)
[1640/4329] acc=0.8079 pred=C gold=A loss=0.00011223494948353618 (15.8s/sample)
[1660/4329] acc=0.8078 pred=B gold=B loss=0.00013795538689009845 (15.8s/sample)
[1680/4329] acc=0.8101 pred=A gold=A loss=9.262372623197734e-05 (15.8s/sample)
[1700/4329] acc=0.8094 pred=C gold=B loss=8.142576552927494e-05 (15.8s/sample)
[1720/4329] acc=0.8081 pred=C gold=C loss=9.0307294158265e-05 (15.8s/sample)
[1740/4329] acc=0.8057 pred=C gold=D loss=0.0001216995733557269 (15.8s/sample)
[1760/4329] acc=0.8063 pred=D gold=D loss=0.00019427514052949846 (15.8s/sample)
[1780/4329] acc=0.8079 pred=C gold=D loss=0.00010153748735319823 (15.8s/sample)
[1800/4329] acc=0.8089 pred=C gold=B loss=0.00012580273323692381 (15.8s/sample)
[1820/4329] acc=0.8088 pred=C gold=A loss=8.594040991738439e-05 (15.8s/sample)
[1840/4329] acc=0.8092 pred=C gold=C loss=8.385319961234927e-05 (15.8s/sample)
[1860/4329] acc=0.8108 pred=B gold=B loss=0.0001147301954915747 (15.8s/sample)
[1880/4329] acc=0.8128 pred=B gold=B loss=0.00012239966599736363 (15.8s/sample)
[1900/4329] acc=0.8147 pred=A gold=A loss=4.751150117954239e-05 (15.8s/sample)
[1920/4329] acc=0.8167 pred=D gold=D loss=9.310785389970988e-05 (15.8s/sample)
[1940/4329] acc=0.8175 pred=B gold=B loss=8.441238605882972e-05 (15.8s/sample)
[1960/4329] acc=0.8194 pred=A gold=A loss=8.049857569858432e-05 (15.7s/sample)
[1980/4329] acc=0.8212 pred=D gold=D loss=7.244502194225788e-05 (15.7s/sample)
[2000/4329] acc=0.8220 pred=C gold=D loss=0.00010923288209596649 (15.7s/sample)
[2020/4329] acc=0.8233 pred=A gold=A loss=8.132277434924617e-05 (15.7s/sample)
[2040/4329] acc=0.8211 pred=B gold=B loss=8.65370748215355e-05 (15.7s/sample)
[2060/4329] acc=0.8204 pred=C gold=C loss=8.473946945741773e-05 (15.7s/sample)
[2080/4329] acc=0.8216 pred=A gold=A loss=7.082848605932668e-05 (15.8s/sample)
[2100/4329] acc=0.8219 pred=A gold=A loss=0.0004369794041849673 (15.8s/sample)
[2120/4329] acc=0.8212 pred=B gold=B loss=0.0010027983225882053 (15.8s/sample)
[2140/4329] acc=0.8196 pred=A gold=A loss=5.63047215109691e-05 (15.8s/sample)
[2160/4329] acc=0.8190 pred=B gold=B loss=5.483061249833554e-05 (15.8s/sample)
[2180/4329] acc=0.8202 pred=C gold=C loss=5.0109767471440136e-05 (15.8s/sample)
[2200/4329] acc=0.8200 pred=B gold=B loss=6.4993801061064e-05 (15.8s/sample)
[2220/4329] acc=0.8216 pred=D gold=D loss=6.850912905065343e-05 (15.8s/sample)
[2240/4329] acc=0.8196 pred=A gold=D loss=6.749917520210147e-05 (15.8s/sample)
[2260/4329] acc=0.8164 pred=B gold=A loss=6.265909178182483e-05 (15.8s/sample)
[2280/4329] acc=0.8171 pred=A gold=A loss=9.238543134415522e-05 (15.8s/sample)
[2300/4329] acc=0.8187 pred=B gold=B loss=7.349511724896729e-05 (15.8s/sample)
[2320/4329] acc=0.8159 pred=C gold=C loss=5.46361188753508e-05 (15.8s/sample)
[2340/4329] acc=0.8162 pred=C gold=A loss=0.000175933659193106 (15.8s/sample)
[2360/4329] acc=0.8161 pred=B gold=B loss=7.473227742593735e-05 (15.8s/sample)
[2380/4329] acc=0.8155 pred=C gold=C loss=0.0001293720124522224 (15.8s/sample)
[2400/4329] acc=0.8158 pred=A gold=A loss=0.00021682321676053107 (15.8s/sample)
[2420/4329] acc=0.8157 pred=C gold=C loss=9.020842117024586e-05 (15.8s/sample)
[2440/4329] acc=0.8148 pred=A gold=B loss=5.994789898977615e-05 (15.8s/sample)
[2460/4329] acc=0.8114 pred=A gold=B loss=7.6891781645827e-05 (15.8s/sample)
[2480/4329] acc=0.8089 pred=B gold=D loss=0.00014223121979739517 (15.8s/sample)
[2500/4329] acc=0.8088 pred=C gold=C loss=3.473895776551217e-05 (15.8s/sample)
[2520/4329] acc=0.8103 pred=C gold=C loss=4.0242764953291044e-05 (15.8s/sample)
[2540/4329] acc=0.8118 pred=A gold=A loss=0.00012220529606565833 (15.8s/sample)
[2560/4329] acc=0.8117 pred=C gold=C loss=5.6435601436533034e-05 (15.8s/sample)
[2580/4329] acc=0.8128 pred=C gold=C loss=5.182673703529872e-05 (15.8s/sample)
[2600/4329] acc=0.8131 pred=C gold=C loss=0.0003256245399825275 (15.8s/sample)
[2620/4329] acc=0.8137 pred=A gold=A loss=8.190219523385167e-05 (15.8s/sample)
[2640/4329] acc=0.8133 pred=D gold=D loss=4.529628495220095e-05 (15.8s/sample)
[2660/4329] acc=0.8124 pred=D gold=D loss=4.175499634584412e-05 (15.8s/sample)
[2680/4329] acc=0.8131 pred=D gold=D loss=7.219365943456069e-05 (15.8s/sample)
[2700/4329] acc=0.8119 pred=A gold=B loss=3.9857361116446555e-05 (15.8s/sample)
[2720/4329] acc=0.8118 pred=B gold=C loss=3.7590267311315984e-05 (15.8s/sample)
[2740/4329] acc=0.8128 pred=C gold=C loss=5.137655170983635e-05 (15.8s/sample)
[2760/4329] acc=0.8141 pred=B gold=B loss=5.0104852562071756e-05 (15.8s/sample)
[2780/4329] acc=0.8126 pred=D gold=C loss=4.324364635976963e-05 (15.8s/sample)
[2800/4329] acc=0.8111 pred=D gold=D loss=4.120794255868532e-05 (15.9s/sample)
[2820/4329] acc=0.8106 pred=B gold=B loss=4.367828296381049e-05 (15.9s/sample)
[2840/4329] acc=0.8113 pred=C gold=C loss=3.5188972105970606e-05 (15.9s/sample)
[2860/4329] acc=0.8126 pred=D gold=D loss=4.0623723180033267e-05 (15.9s/sample)
[2880/4329] acc=0.8132 pred=B gold=B loss=3.9704274968244135e-05 (15.9s/sample)
[2900/4329] acc=0.8114 pred=D gold=A loss=4.163549965596758e-05 (15.9s/sample)
[2920/4329] acc=0.8123 pred=B gold=B loss=3.724755879375152e-05 (15.9s/sample)
[2940/4329] acc=0.8133 pred=A gold=A loss=3.4112938010366634e-05 (15.9s/sample)
[2960/4329] acc=0.8145 pred=B gold=B loss=4.26218357461039e-05 (15.9s/sample)
[2980/4329] acc=0.8154 pred=D gold=D loss=3.109460885752924e-05 (15.9s/sample)
[3000/4329] acc=0.8163 pred=C gold=C loss=3.984942304668948e-05 (15.9s/sample)
[3020/4329] acc=0.8172 pred=A gold=A loss=2.7981932362308726e-05 (15.9s/sample)
[3040/4329] acc=0.8184 pred=D gold=D loss=5.240735845291056e-05 (15.8s/sample)
[3060/4329] acc=0.8196 pred=D gold=D loss=3.496230419841595e-05 (15.8s/sample)
[3080/4329] acc=0.8201 pred=C gold=C loss=2.8314625524217263e-05 (15.9s/sample)
[3100/4329] acc=0.8200 pred=D gold=B loss=4.305179027142003e-05 (15.9s/sample)
[3120/4329] acc=0.8189 pred=D gold=D loss=3.840215867967345e-05 (15.9s/sample)
[3140/4329] acc=0.8188 pred=B gold=B loss=3.121958434348926e-05 (15.9s/sample)
[3160/4329] acc=0.8199 pred=D gold=D loss=3.3796859497670084e-05 (15.9s/sample)
[3180/4329] acc=0.8192 pred=A gold=C loss=0.003080322640016675 (15.9s/sample)
[3200/4329] acc=0.8181 pred=B gold=C loss=0.00012371448974590749 (15.9s/sample)
[3220/4329] acc=0.8174 pred=A gold=A loss=3.192856820533052e-05 (15.9s/sample)
[3240/4329] acc=0.8170 pred=A gold=A loss=2.8393535103532486e-05 (15.9s/sample)
[3260/4329] acc=0.8178 pred=D gold=D loss=6.86457206029445e-05 (15.9s/sample)
[3280/4329] acc=0.8180 pred=A gold=A loss=2.3074462660588324e-05 (15.9s/sample)
[3300/4329] acc=0.8191 pred=B gold=B loss=2.561336077633314e-05 (15.9s/sample)
[3320/4329] acc=0.8175 pred=C gold=C loss=2.36453051911667e-05 (15.9s/sample)
[3340/4329] acc=0.8156 pred=D gold=D loss=4.754905239678919e-05 (15.9s/sample)
[3360/4329] acc=0.8167 pred=C gold=C loss=2.8143002055003308e-05 (15.9s/sample)
[3380/4329] acc=0.8163 pred=B gold=D loss=3.439286956563592e-05 (15.9s/sample)
[3400/4329] acc=0.8147 pred=A gold=C loss=2.6210454961983487e-05 (15.9s/sample)
[3420/4329] acc=0.8149 pred=D gold=D loss=2.6655196052161045e-05 (15.9s/sample)
[3440/4329] acc=0.8160 pred=D gold=D loss=3.163193468935788e-05 (15.9s/sample)
[3460/4329] acc=0.8171 pred=B gold=B loss=2.7505866455612704e-05 (15.9s/sample)
[3480/4329] acc=0.8175 pred=D gold=D loss=4.823683775612153e-05 (15.9s/sample)
[3500/4329] acc=0.8180 pred=D gold=D loss=6.19345300947316e-05 (15.9s/sample)
[3520/4329] acc=0.8187 pred=D gold=D loss=6.388592737494037e-05 (15.9s/sample)
[3540/4329] acc=0.8186 pred=D gold=D loss=6.381424464052543e-05 (15.9s/sample)
[3560/4329] acc=0.8180 pred=D gold=D loss=3.8729922380298376e-05 (15.9s/sample)
[3580/4329] acc=0.8176 pred=A gold=A loss=1.9851022443617694e-05 (15.9s/sample)
[3600/4329] acc=0.8175 pred=B gold=B loss=2.095315903716255e-05 (15.9s/sample)
[3620/4329] acc=0.8174 pred=B gold=B loss=2.0337069145170972e-05 (15.9s/sample)
[3640/4329] acc=0.8170 pred=B gold=B loss=1.6026511730160564e-05 (15.9s/sample)
[3660/4329] acc=0.8169 pred=C gold=C loss=2.3711310859653167e-05 (15.9s/sample)
[3680/4329] acc=0.8179 pred=A gold=A loss=2.172156200686004e-05 (15.9s/sample)
[3700/4329] acc=0.8178 pred=D gold=B loss=2.13689127122052e-05 (15.9s/sample)
[3720/4329] acc=0.8164 pred=B gold=B loss=2.6933568733511493e-05 (15.9s/sample)
[3740/4329] acc=0.8160 pred=B gold=C loss=3.0017867175047286e-05 (15.9s/sample)
[3760/4329] acc=0.8165 pred=D gold=D loss=4.560052548185922e-05 (15.9s/sample)
[3780/4329] acc=0.8175 pred=A gold=A loss=1.8263293895870447e-05 (15.9s/sample)
[3800/4329] acc=0.8176 pred=D gold=D loss=1.8349759557168e-05 (15.9s/sample)
[3820/4329] acc=0.8175 pred=D gold=D loss=2.042328196694143e-05 (15.9s/sample)
[3840/4329] acc=0.8177 pred=D gold=D loss=2.0281211618566886e-05 (15.9s/sample)
[3860/4329] acc=0.8184 pred=D gold=D loss=2.37670901697129e-05 (15.9s/sample)
[3880/4329] acc=0.8193 pred=D gold=D loss=2.366024455113802e-05 (15.9s/sample)
[3900/4329] acc=0.8200 pred=B gold=B loss=1.774859265424311e-05 (15.9s/sample)
[3920/4329] acc=0.8209 pred=A gold=A loss=1.3789675904263277e-05 (15.9s/sample)
[3940/4329] acc=0.8211 pred=D gold=A loss=2.4384742573602125e-05 (15.9s/sample)
[3960/4329] acc=0.8220 pred=A gold=A loss=1.6887648598640226e-05 (15.9s/sample)
[3980/4329] acc=0.8229 pred=A gold=A loss=1.8805088984663598e-05 (15.8s/sample)
[4000/4329] acc=0.8235 pred=B gold=B loss=1.9079419871559367e-05 (15.8s/sample)
[4020/4329] acc=0.8241 pred=B gold=B loss=4.239110057824291e-05 (15.8s/sample)
[4040/4329] acc=0.8233 pred=D gold=C loss=2.1105832274770364e-05 (15.8s/sample)
[4060/4329] acc=0.8229 pred=D gold=D loss=2.140631477232091e-05 (15.8s/sample)
[4080/4329] acc=0.8238 pred=D gold=D loss=1.7368092812830582e-05 (15.8s/sample)
[4100/4329] acc=0.8244 pred=B gold=B loss=7.151023601181805e-05 (15.8s/sample)
[4120/4329] acc=0.8240 pred=C gold=C loss=0.00023653946118429303 (15.9s/sample)
[4140/4329] acc=0.8239 pred=B gold=B loss=1.4914987332304008e-05 (15.9s/sample)
[4160/4329] acc=0.8236 pred=B gold=C loss=1.3865588698536158e-05 (15.9s/sample)
[4180/4329] acc=0.8242 pred=B gold=B loss=1.3856855730409734e-05 (15.9s/sample)
[4200/4329] acc=0.8238 pred=C gold=C loss=1.425073787686415e-05 (15.9s/sample)
[4220/4329] acc=0.8246 pred=A gold=A loss=1.3478808796207886e-05 (15.9s/sample)
[4240/4329] acc=0.8241 pred=D gold=C loss=1.9398719814489596e-05 (15.9s/sample)
[4260/4329] acc=0.8223 pred=C gold=B loss=1.406163937645033e-05 (15.9s/sample)
[4280/4329] acc=0.8222 pred=C gold=C loss=2.55180275416933e-05 (15.9s/sample)
[4300/4329] acc=0.8228 pred=D gold=D loss=2.2651396648143418e-05 (15.9s/sample)
[4320/4329] acc=0.8213 pred=A gold=A loss=1.4335381820274051e-05 (15.9s/sample)
{
  "overall_acc": 0.8207438207438208,
  "correct": 3553,
  "total": 4329,
  "strategy": "come",
  "online_enabled": true,
  "model": "/home/jxy/TTL/Qwen3.5-2B",
  "dataset": "lmms-lab-encoder/MMBench/cn/dev",
  "enable_thinking": false,
  "max_new_tokens": 256,
  "elapsed_sec": 68732.5,
  "category_acc": {
    "action_recognition": 0.9534883720930233,
    "attribute_comparison": 0.851063829787234,
    "attribute_recognition": 0.8863636363636364,
    "celebrity_recognition": 0.9242424242424242,
    "function_reasoning": 0.8651315789473685,
    "future_prediction": 0.6307692307692307,
    "identity_reasoning": 0.9772727272727273,
    "image_emotion": 0.89,
    "image_quality": 0.62,
    "image_scene": 0.972972972972973,
    "image_style": 0.9245283018867925,
    "image_topic": 0.9357142857142857,
    "nature_relation": 0.6703910614525139,
    "object_localization": 0.692063492063492,
    "ocr": 0.9230769230769231,
    "physical_property_reasoning": 0.6027397260273972,
    "physical_relation": 0.6914893617021277,
    "social_relation": 0.9302325581395349,
    "spatial_relationship": 0.4971751412429379,
    "structuralized_imagetext_understanding": 0.6737588652482269
  },
  "l2_category_acc": {
    "attribute_reasoning": 0.8111587982832618,
    "coarse_perception": 0.8963029756537421,
    "finegrained_perception (cross-instance)": 0.774859287054409,
    "finegrained_perception (instance-level)": 0.8505747126436781,
    "logic_reasoning": 0.6601941747572816,
    "relation_reasoning": 0.7752808988764045
  }
}
Results saved to: /home/jxy/mmbench_cn_results/ttl_qwen35_2b/come.json (+ /home/jxy/mmbench_cn_results/ttl_qwen35_2b/come.jsonl)
===== [2026年 08月 29日 星期六 09:03:48 CST] come 结束，退出码 0 =====
===== [2026年 08月 29日 星期六 09:03:48 CST] 全部完成 =====
